date,open,high,low,close,volume,quote_asset_volume,number_of_trades,taker_buy_base_volume,taker_buy_quote_volume,trend,price_return,log_return,open_close_change,high_low_range,close_open_ratio,high_close_ratio,low_close_ratio,volume_change,volume_log,trades_change,taker_buy_ratio,trend_change,trend_pct_change,close_lag_1,price_return_lag_1,volume_lag_1,trend_lag_1,trend_change_lag_1,close_lag_2,price_return_lag_2,volume_lag_2,trend_lag_2,trend_change_lag_2,close_lag_3,price_return_lag_3,volume_lag_3,trend_lag_3,trend_change_lag_3,close_lag_5,price_return_lag_5,volume_lag_5,trend_lag_5,trend_change_lag_5,close_lag_7,price_return_lag_7,volume_lag_7,trend_lag_7,trend_change_lag_7,close_ma_3,volume_ma_3,trend_ma_3,close_ma_ratio_3,volume_ma_ratio_3,trend_ma_ratio_3,close_ma_7,volume_ma_7,trend_ma_7,close_ma_ratio_7,volume_ma_ratio_7,trend_ma_ratio_7,close_ma_14,volume_ma_14,trend_ma_14,close_ma_ratio_14,volume_ma_ratio_14,trend_ma_ratio_14,volatility_7,volatility_14,trend_volatility_7,trend_volatility_14,target
2025-08-28,111262.01,113485.9,110862.42,112566.9,11104.27744,1250788481.9453218,2066780,5139.46509,578866003.6838148,47.5714,0.011728082208833035,0.011659841291183425,0.011728082208833002,0.02366428587793768,1.011728082208833,1.0081640340099975,0.9848580710670721,-0.17086524012732018,9.315175719357287,-0.3357600331159031,0.4628365166279563,-0.857200000000006,-0.017700284542605083,111262.01,-0.004484570147495814,13392.60875,48.4286,-0.8570999999999955,111763.22,0.01499600679235824,18452.43877,49.2857,-0.8571999999999989,110111.98,-0.029795603434519924,25182.79379,50.1429,-0.8571000000000026,115438.05,-0.012809914210329953,11329.36197,52.5714,-1.5715000000000003,112500.0,-0.01550031311465605,10839.69235,55.7143,-1.571399999999997,111864.04333333333,14316.44165333333,48.42856666666666,1.0062831330400983,0.7756311036558841,0.9823003915732932,113081.67714285714,17680.793672857144,50.44898571428571,0.9954477404663284,0.6280417975267054,0.9429604842685496,114255.04928571428,15140.618972142856,55.34694285714286,0.9852247292678262,0.7334097410700778,0.8595126947262024,0.023353225754563018,0.018616310790403157,0.38180050512576047,0.32413883031608703,0
2025-08-29,112566.9,112638.64,107463.9,108377.4,22580.31045,2475492492.5775294,3606959,10616.35644,1164321513.1044571,46.7143,-0.03721786777462999,-0.037928131382763526,-0.03721786777463002,0.04815328682469188,0.96278213222537,1.0393185295089198,0.9915711209163534,1.033478591651615,10.024877871892091,0.7452070370334529,0.4701598972037162,-0.8570999999999955,-0.01801712793821486,112566.9,0.011728082208833035,11104.27744,47.5714,-0.857200000000006,111262.01,-0.004484570147495814,13392.60875,48.4286,-0.8570999999999955,111763.22,0.01499600679235824,18452.43877,49.2857,-0.8571999999999989,113493.59,-0.01684418612407268,21175.98462,51.0,-1.571399999999997,116935.99,0.03943102222222228,23128.09037,54.1429,-1.5714000000000041,110735.43666666665,15692.398879999999,47.57143333333334,0.9787056723877401,1.4389329905944885,0.9819821839857673,111859.02142857142,17602.53939857143,49.38775714285714,0.9688749160853812,1.2827870989928052,0.9458680187657844,113614.71714285715,15780.402665714284,54.09184285714286,0.9539028281320998,1.4309083822721278,0.8636108058542759,0.019629677908095326,0.020695286061285886,0.3485475946184189,0.34165967322423685,1
2025-08-30,108377.4,108926.15,107350.1,108816.33,10708.39159,1160666772.7387524,1411040,5797.17783,628457794.843401,45.8571,0.004050014117334522,0.004041834886721533,0.004050014117334496,0.014681402253001984,1.0040500141173345,1.0010092235237118,0.986525643715424,-0.5257642000223253,9.278876354171782,-0.6088006545125686,0.5413677470866566,-0.8571999999999989,-0.018349841483228824,108377.4,-0.03721786777462999,22580.31045,46.7143,-0.8570999999999955,112566.9,0.011728082208833035,11104.27744,47.5714,-0.857200000000006,111262.01,-0.004484570147495814,13392.60875,48.4286,-0.8570999999999955,110111.98,-0.029795603434519924,25182.79379,50.1429,-0.8571000000000026,115438.05,-0.012809914210329953,11329.36197,52.5714,-1.5715000000000003,109920.21,14797.659826666664,46.71426666666667,0.9899574427668942,0.723654396400068,0.9816508589809823,110913.06142857143,17513.829344285714,48.42857142857143,0.9810957212652386,0.6114249133924475,0.9469017699115044,113002.97928571429,16088.596267142857,52.857142857142854,0.9629509831317912,0.6655889309541162,0.8675667567567569,0.020339514539273407,0.020799009808974995,0.26996112947713646,0.35706002511967333,0
2025-08-31,108816.33,109480.02,108076.93,108246.35,9489.51596,1031806894.3513318,1366633,4573.61058,497406888.1691883,45.0,-0.005238000583184466,-0.005251767001620112,-0.00523800058318449,0.012982326570527227,0.9947619994168155,1.0113968738899741,0.9984348663950331,-0.11382434231656624,9.158048258935317,-0.03147111350493248,0.48196458062545894,-0.8571000000000026,-0.018690671673525006,108816.33,0.004050014117334522,10708.39159,45.8571,-0.8571999999999989,108377.4,-0.03721786777462999,22580.31045,46.7143,-0.8570999999999955,112566.9,0.011728082208833035,11104.27744,47.5714,-0.857200000000006,111763.22,0.01499600679235824,18452.43877,49.2857,-0.8571999999999989,113493.59,-0.01684418612407268,21175.98462,51.0,-1.571399999999997,108480.02666666667,14259.405999999997,45.85713333333334,0.9978459014636427,0.6654916733558188,0.9813086150173654,110163.45571428571,15844.333821428572,47.57142857142857,0.9825976254842821,0.5989217386448878,0.9459459459459459,112348.78928571429,16345.08727,51.642857142857146,0.9634847931001609,0.5805729760413816,0.871369294605809,0.019989750469497167,0.020741025202083357,5.345225170170419e-05,0.3706246615920476,1
2025-09-01,108246.36,109912.4,107255.0,109237.42,16053.60219,1742516638.781135,2729384,7532.99101,817730948.9844334,44.4286,0.009155689776144893,0.009114030534832748,0.009155596548465903,0.02477646729756183,1.009155596548466,1.0061790181423178,0.9818521894786604,0.6917198156016378,9.683750828265842,0.997159442220406,0.4692399201652324,-0.571399999999997,-0.012697777777777697,108246.35,-0.005238000583184466,9489.51596,45.0,-0.8571000000000026,108816.33,0.004050014117334522,10708.39159,45.8571,-0.8571999999999989,108377.4,-0.03721786777462999,22580.31045,46.7143,-0.8570999999999955,111262.01,-0.004484570147495814,13392.60875,48.4286,-0.8570999999999955,110111.98,-0.029795603434519924,25182.79379,50.1429,-0.8571000000000026,108766.7,12083.836579999997,45.09523333333334,1.0043277951799585,1.3285186442003343,0.9852172106881953,110038.51857142858,14540.163592857143,46.755100000000006,0.992719835001154,1.104086765425826,0.9502407224024758,111849.53,16224.206030714284,50.5,0.9766462138911088,0.9894846108098411,0.8797742574257427,0.017740508238854404,0.021056092051912924,0.10800335973610399,0.39223787663627335,1
2025-09-02,109237.43,111771.52,108393.39,111240.01,18510.28756,2042681451.9016385,2596328,9088.71727,1003032805.5367996,43.8571,0.018332454208457083,0.018166440657325495,0.01833236098652268,0.0311654612887373,1.0183323609865227,1.0047780470354148,0.9744101065794583,0.1530301636308331,9.82613596338605,-0.04874946141693515,0.49100897220205036,-0.5715000000000003,-0.012863335779205287,109237.42,0.009155689776144893,16053.60219,44.4286,-0.571399999999997,108246.35,-0.005238000583184466,9489.51596,45.0,-0.8571000000000026,108816.33,0.004050014117334522,10708.39159,45.8571,-0.8571999999999989,112566.9,0.011728082208833035,11104.27744,47.5714,-0.857200000000006,111763.22,0.01499600679235824,18452.43877,49.2857,-0.8571999999999989,109574.59333333332,14684.468569999997,44.428566666666676,1.0151989308470473,1.260535066132121,0.9871374048378782,109963.77428571429,14548.427705714284,45.97958571428571,1.0116059649877942,1.27232220102586,0.9538385202625639,111732.89214285715,16255.978410714286,49.42857142857143,0.9955887462196273,1.138675697785124,0.8872823699421966,0.018278608751036998,0.020579351244289577,0.139402456082758,0.399166717489884,1
2025-09-03,111240.01,112575.27,110528.71,111705.71,11773.72084,1313762617.3436644,2214249,5539.29462,618293676.5075179,43.2857,0.004186443348935365,0.004177704576073605,0.0041864433489354385,0.0185160941442273,1.0041864433489354,1.0077843827320914,0.989463385533291,-0.36393636231548643,9.373710210747957,-0.14716129857244542,0.4704795276936428,-0.5714000000000041,-0.01302867722672052,111240.01,0.018332454208457083,18510.28756,43.8571,-0.5715000000000003,109237.42,0.009155689776144893,16053.60219,44.4286,-0.571399999999997,108246.35,-0.005238000583184466,9489.51596,45.0,-0.8571000000000026,108377.4,-0.03721786777462999,22580.31045,46.7143,-0.8570999999999955,111262.01,-0.004484570147495814,13392.60875,48.4286,-0.8570999999999955,110727.71333333333,15445.870196666663,43.85713333333334,1.0088324470651944,0.7622568809713848,0.986970572632046,110027.16,14317.158004285713,45.244885714285715,1.0152557786641043,0.8223504159467712,0.956698184041006,111549.64,15980.076903571427,48.42857142857143,1.0013991080562878,0.7367749799357137,0.8938050147492624,0.018259343811190026,0.020288385973279012,0.1527219914310545,0.3922294716891356,0
2025-09-04,111705.72,112180.0,109329.12,110730.87,12203.13536,1349031325.5320847,2230255,6070.78151,670681185.82571,42.7143,-0.008726859173089796,-0.008765161209067217,-0.008726947912783748,0.026076126836107386,0.9912730520872163,1.0130869557874873,0.987340928505303,0.03647228652993961,9.409530137220479,0.007228635984480425,0.4974771917960598,-0.571399999999997,-0.013200664422661434,111705.71,0.004186443348935365,11773.72084,43.2857,-0.5714000000000041,111240.01,0.018332454208457083,18510.28756,43.8571,-0.5715000000000003,109237.42,0.009155689776144893,16053.60219,44.4286,-0.571399999999997,108816.33,0.004050014117334522,10708.39159,45.8571,-0.8571999999999989,112566.9,0.011728082208833035,11104.27744,47.5714,-0.857200000000006,111225.52999999998,14162.381253333331,43.2857,0.9955526397581563,0.861658441593486,0.9867993355773386,109764.87,14474.137707142858,44.55101428571429,1.0088006299283185,0.843099299378495,0.9587727840732181,111423.27357142858,16077.465689999999,47.5,0.9937858263427818,0.7590210792730978,0.8992484210526316,0.01783471624041946,0.020005818836785146,0.15271753571311317,0.37062762657742887,0
2025-09-05,110730.87,113384.62,110206.96,110659.99,21587.40888,2413132200.623325,2970419,10787.81127,1206066261.227201,42.1429,-0.0006401105671796081,-0.0006403155254173387,-0.000640110567179596,0.02883356913211279,0.9993598894328204,1.024621636058344,0.9959061084317828,0.7690051157475646,9.979911823711108,0.3318741578877751,0.4997270089229903,-0.5714000000000041,-0.013377253051086058,110730.87,-0.008726859173089796,12203.13536,42.7143,-0.571399999999997,111705.71,0.004186443348935365,11773.72084,43.2857,-0.5714000000000041,111240.01,0.018332454208457083,18510.28756,43.8571,-0.5715000000000003,108246.35,-0.005238000583184466,9489.51596,45.0,-0.8571000000000026,108377.4,-0.03721786777462999,22580.31045,46.7143,-0.8570999999999955,111032.19,15188.088359999996,42.7143,0.9966478189793428,1.4213381149963236,0.9866227469489139,110090.95428571428,14332.294625714285,43.89795714285714,1.0051687781069545,1.5062074457546353,0.9600196169232738,110974.98785714286,15967.417012142858,46.642857142857146,0.9971615418642952,1.3519662487416257,0.9035231240428789,0.00907486534557114,0.016309887867802724,0.13942197169197046,0.33150672046624585,0
2025-09-06,110660.0,111307.7,109977.0,110187.97,5000.29897,552785936.5434699,795201,2308.83297,255237426.946011,41.5714,-0.004265498307021387,-0.00427462149747006,-0.004265588288451101,0.012099802686016141,0.9957344117115489,1.0101619986283439,0.9980853626761614,-0.7683696548392797,8.51745295167562,-0.7322933229285161,0.4617389847791441,-0.5715000000000003,-0.013561003158301888,110659.99,-0.0006401105671796081,21587.40888,42.1429,-0.5714000000000041,110730.87,-0.008726859173089796,12203.13536,42.7143,-0.571399999999997,111705.71,0.004186443348935365,11773.72084,43.2857,-0.5714000000000041,109237.42,0.009155689776144893,16053.60219,44.4286,-0.571399999999997,108816.33,0.004050014117334522,10708.39159,45.8571,-0.8571999999999989,110526.27666666667,12930.281069999997,42.14286666666667,0.9969391290752789,0.386712318388915,0.9864397770757565,110286.90285714285,13516.852822857141,43.285714285714285,0.9991029500821961,0.3699307106121953,0.9603953795379537,110599.98214285714,15515.34108357143,45.857142857142854,0.9962747539839114,0.3222809568327579,0.9065414330218069,0.009453482599755135,0.01610570237736766,0.10797186141371944,0.2672530228860998,1
2025-09-07,110187.98,111600.0,110180.0,111137.34,5681.29944,630447950.1588689,874961,2570.85199,285303923.5404623,41.0,0.008615913334277803,0.008579008182539868,0.008615821798348609,0.012888001452169178,1.0086158217983485,1.0041629572923017,0.9913859734271129,0.1361919505385094,8.645111260779158,0.10030168473128187,0.45251126386677487,-0.571399999999997,-0.013745026628884216,110187.97,-0.004265498307021387,5000.29897,41.5714,-0.5715000000000003,110659.99,-0.0006401105671796081,21587.40888,42.1429,-0.5714000000000041,110730.87,-0.008726859173089796,12203.13536,42.7143,-0.571399999999997,111240.01,0.018332454208457083,18510.28756,43.8571,-0.5715000000000003,108246.35,-0.005238000583184466,9489.51596,45.0,-0.8571000000000026,110661.76666666666,10756.335763333329,41.57143333333333,1.0042975396802207,0.5281816749684092,0.9862541825596584,110699.90142857144,12972.82189142857,42.714285714285715,1.0039515714628782,0.4379385986755711,0.959866220735786,110431.67857142857,14408.577856428572,45.142857142857146,1.0063900271887563,0.3942998050612757,0.9082278481012658,0.009173390525718358,0.015882107308917825,4.87950079256509e-05,0.1482498714859642,1
2025-09-08,111137.35,112924.37,110621.78,112065.23,11582.40211,1295903862.4649603,1744598,5531.65969,618773275.3576307,40.8571,0.008349039125823854,0.008314378685943164,0.008348948395836234,0.020814978750115905,1.0083489483958363,1.007666427847424,0.987119555280438,1.0386889007209241,9.357328499861158,0.9939151573612994,0.47759174974801494,-0.14289999999999736,-0.0034853658536584398,111137.34,0.008615913334277803,5681.29944,41.0,-0.571399999999997,110187.97,-0.004265498307021387,5000.29897,41.5714,-0.5715000000000003,110659.99,-0.0006401105671796081,21587.40888,42.1429,-0.5714000000000041,111705.71,0.004186443348935365,11773.72084,43.2857,-0.5714000000000041,109237.42,0.009155689776144893,16053.60219,44.4286,-0.571399999999997,111130.18000000001,7421.333506666665,41.142833333333336,1.0084140059882922,1.56069015084626,0.9930550885735466,111103.87428571428,12334.079022857144,42.204071428571424,1.0086527649955168,0.9390569079811992,0.9680843249720323,110571.19642857143,13437.121307857144,44.47958571428571,1.0135119598926805,0.8619704953640163,0.9185584655047212,0.009099792362529845,0.013762624286610606,0.1619703823601883,0.20668921831347095,0
2025-09-09,112065.23,113293.29,110766.66,111546.39,15379.28248,1721465997.906366,2143242,7597.38038,849973176.1775683,40.7143,-0.0046298035528057335,-0.004640554288638579,-0.004629803552805777,0.022810383557651644,0.9953701964471943,1.0156607488597345,0.9930098141230748,0.32781458750442205,9.640841609600981,0.2285019242255235,0.4940009646015683,-0.14280000000000115,-0.003495108561302751,112065.23,0.008349039125823854,11582.40211,40.8571,-0.14289999999999736,111137.34,0.008615913334277803,5681.29944,41.0,-0.571399999999997,110187.97,-0.004265498307021387,5000.29897,41.5714,-0.5715000000000003,110730.87,-0.008726859173089796,12203.13536,42.7143,-0.571399999999997,111240.01,0.018332454208457083,18510.28756,43.8571,-0.5715000000000003,111582.98666666665,10880.994676666664,40.85713333333334,0.9996720228794738,1.4134077753920347,0.9965040784391791,111147.64285714286,11886.792582857144,41.755100000000006,1.0035875447522504,1.293812638926639,0.9750737035715397,110555.70857142856,13217.610144285714,43.86734285714285,1.0089609251423808,1.163544870223671,0.9281232312745507,0.006788122715852783,0.013255459920640977,0.2091207523121983,0.24054314090691364,1
2025-09-10,111546.38,114313.13,110917.45,113960.0,17517.41823,1978834750.2223115,2182534,8274.63998,934646697.4823325,40.5714,0.02163772399985331,0.02140695144426305,0.021637815588457423,0.030614479507056893,1.0216378155884573,1.0030987188487188,0.973301597051597,0.13902701590796185,9.771008076738767,0.01833297406452461,0.4723664110404699,-0.14290000000000447,-0.0035098233298866965,111546.39,-0.0046298035528057335,15379.28248,40.7143,-0.14280000000000115,112065.23,0.008349039125823854,11582.40211,40.8571,-0.14289999999999736,111137.34,0.008615913334277803,5681.29944,41.0,-0.571399999999997,110659.99,-0.0006401105671796081,21587.40888,42.1429,-0.5714000000000041,111705.71,0.004186443348935365,11773.72084,43.2857,-0.5714000000000041,112523.87333333334,14826.367606666667,40.71426666666667,1.012762861996515,1.181504377520176,0.9964909925104057,111469.68428571429,12707.32078142857,41.36734285714285,1.0223407443040984,1.3785296311714477,0.9807591495568969,110748.42214285715,13512.239392857142,43.30611428571429,1.0289988588099266,1.2964111810556052,0.9368515432330901,0.01056112608187127,0.014375358851755398,0.22907406995076873,0.2595982589386082,1
2025-09-11,113960.0,115488.09,113430.0,115482.69,13676.73119,1562241144.956541,2166359,6744.29993,770595422.6905212,40.4286,0.013361618111618068,0.013273138970620393,0.013361618111618132,0.01814414176143874,1.013361618111618,1.0000467602547187,0.9822251282854599,-0.21924960571087526,9.523524328737917,-0.007411110204926907,0.49312221146316176,-0.14279999999999404,-0.003519720788535574,113960.0,0.02163772399985331,17517.41823,40.5714,-0.14290000000000447,111546.39,-0.0046298035528057335,15379.28248,40.7143,-0.14280000000000115,112065.23,0.008349039125823854,11582.40211,40.8571,-0.14289999999999736,110187.97,-0.004265498307021387,5000.29897,41.5714,-0.5715000000000003,110730.87,-0.008726859173089796,12203.13536,42.7143,-0.571399999999997,113663.02666666667,15524.477299999999,40.57143333333334,1.016009281001022,0.8809785299502484,0.9964794605071056,112148.5157142857,12917.834471428572,41.04081428571429,1.0297299903122086,1.058747982895271,0.985082793887757,110956.69285714286,13695.986089285714,42.79591428571428,1.0407906636933058,0.9985941209957291,0.9446836380241908,0.009776935364957688,0.014468384152238816,0.2290874339219705,0.2670515507710665,1
2025-09-12,115482.69,116665.63,114740.99,116029.42,15324.10719,1772122269.5018637,2481491,7995.57276,924775389.8569396,40.2857,0.004734302604139096,0.004723131039401508,0.004734302604139165,0.016773778925909557,1.004734302604139,1.0054831783180507,0.9888956611176718,0.12045100376064344,9.637247755233458,0.14546619466118038,0.5217643456068777,-0.14290000000000447,-0.0035346264772958547,115482.69,0.013361618111618068,13676.73119,40.4286,-0.14279999999999404,113960.0,0.02163772399985331,17517.41823,40.5714,-0.14290000000000447,111546.39,-0.0046298035528057335,15379.28248,40.7143,-0.14280000000000115,111137.34,0.008615913334277803,5681.29944,41.0,-0.571399999999997,110659.99,-0.0006401105671796081,21587.40888,42.1429,-0.5714000000000041,115157.37,15506.085536666666,40.42856666666666,1.0075726807585133,0.988264069210998,0.9964661951079147,112915.57714285715,12023.077087142856,40.7755,1.0275767341932223,1.2745578423003854,0.987987884881853,111503.2657142857,13177.68585642857,42.33672857142857,1.040592123080162,1.1628830249071636,0.9515543916444046,0.009365333352479492,0.009077590001055293,0.2091305129065858,0.26388374146769605,0
2025-09-13,116029.41,116298.78,115127.27,115918.29,8269.40394,957724220.6497613,1223635,3590.09359,415773029.4393527,40.1429,-0.0009577743299932218,-0.0009582332889029288,-0.0009576882274934423,0.010175781984581017,0.9990423117725066,1.0032823983169525,0.9931760553058538,-0.46036634712420077,9.020438630839417,-0.5068952496704602,0.4341417611291582,-0.14280000000000115,-0.0035446821080433732,116029.42,0.004734302604139096,15324.10719,40.2857,-0.14290000000000447,115482.69,0.013361618111618068,13676.73119,40.4286,-0.14279999999999404,113960.0,0.02163772399985331,17517.41823,40.5714,-0.14290000000000447,112065.23,0.008349039125823854,11582.40211,40.8571,-0.14289999999999736,110187.97,-0.004265498307021387,5000.29897,41.5714,-0.5715000000000003,115810.13333333332,12423.414106666665,40.28573333333333,1.0009339136701914,0.6656305480119562,0.9964544934021308,113734.19428571429,12490.092082857143,40.57142857142857,1.0192035097975811,0.6620770996036044,0.989437676056338,112010.54857142856,13003.472452857142,41.92857142857143,1.0348872626588332,0.6359381288328899,0.9574115843270867,0.008777238461804315,0.009212304089573834,0.16197668262526513,0.24968902417048644,0
2025-09-14,115918.29,116165.19,115135.0,115268.01,6707.60197,775762364.9685991,1237218,3406.90777,393977059.3035421,40.0,-0.005609813602322822,-0.005625607702316823,-0.005609813602322799,0.008947670126373408,0.9943901863976772,1.0077834257744192,0.9988460805387376,-0.18886512030757086,8.811145858034257,0.011100532430013743,0.5079174025586971,-0.14289999999999736,-0.0035597826763885676,115918.29,-0.0009577743299932218,8269.40394,40.1429,-0.14280000000000115,116029.42,0.004734302604139096,15324.10719,40.2857,-0.14290000000000447,115482.69,0.013361618111618068,13676.73119,40.4286,-0.14279999999999404,111546.39,-0.0046298035528057335,15379.28248,40.7143,-0.14280000000000115,111137.34,0.008615913334277803,5681.29944,41.0,-0.571399999999997,115738.57333333332,10100.371033333333,40.14286666666666,0.9959342566632641,0.6640946107686058,0.9964410447352208,114324.29,12636.706730000002,40.42857142857143,1.008254763707695,0.5308030100972359,0.989399293286219,112512.09571428571,12804.764310714285,41.57142857142857,1.024494382299239,0.5238364258206195,0.9621993127147767,0.009985871273810608,0.009243224195990754,5.345225390850182e-05,0.22237480043416077,1
2025-09-15,115268.01,116757.99,114384.0,115349.71,13212.51149,1522648235.2235153,2857989,6621.3636,763138585.685025,40.2857,0.000708782948538822,0.0007085318805328954,0.0007087829485389021,0.020754563575325267,1.0007087829485388,1.01220878665408,0.9916279806858638,0.969781681902631,9.4889951827828,1.3100124634462156,0.5011434506612489,0.2856999999999985,0.007142500000000052,115268.01,-0.005609813602322822,6707.60197,40.0,-0.14289999999999736,115918.29,-0.0009577743299932218,8269.40394,40.1429,-0.14280000000000115,116029.42,0.004734302604139096,15324.10719,40.2857,-0.14290000000000447,113960.0,0.02163772399985331,17517.41823,40.5714,-0.14290000000000447,112065.23,0.008349039125823854,11582.40211,40.8571,-0.14289999999999736,115512.00333333334,9396.505799999999,40.14286666666666,0.9985950089285093,1.4061090123522302,1.003558124897242,114793.50142857143,12869.57949857143,40.34694285714286,1.0048452966806198,1.026646713007728,0.9984820942354988,112948.68785714285,12601.829260714285,41.275507142857144,1.0212576364401325,1.048459808227167,0.9760195037838939,0.01001066614236333,0.00919423138901086,0.16197668262526616,0.27142432060002997,1
2025-09-16,115349.71,116964.27,114737.11,116788.96,10926.9094,1265779287.5169268,2047058,5292.18365,613182568.9919184,40.5714,0.012477274541912609,0.01240007484979025,0.012477274541912588,0.019410982200963607,1.0124772745419126,1.0015010836640723,0.9824311304767163,-0.17298770878873992,9.299075291146629,-0.2837418198600484,0.48432575546018525,0.2856999999999985,0.007091846486470432,115349.71,0.000708782948538822,13212.51149,40.2857,0.2856999999999985,115268.01,-0.005609813602322822,6707.60197,40.0,-0.14289999999999736,115918.29,-0.0009577743299932218,8269.40394,40.1429,-0.14280000000000115,115482.69,0.013361618111618068,13676.73119,40.4286,-0.14279999999999404,111546.39,-0.0046298035528057335,15379.28248,40.7143,-0.14280000000000115,115802.22666666668,10282.340953333332,40.2857,1.0085208493975992,1.0626869357466415,1.0070918464864704,115542.43999999999,12233.52620142857,40.32652857142857,1.0107884167929986,0.8931937709606581,1.0060722169064886,113345.04142857144,12060.159392142858,41.04081428571428,1.0303843778962212,0.9060335808761231,0.9885622570145329,0.009581044125729212,0.008603134138566837,0.20911587241345045,0.29968957134979723,0
2025-09-17,116788.96,117286.73,114720.81,116447.59,16754.2454,1946083704.6217456,3227418,7975.0019,926282110.833079,40.8571,-0.0029229646363835293,-0.00292724484014056,-0.0029229646363835237,0.022366648213170727,0.9970770353636165,1.0072061602992384,0.9851711830189015,0.533301392615189,9.72646664643837,0.576612875648858,0.4759988713069704,0.2857000000000056,0.007041906367539763,116788.96,0.012477274541912609,10926.9094,40.5714,0.2856999999999985,115349.71,0.000708782948538822,13212.51149,40.2857,0.2856999999999985,115268.01,-0.005609813602322822,6707.60197,40.0,-0.14289999999999736,116029.42,0.004734302604139096,15324.10719,40.2857,-0.14290000000000447,113960.0,0.02163772399985331,17517.41823,40.5714,-0.14290000000000447,116195.42,13631.222096666665,40.571400000000004,1.002170223232551,1.2291080932572458,1.0070419063675398,115897.80999999998,12124.501511428572,40.36734285714285,1.0047436616791983,1.3818502463138318,1.012132508810163,113683.74714285714,12415.911146428572,40.867342857142866,1.0243116797836525,1.3494173083559273,0.9997493632708476,0.007418717797023227,0.008768821240434157,0.2290696140810448,0.312870586243362,1
2025-09-18,116447.6,117900.0,116092.76,117073.53,11657.23365,1367513347.4865093,2252654,5717.34538,670700552.9347277,41.1429,0.005375293726559649,0.005360898398273296,0.0053752073894180125,0.015567206774996178,1.005375207389418,1.007059409586437,0.9916226152914326,-0.3042221018202348,9.36376796043588,-0.3020259538739637,0.4904547297977509,0.2857999999999947,0.006995112232635048,116447.59,-0.0029229646363835293,16754.2454,40.8571,0.2857000000000056,116788.96,0.012477274541912609,10926.9094,40.5714,0.2856999999999985,115349.71,0.000708782948538822,13212.51149,40.2857,0.2856999999999985,115918.29,-0.0009577743299932218,8269.40394,40.1429,-0.14280000000000115,115482.69,0.013361618111618068,13676.73119,40.4286,-0.14279999999999404,116770.02666666666,13112.79615,40.85713333333334,1.002599154440546,0.8889967873099286,1.0069942906746596,116125.07285714286,11836.001862857142,40.46938571428571,1.008167548312533,0.9848962331259732,1.0166425626143503,114136.79428571428,12376.918167142856,40.75509999999999,1.0257299649308032,0.9418526884137111,1.009515373536073,0.006071756859006879,0.00810152452663724,0.22909188736649672,0.312882629048723,0
2025-09-19,117073.53,117459.99,115100.0,115632.38,8992.09065,1045792401.4532388,1732471,4020.81483,467345983.0786799,41.4286,-0.01230978514101344,-0.01238617811420754,-0.012309785141013465,0.02050382276281499,0.9876902148589866,1.0158053479483862,0.9953959262967691,-0.22862568256063054,9.104211855925982,-0.23092006140312715,0.44715016635202626,0.2857000000000056,0.0069440899887953655,117073.53,0.005375293726559649,11657.23365,41.1429,0.2857999999999947,116447.59,-0.0029229646363835293,16754.2454,40.8571,0.2857000000000056,116788.96,0.012477274541912609,10926.9094,40.5714,0.2856999999999985,115268.01,-0.005609813602322822,6707.60197,40.0,-0.14289999999999736,116029.42,0.004734302604139096,15324.10719,40.2857,-0.14290000000000447,116384.5,12467.856566666664,41.14286666666666,0.9935376274332064,0.7212218557310589,1.0069449057997906,116068.35285714285,10931.428071428572,40.63265714285715,0.9962438266210305,0.8225906616448942,1.0195887474044452,114491.96499999998,11477.252579285714,40.704078571428575,1.0099606553176026,0.7834706597142451,1.0177997255803253,0.007916666908504283,0.009149999569645703,0.20912075231219815,0.2997052864669975,1
2025-09-20,115632.39,116121.81,115408.47,115685.63,4674.92752,541264273.2416894,740451,2276.16483,263511469.8432588,41.7143,0.0004605111474831336,0.0004604051447670285,0.0004604246266984989,0.006181002139617625,1.0004604246266986,1.0037703904970738,0.9976041968220253,-0.48010671800778604,8.45018282204411,-0.5726041013096324,0.48688772612243625,0.2856999999999985,0.0068962021405503116,115632.38,-0.01230978514101344,8992.09065,41.4286,0.2857000000000056,117073.53,0.005375293726559649,11657.23365,41.1429,0.2857999999999947,116447.59,-0.0029229646363835293,16754.2454,40.8571,0.2857000000000056,115349.71,0.000708782948538822,13212.51149,40.2857,0.2856999999999985,115918.29,-0.0009577743299932218,8269.40394,40.1429,-0.14280000000000115,116130.51333333335,8441.417273333333,41.428599999999996,0.9961691090432333,0.5538083675555554,1.0068962021405503,116035.11571428573,10417.93144,40.857142857142854,0.9969881038844632,0.4487385568742042,1.0209793706293708,114884.655,11454.01176142857,40.714285714285715,1.0069719929088876,0.4081476095338785,1.0245617543859649,0.007920033490715149,0.00893879740835042,0.16200187682628414,0.27142084967327745,0
2025-09-21,115685.63,115819.06,115188.0,115232.29,4511.52219,521299751.1504096,945965,2016.72489,233031538.74699312,42.0,-0.003918723526854739,-0.003926421842189095,-0.003918723526854727,0.0054785220682709804,0.9960812764731453,1.0050920623030228,0.9996156459270228,-0.034953553675630133,8.41461152008057,0.2775524646465466,0.44701650686106903,0.2856999999999985,0.006848970257201881,115685.63,0.0004605111474831336,4674.92752,41.7143,0.2856999999999985,115632.38,-0.01230978514101344,8992.09065,41.4286,0.2857000000000056,117073.53,0.005375293726559649,11657.23365,41.1429,0.2857999999999947,116788.96,0.012477274541912609,10926.9094,40.5714,0.2856999999999985,115268.01,-0.005609813602322822,6707.60197,40.0,-0.14289999999999736,115516.76666666666,6059.513453333332,41.7143,0.9975373560490353,0.7445353863383563,1.0068489702572019,116030.01285714286,10104.205757142856,41.142857142857146,0.9931248576338173,0.4464994378019983,1.0208333333333333,115177.15142857144,11370.456243571429,40.785714285714285,1.0004787283827101,0.3967758279313287,1.0297723292469352,0.007753699473294531,0.009016605998128088,3.7796457388568876e-05,0.2223747994458297,0
2025-09-22,115232.29,115379.25,111800.0,112650.99,20781.71356,2348872511.6988754,3045876,9312.35777,1052684266.8981876,42.2857,-0.022400839209218093,-0.02265554900340918,-0.02240083920921808,0.03201475849731664,0.9775991607907819,1.0242186952817725,0.9924457832106047,3.60636403519496,9.941876841305772,2.219861199938687,0.4481034609159535,0.2856999999999985,0.006802380952380949,115232.29,-0.003918723526854739,4511.52219,42.0,0.2856999999999985,115685.63,0.0004605111474831336,4674.92752,41.7143,0.2856999999999985,115632.38,-0.01230978514101344,8992.09065,41.4286,0.2857000000000056,116447.59,-0.0029229646363835293,16754.2454,40.8571,0.2857000000000056,115349.71,0.000708782948538822,13212.51149,40.2857,0.2856999999999985,114522.97000000002,9989.387756666665,42.0,0.9836541088656712,2.080379104928709,1.006802380952381,115644.48142857142,11185.520338571429,41.42857142857143,0.9741147057637993,1.8579120980485526,1.0206893103448276,115218.99142857143,12027.549918571429,40.88775714285715,0.9777119952472121,1.7278426363387187,1.0341897661996622,0.011437256730725279,0.011034570522748912,3.7796457388568876e-05,0.22008938643646508,0
2025-09-23,112650.99,113290.5,111458.73,111998.8,12301.3203,1383869800.273703,2455729,5543.3609,623665658.7200328,42.5714,-0.005789474198140687,-0.005806298169945148,-0.005789474198140667,0.01643451347418012,0.9942105258018593,1.0115331592838495,0.9951778947631581,-0.4080699714927647,9.417543165846215,-0.19375279886640162,0.4506313765360617,0.2856999999999985,0.0067564212014936675,112650.99,-0.022400839209218093,20781.71356,42.2857,0.2856999999999985,115232.29,-0.003918723526854739,4511.52219,42.0,0.2856999999999985,115685.63,0.0004605111474831336,4674.92752,41.7143,0.2856999999999985,117073.53,0.005375293726559649,11657.23365,41.1429,0.2857999999999947,116788.96,0.012477274541912609,10926.9094,40.5714,0.2856999999999985,113294.02666666667,12531.51868333333,42.2857,0.9885675643740911,0.9816304480605779,1.0067564212014937,114960.17285714285,11381.864752857144,41.714285714285715,0.9742400104006207,1.080782505073437,1.0205472602739725,115251.30642857144,11807.695477142857,41.020407142857145,0.9717790059882122,1.0418053483690102,1.0378102745723947,0.00907143632136283,0.011079726953415624,3.7796457388568876e-05,0.2131049136711091,1
2025-09-24,111998.8,113940.0,111042.66,113307.0,12369.25967,1394470628.502582,2229837,6100.69487,687826281.220477,42.8571,0.011680482290881589,0.011612792050812145,0.011680482290881661,0.026092134320269314,1.0116804822908816,1.005586592178771,0.9800158860441103,0.005522933176530742,9.423050457082132,-0.09198571992267879,0.493214228883595,0.2857000000000056,0.0067110783295829535,111998.8,-0.005789474198140687,12301.3203,42.5714,0.2856999999999985,112650.99,-0.022400839209218093,20781.71356,42.2857,0.2856999999999985,115232.29,-0.003918723526854739,4511.52219,42.0,0.2856999999999985,115632.38,-0.01230978514101344,8992.09065,41.4286,0.2857000000000056,116447.59,-0.0029229646363835293,16754.2454,40.8571,0.2857000000000056,112652.26333333335,15150.764509999999,42.571400000000004,1.0058120151987475,0.816411585160332,1.0067110783295827,114511.51714285715,10755.43822,42.0,0.9894812576681307,1.1500470196555133,1.0204071428571428,115204.66357142858,11439.969865714287,41.18367142857143,0.9835278927727436,1.0812318402228316,1.0406333023108674,0.01128679163240685,0.00986032706774032,3.7796457388568876e-05,0.20091203052826528,0
2025-09-25,113307.01,113510.23,108631.51,108994.49,21231.14957,2356639689.9252143,4409953,9511.07937,1055527535.7684448,43.1429,-0.03806040226993912,-0.03880361851008345,-0.038060487166680944,0.044910726178803935,0.961939512833319,1.041430901690535,0.9966697399107055,0.716444648784708,9.963271801102564,0.9777019575870345,0.4479775971923502,0.2857999999999947,0.006668673335339825,113307.0,0.011680482290881589,12369.25967,42.8571,0.2857000000000056,111998.8,-0.005789474198140687,12301.3203,42.5714,0.2856999999999985,112650.99,-0.022400839209218093,20781.71356,42.2857,0.2856999999999985,115685.63,0.0004605111474831336,4674.92752,41.7143,0.2856999999999985,117073.53,0.005375293726559649,11657.23365,41.1429,0.2857999999999947,111433.43000000001,15300.576513333332,42.85713333333334,0.9781130312510348,1.3876045488546533,1.006667890370642,113357.36857142858,12123.140494285715,42.285714285714285,0.9615121749347997,1.751291225240471,1.0202712837837837,114741.22071428572,11979.571178571428,41.37755,0.9499157262010005,1.7722795961158795,1.0426644400163856,0.01623094683039208,0.013323145423090921,3.7796457388568876e-05,0.18249799652671692,1
2025-09-26,108994.49,110300.0,108620.07,109643.46,14243.01591,1557098915.9392595,3257155,6978.29033,762955442.7524,43.4286,0.0059541541962351285,0.0059364982695478945,0.005954154196235068,0.015466110452699883,1.0059541541962351,1.0059879540466892,0.9906662011578256,-0.32914532663244767,9.564092161358571,-0.2614082281602548,0.4899447121378663,0.2857000000000056,0.006622178852140337,108994.49,-0.03806040226993912,21231.14957,43.1429,0.2857999999999947,113307.0,0.011680482290881589,12369.25967,42.8571,0.2857000000000056,111998.8,-0.005789474198140687,12301.3203,42.5714,0.2856999999999985,115232.29,-0.003918723526854739,4511.52219,42.0,0.2856999999999985,115632.38,-0.01230978514101344,8992.09065,41.4286,0.2857000000000056,110648.31666666667,15947.808383333331,43.14286666666666,0.9909184640404983,0.8931017709546242,1.006622956595374,112501.80857142857,12873.272674285716,42.57142857142857,0.9745928655927893,1.1064020991686394,1.0201348993288593,114285.08071428572,11902.350372857141,41.60204285714286,0.9593855935938844,1.1966557414139527,1.0439054675543062,0.01724322886355045,0.013388756512842237,3.7796457388568876e-05,0.15562821310510322,0
2025-09-27,109643.46,109743.91,109064.4,109635.85,5501.78643,601947588.9970765,919594,2523.25886,276080500.9941954,43.7143,-6.940678449951498e-05,-6.94091932618392e-05,-6.940678449950943e-05,0.006230355643088023,0.9999305932155005,1.0009856265081176,0.9947877450669648,-0.6137204041078685,8.6130098665665,-0.7176695613196179,0.4586253741586985,0.2856999999999985,0.006578614093017077,109643.46,0.0059541541962351285,14243.01591,43.4286,0.2857000000000056,108994.49,-0.03806040226993912,21231.14957,43.1429,0.2857999999999947,113307.0,0.011680482290881589,12369.25967,42.8571,0.2857000000000056,112650.99,-0.022400839209218093,20781.71356,42.2857,0.2856999999999985,115685.63,0.0004605111474831336,4674.92752,41.7143,0.2856999999999985,109424.60000000002,13658.650636666665,43.428599999999996,1.00193055309318,0.4028060001205717,1.006578614093017,111637.55428571429,12991.395375714286,42.857142857142854,0.9820696153859542,0.4234946494111687,1.0200003333333334,113836.335,11704.663407857142,41.857142857142854,0.9631006655300348,0.4700508026832061,1.0443689419795223,0.017203885055137116,0.013406127518740759,3.7796457388568876e-05,0.11455228567709949,1
2025-09-28,109635.85,112350.0,109189.99,112163.95,7542.3316,832254944.3203354,1484866,3781.87606,417495757.16935,44.0,0.02305906325348861,0.022797220643522374,0.023059063253488627,0.02894047338954784,1.0230590632534886,1.0016587325963466,0.9734855985367848,0.3708877463642295,8.928419220175973,0.6146973555721329,0.5014200197721351,0.2856999999999985,0.0065356187792096065,109635.85,-6.940678449951498e-05,5501.78643,43.7143,0.2856999999999985,109643.46,0.0059541541962351285,14243.01591,43.4286,0.2857000000000056,108994.49,-0.03806040226993912,21231.14957,43.1429,0.2857999999999947,111998.8,-0.005789474198140687,12301.3203,42.5714,0.2856999999999985,115232.29,-0.003918723526854739,4511.52219,42.0,0.2856999999999985,110481.08666666667,9095.711313333331,43.7143,1.0152321395825035,0.8292184459442722,1.0065356187792096,111199.22,13424.36814857143,43.142857142857146,1.0086756903510654,0.5618388527882131,1.019867549668874,113614.61642857143,11764.286952857145,42.142857142857146,0.9872316918881343,0.6411210156828269,1.0440677966101695,0.020791442324811813,0.015193263668941148,3.7796457388568876e-05,3.631367755346944e-05,1
2025-09-29,112163.96,114400.0,111560.65,114311.96,15541.12005,1755247635.871136,2442653,7836.68768,884934987.568753,46.0,0.01915062727373651,0.01896956203457031,0.019150536411160945,0.025451178350072413,1.019150536411161,1.0007701731297407,0.9759315648161399,1.0605193293278168,9.65130903997047,0.6450326157377164,0.5042550121733343,2.0,0.045454545454545414,112163.95,0.02305906325348861,7542.3316,44.0,0.2856999999999985,109635.85,-6.940678449951498e-05,5501.78643,43.7143,0.2856999999999985,109643.46,0.0059541541962351285,14243.01591,43.4286,0.2857000000000056,113307.0,0.011680482290881589,12369.25967,42.8571,0.2857000000000056,112650.99,-0.022400839209218093,20781.71356,42.2857,0.2856999999999985,112037.25333333334,9528.412693333332,44.57143333333334,1.0203031277453667,1.6310292753034858,1.0320511717894045,111436.50142857143,12675.711932857143,43.673471428571425,1.0258035610824672,1.2260550044305862,1.0532709788191132,113540.49142857143,11930.616135714286,42.551021428571424,1.0067946559128107,1.302625101102505,1.0810551299507165,0.02047860679453918,0.01619749531488459,0.647938197743611,0.4581618367197072,0
2025-09-30,114311.97,114792.0,112656.27,114048.93,15044.15633,1710713267.1300955,3018331,7185.72154,817044461.2701814,48.0,-0.002300984079006363,-0.0023036354107678868,-0.0023010713576190503,0.018957932834097878,0.997698928642381,1.0065153614330271,0.9877889253323114,-0.03197734258542062,9.618811379837679,0.23567735572756354,0.47764204135998894,2.0,0.04347826086956519,114311.96,0.01915062727373651,15541.12005,46.0,2.0,112163.95,0.02305906325348861,7542.3316,44.0,0.2856999999999985,109635.85,-6.940678449951498e-05,5501.78643,43.7143,0.2856999999999985,108994.49,-0.03806040226993912,21231.14957,43.1429,0.2857999999999947,111998.8,-0.005789474198140687,12301.3203,42.5714,0.2856999999999985,113508.28000000001,12709.202659999997,46.0,1.004763088648687,1.1837214916203094,1.0434782608695652,111729.37714285715,13067.545651428572,44.44898571428572,1.020760456349605,1.1512610501846872,1.0798896584174023,113344.775,12224.705202142857,43.08163571428572,1.0062125051640007,1.230635510733046,1.1141638241948963,0.02029123518093711,0.01576079826794951,0.8364829893240937,0.6225188843068806,1
2025-10-01,114048.94,118649.1,113966.67,118594.99,20036.39516,2332096981.265933,3430343,10071.04092,1172422657.4065175,50.0,0.03986061070454605,0.03908667600199795,0.03986051952784483,0.04108595960555843,1.0398605195278448,1.0004562587340324,0.9609737308464716,0.33183906897090854,9.905355564714476,0.13650325295668364,0.5026373676291579,2.0,0.04166666666666674,114048.93,-0.002300984079006363,15044.15633,48.0,2.0,114311.96,0.01915062727373651,15541.12005,46.0,2.0,112163.95,0.02305906325348861,7542.3316,44.0,0.2856999999999985,109643.46,0.0059541541962351285,14243.01591,43.4286,0.2857000000000056,113307.0,0.011680482290881589,12369.25967,42.8571,0.2857000000000056,115651.96,16873.890513333332,48.0,1.0254472989476355,1.1874200051356107,1.0416666666666667,112484.8042857143,14162.850721428573,45.4694,1.0543200990843677,1.4147148447794256,1.0996406374396848,113498.16071428571,12459.144470714284,43.7347,1.0449067126166458,1.6081678165861506,1.1432569561469497,0.024674841823461066,0.019243066410040855,0.9163185316409207,0.7299674509151809,1
2025-10-02,118594.99,121022.07,118279.31,120529.35,19670.83503,2349861127.34458,3472073,9753.07848,1164986423.9898076,52.0,0.01631063841735636,0.01617904889913795,0.01631063841735642,0.023188840043114976,1.0163106384173564,1.0040879669557663,0.9813320158119163,-0.018244805369470596,9.88694319782996,0.012164964261591305,0.49581415659912637,2.0,0.040000000000000036,118594.99,0.03986061070454605,20036.39516,50.0,2.0,114048.93,-0.002300984079006363,15044.15633,48.0,2.0,114311.96,0.01915062727373651,15541.12005,46.0,2.0,109635.85,-6.940678449951498e-05,5501.78643,43.7143,0.2856999999999985,108994.49,-0.03806040226993912,21231.14957,43.1429,0.2857999999999947,117724.42333333334,18250.46217333333,50.0,1.0238262085916072,1.0778266787534865,1.04,114132.64142857144,13939.948644285714,46.73470000000001,1.0560462676703393,1.4111124461038456,1.1126636096947233,113745.005,13031.544569285716,44.51020714285715,1.0596452125524105,1.509478398774198,1.1682713547727173,0.014769711097050497,0.019631452267848033,0.9163318940209383,0.8036715483562704,1
2025-10-03,120529.35,123894.99,119248.3,122232.0,23936.328,2907381076.6813188,4246820,11288.62355,1372792607.6136215,54.0,0.014126434764644369,0.014027586512955888,0.014126434764644414,0.03896650937581502,1.0141264347646444,1.0136051934027097,0.975589861901957,0.21684351292127135,10.083194360518597,0.22313672552391606,0.4716104972324911,2.0,0.03846153846153855,120529.35,0.01631063841735636,19670.83503,52.0,2.0,118594.99,0.03986061070454605,20036.39516,50.0,2.0,114048.93,-0.002300984079006363,15044.15633,48.0,2.0,112163.95,0.02305906325348861,7542.3316,44.0,0.2856999999999985,109643.46,0.0059541541962351285,14243.01591,43.4286,0.2857000000000056,120452.11333333333,21214.519396666667,52.0,1.0147767159696162,1.1282993289850818,1.0384615384615385,115931.00428571428,15324.707514285712,48.244899999999994,1.054351256189904,1.5619435462429887,1.1192892927542601,114216.40642857143,14098.990094285715,45.408164285714285,1.0701790033679737,1.6977335142395296,1.1892134564221695,0.01429072153597713,0.019392278615697076,0.8364927475278365,0.8524218499837235,1
2025-10-04,122232.21,122800.0,121510.0,122391.0,8208.16678,1002272903.3446472,1703590,3767.80335,460154433.12366194,56.0,0.0013008050265068682,0.001299959712627995,0.0012990847502470388,0.010616410172002304,1.001299084750247,1.0033417489848109,0.9928017582992213,-0.6570832928091561,9.01300670886743,-0.5988551433778686,0.45903104200814016,2.0,0.03703703703703698,122232.0,0.014126434764644369,23936.328,54.0,2.0,120529.35,0.01631063841735636,19670.83503,52.0,2.0,118594.99,0.03986061070454605,20036.39516,50.0,2.0,114311.96,0.01915062727373651,15541.12005,46.0,2.0,109635.85,-6.940678449951498e-05,5501.78643,43.7143,0.2856999999999985,121717.45,17271.776603333332,54.0,1.0055337176386787,0.4752358120713466,1.037037037037037,117753.16857142858,15711.333278571428,50.0,1.039386043576043,0.522436042471014,1.12,114695.36142857143,14351.364327142857,46.42857142857143,1.0670963365525568,0.5719433074718774,1.2061538461538461,0.014045461720794421,0.01938128704164004,0.6479444960797196,0.8803767877486303,1
2025-10-05,122390.99,125708.42,122136.0,123482.31,22043.097553,2730817470.939564,3690670,11780.672403,1459478400.9109964,58.0,0.008916587003946264,0.008877068978927581,0.008916669437840093,0.02924952511953886,1.0089166694378402,1.0180277644627802,0.989097142740527,1.6855079999970468,10.000800160369854,1.166407410233683,0.5344381557389917,2.0,0.03571428571428581,122391.0,0.0013008050265068682,8208.16678,56.0,2.0,122232.0,0.014126434764644369,23936.328,54.0,2.0,120529.35,0.01631063841735636,19670.83503,52.0,2.0,114048.93,-0.002300984079006363,15044.15633,48.0,2.0,112163.95,0.02305906325348861,7542.3316,44.0,0.2856999999999985,122701.77,18062.530777666663,56.0,1.0063612774290052,1.2203770238141318,1.0357142857142858,119370.07714285713,17782.87127185714,52.0,1.034449444580835,1.239569089603939,1.1153846153846154,115284.64857142858,15603.619710214285,47.57142857142857,1.0711080055337314,1.4126912833289809,1.2192192192192193,0.013865005415517134,0.019270587206747812,0.0,0.8894991803639479,1
2025-10-06,123482.32,126199.63,123084.0,124658.54,19494.628793,2428828952.2653184,4206167,9963.008153,1241625129.7177184,58.2857,0.009525493975614863,0.009480412513902298,0.009525412220955895,0.025313038250300644,1.0095254122209558,1.0123624903676878,0.9873691766324233,-0.11561300556205911,9.877945554961691,0.13967572283623308,0.5110642658955091,0.2856999999999985,0.004925862068965392,123482.31,0.008916587003946264,22043.097553,58.0,2.0,122391.0,0.0013008050265068682,8208.16678,56.0,2.0,122232.0,0.014126434764644369,23936.328,54.0,2.0,118594.99,0.03986061070454605,20036.39516,50.0,2.0,114311.96,0.01915062727373651,15541.12005,46.0,2.0,123510.61666666665,16581.964375333333,57.42856666666666,1.0092941268071827,1.1756525554957427,1.0149252085344287,120848.16,18347.658235142855,53.755100000000006,1.0315303104325295,1.0625131852336476,1.0842822355460224,116142.33071428571,15511.685083999999,48.714285714285715,1.0733256275583487,1.2567705370133082,1.1964806451612902,0.01373523877764366,0.017577435987706887,0.6479444960797188,0.8894991803639479,0
2025-10-07,124658.54,125126.0,120574.94,121332.95,21633.99385,2657405799.8705487,4390785,9699.35099,1191947741.6989057,58.5714,-0.02667759465175834,-0.027039899832890336,-0.02667759465175829,0.037744659047725816,0.9733224053482417,1.0312614998646288,0.9937526450976425,0.10974125641049337,9.982067368397331,0.043892218259522275,0.44833843705654935,0.2856999999999985,0.004901716887675711,124658.54,0.009525493975614863,19494.628793,58.2857,0.2856999999999985,123482.31,0.008916587003946264,22043.097553,58.0,2.0,122391.0,0.0013008050265068682,8208.16678,56.0,2.0,120529.35,0.01631063841735636,19670.83503,52.0,2.0,114048.93,-0.002300984079006363,15044.15633,48.0,2.0,123157.93333333333,21057.24006533333,58.2857,0.9851817639031509,1.0273898090574642,1.0049017168876757,121888.7342857143,19289.063595142856,55.2653,0.995440232528697,1.1215678637426243,1.059822347838517,116809.05571428571,16178.304623285714,49.857142857142854,1.0387289688975803,1.3372225553759085,1.1747845272206303,0.019851682145220973,0.019558411833199823,0.836492747527836,0.8894991803639479,1
2025-10-08,121332.96,124197.25,121066.14,123306.0,17012.618,2084842842.4416168,4184997,9039.06222,1107976264.6948595,58.8571,0.016261452474369165,0.01613065116385741,0.016261368716299292,0.025862805240176985,1.0162613687162994,1.0072279532220654,0.9818349472045156,-0.21361639843491043,9.741769361185506,-0.046868156833003716,0.5313151814729514,0.2857000000000056,0.004877807257467115,121332.95,-0.02667759465175834,21633.99385,58.5714,0.2856999999999985,124658.54,0.009525493975614863,19494.628793,58.2857,0.2856999999999985,123482.31,0.008916587003946264,22043.097553,58.0,2.0,122232.0,0.014126434764644369,23936.328,54.0,2.0,118594.99,0.03986061070454605,20036.39516,50.0,2.0,123099.16333333333,19380.413547666667,58.571400000000004,1.0016802442930224,0.8778253342302006,1.004877807257467,122561.7357142857,18857.09542942857,56.53059999999999,1.0060725664611123,0.9021865569736651,1.0411547020551704,117523.27,16509.97307542857,51.0,1.049204978724639,1.030444926970808,1.1540607843137256,0.015208410323424685,0.019700137476198136,0.9163318940209377,0.8894991803639479,0
2025-10-09,123306.01,123762.94,119651.47,121662.4,21559.36007,2621438087.566733,4231167,10144.15364,1233882833.5642388,59.1429,-0.013329440578722873,-0.013419074980521103,-0.013329520596765726,0.03436205171570396,0.9866704794032343,1.0172653177974462,0.9834712285800709,0.26725704826852636,9.978611725718356,0.011032265972950484,0.4705220195341355,0.2857999999999947,0.004855828778516091,123306.0,0.016261452474369165,17012.618,58.8571,0.2857000000000056,121332.95,-0.02667759465175834,21633.99385,58.5714,0.2856999999999985,124658.54,0.009525493975614863,19494.628793,58.2857,0.2856999999999985,122391.0,0.0013008050265068682,8208.16678,56.0,2.0,120529.35,0.01631063841735636,19670.83503,52.0,2.0,122100.45,20068.657306666664,58.85713333333334,0.9964123801345531,1.0742801444338848,1.004855259685317,122723.59999999999,19126.884720857142,57.55101428571429,0.9913529264135016,1.127175720701152,1.0276604284745137,118428.12071428572,16533.416682571427,52.142857142857146,1.0273100617168212,1.303986978851542,1.1342473972602738,0.01586742077605768,0.01622438693469171,0.9163185316409203,0.8894991803639479,0
2025-10-10,121662.41,122550.0,102000.0,112774.5,64171.93927,7349750905.041157,11404522,30502.14297,3493298452.846008,59.4286,-0.07305379476321361,-0.07585974612842505,-0.07305387095323858,0.20147058823529412,0.9269461290467614,1.0866818296689411,0.9044597847917747,1.9765233783212195,11.069336894121314,1.6953608779799993,0.47531901508638946,0.2857000000000056,0.00483067282801497,121662.4,-0.013329440578722873,21559.36007,59.1429,0.2857999999999947,123306.0,0.016261452474369165,17012.618,58.8571,0.2857000000000056,121332.95,-0.02667759465175834,21633.99385,58.5714,0.2856999999999985,123482.31,0.008916587003946264,22043.097553,58.0,2.0,122232.0,0.014126434764644369,23936.328,54.0,2.0,119247.63333333335,34247.97244666667,59.14286666666666,0.9457168821519587,1.8737441864604694,1.0048312391576106,121372.52857142857,24874.829188,58.32652857142857,0.9291600111439668,2.5797941680322185,1.018894857204159,118651.76642857143,20099.768351142855,53.285714285714285,0.9504662542709842,3.192670589477278,1.1152820375335122,0.0311296996243998,0.02709336345152503,0.8364829893240932,0.8894991803639479,0
2025-10-11,112774.49,113322.39,109561.59,110644.4,35448.51652,3961069473.231136,6661929,15375.94796,1718429599.5669522,59.7143,-0.01888813517240162,-0.019068794493195606,-0.01888804817472472,0.03432589833718188,0.9811119518252753,1.0242035746951497,0.9902136032189609,-0.4476009775728881,10.475864893503378,-0.415851975207729,0.4337543420561736,0.2856999999999985,0.004807449611803127,112774.5,-0.07305379476321361,64171.93927,59.4286,0.2857000000000056,121662.4,-0.013329440578722873,21559.36007,59.1429,0.2857999999999947,123306.0,0.016261452474369165,17012.618,58.8571,0.2857000000000056,124658.54,0.009525493975614863,19494.628793,58.2857,0.2856999999999985,122391.0,0.0013008050265068682,8208.16678,56.0,2.0,115027.09999999999,40393.27195333334,59.428599999999996,0.9618985439083486,0.877584676996554,1.0048074496118031,119694.44285714286,28766.307722285714,58.857142857142854,0.9243904508754494,1.2322928914696087,1.0145633495145632,118723.8057142857,22238.820500428574,54.42857142857143,0.9319478880779044,1.5939926543908591,1.0971131233595801,0.030731928540777727,0.027683719891541565,0.6479381977436104,0.8894991803639479,1
2025-10-12,110644.4,115770.0,109565.06,114958.8,32255.30272,3638546528.740156,6048575,16915.44533,1907676479.1772509,60.0,0.03899338782622541,0.0382523481182313,0.038993387826225356,0.05663247024188188,1.0389933878262254,1.0070564410901992,0.9530811038389405,-0.0900803224924347,10.381468736307637,-0.09206852849977831,0.5244237041220365,0.2856999999999985,0.004784448616160564,110644.4,-0.01888813517240162,35448.51652,59.7143,0.2856999999999985,112774.5,-0.07305379476321361,64171.93927,59.4286,0.2857000000000056,121662.4,-0.013329440578722873,21559.36007,59.1429,0.2857999999999947,121332.95,-0.02667759465175834,21633.99385,58.5714,0.2856999999999985,123482.31,0.008916587003946264,22043.097553,58.0,2.0,112792.56666666667,43958.58617,59.7143,1.0192054618256463,0.7337656992711237,1.0047844486161606,118476.79857142856,30225.19417471429,59.142857142857146,0.9703064345606234,1.0671661043284233,1.0144927536231882,118923.43785714285,24004.032723285716,55.57142857142857,0.9666622666769407,1.3437451569839733,1.0796915167095116,0.036088139636875335,0.028957810146460775,3.779644882125377e-05,0.8894991803639479,1
2025-10-13,114958.81,115963.81,113616.5,115166.0,22557.24033,2591831660.985749,5739352,10710.89723,1230950583.8424664,58.1429,0.0018023848543999854,0.001800762507920933,0.001802297709936301,0.020659939357399654,1.0018022977099363,1.0069274785961133,0.986545508222913,-0.3006656757862851,10.023855703013133,-0.051123281103400364,0.4748318975772512,-1.8571000000000026,-0.03095166666666671,114958.8,0.03899338782622541,32255.30272,60.0,0.2856999999999985,110644.4,-0.01888813517240162,35448.51652,59.7143,0.2856999999999985,112774.5,-0.07305379476321361,64171.93927,59.4286,0.2857000000000056,123306.0,0.016261452474369165,17012.618,58.8571,0.2857000000000056,124658.54,0.009525493975614863,19494.628793,58.2857,0.2856999999999985,113589.73333333334,30087.019856666666,59.28573333333333,1.0138768409821075,0.7497332882240173,0.9807232993660082,117120.72142857141,30662.710108571428,59.12245714285715,0.9833101998969197,0.7356570978275782,0.983431724759168,118984.44071428571,24505.184171857145,56.438778571428564,0.9679080668752746,0.9205089083111544,1.0301941585503078,0.03551971541286023,0.02854288593183393,0.8099085730294924,1.1598443090147272,0
2025-10-14,115166.0,115409.96,109866.0,113028.14,31870.32974,3578140778.808499,7425642,14944.19197,1677011392.6343808,56.2857,-0.018563291249153346,-0.01873775155179968,-0.018563291249153402,0.05046110716691248,0.9814367087508467,1.0210728054093432,0.9720234270863876,0.4128647509072312,10.36946213041922,0.29381191465517364,0.4689060983025775,-1.8571999999999989,-0.03194199119754948,115166.0,0.0018023848543999854,22557.24033,58.1429,-1.8571000000000026,114958.8,0.03899338782622541,32255.30272,60.0,0.2856999999999985,110644.4,-0.01888813517240162,35448.51652,59.7143,0.2856999999999985,121662.4,-0.013329440578722873,21559.36007,59.1429,0.2857999999999947,121332.95,-0.02667759465175834,21633.99385,58.5714,0.2856999999999985,114384.31333333334,28894.29093,58.14286666666666,0.98814371224679,1.1029974681576311,0.9680585637905711,115934.31999999999,32125.043807142854,58.795928571428576,0.9749325307639706,0.9920711682551474,0.9573060816893297,118911.52714285716,25707.053701142857,57.030614285714286,0.9505229872643969,1.2397503856532242,0.9869383436414978,0.03504050936229946,0.029011020977723005,1.0456134956956868,1.3175054415927006,0
2025-10-15,113028.13,113612.35,110164.0,110763.28,22986.48811,2569639641.352769,5243141,10499.31831,1173678794.920774,54.4286,-0.020038018850880857,-0.020241502815851853,-0.02003793215016479,0.031301967975019114,0.9799620678498352,1.025722152684536,0.9945895426715424,-0.2787495988423998,10.042705351674813,-0.29391411543944623,0.45676043507630887,-1.8570999999999955,-0.032994170810703216,113028.14,-0.018563291249153346,31870.32974,56.2857,-1.8571999999999989,115166.0,0.0018023848543999854,22557.24033,58.1429,-1.8571000000000026,114958.8,0.03899338782622541,32255.30272,60.0,0.2856999999999985,112774.5,-0.07305379476321361,64171.93927,59.4286,0.2857000000000056,123306.0,0.016261452474369165,17012.618,58.8571,0.2857000000000056,112985.80666666669,25804.686059999996,56.28573333333333,0.9803291516674866,0.8907873576354605,0.9670052565126036,114142.50285714286,32978.45382285714,58.16328571428572,0.9703947016005757,0.6970153371492578,0.9357896365650398,118352.11928571427,25917.77462614286,57.34694285714285,0.9358791432589895,0.8869005322244713,0.9491107509529716,0.03322475951347233,0.026987850889291787,1.1454059598487958,1.4010262318021753,0
2025-10-16,110763.28,111982.45,107427.0,108194.28,29857.17252,3277596494.7619195,6127094,13126.95119,1441416875.126377,52.5714,-0.023193607123227156,-0.023466811492917763,-0.02319360712322712,0.04240507507423643,0.9768063928767728,1.0350126642554487,0.9929083127130196,0.29890100554381727,10.304213867612784,0.1685922617759088,0.43965821549936906,-1.857200000000006,-0.0341217668652144,110763.28,-0.020038018850880857,22986.48811,54.4286,-1.8570999999999955,113028.14,-0.018563291249153346,31870.32974,56.2857,-1.8571999999999989,115166.0,0.0018023848543999854,22557.24033,58.1429,-1.8571000000000026,110644.4,-0.01888813517240162,35448.51652,59.7143,0.2856999999999985,121662.4,-0.013329440578722873,21559.36007,59.1429,0.2857999999999947,110661.90000000001,28237.99679,54.42856666666666,0.9777012684582498,1.057340318509187,0.9658788246613146,112218.48571428572,34163.85560142857,57.2245,0.964139547163989,0.8739403675137742,0.9186869260543997,117471.04285714285,26645.37016114286,57.38775714285714,0.9210293649267729,1.120538853070277,0.9160734382619687,0.03336458191248032,0.026705810682830053,1.145401505191625,1.4235419476444306,0
2025-10-17,108194.27,109240.0,103528.23,106431.68,37920.66838,4022645635.2212014,7570685,17996.99946,1909654487.4562209,50.7143,-0.016291064555353674,-0.016425222998888867,-0.01629097363474065,0.05517113544779047,0.9837090263652594,1.026386128641397,0.9727200585389614,0.2700689710185593,10.543277952763972,0.23560777752063222,0.4745960508832149,-1.8570999999999955,-0.035325290937658016,108194.28,-0.023193607123227156,29857.17252,52.5714,-1.857200000000006,110763.28,-0.020038018850880857,22986.48811,54.4286,-1.8570999999999955,113028.14,-0.018563291249153346,31870.32974,56.2857,-1.8571999999999989,114958.8,0.03899338782622541,32255.30272,60.0,0.2856999999999985,112774.5,-0.07305379476321361,64171.93927,59.4286,0.2857000000000056,108463.08,30254.776336666666,52.57143333333334,0.981271046332079,1.2533779115743393,0.9646740974027085,111312.36857142857,30413.674045714288,55.979600000000005,0.956153223275483,1.2468295781365342,0.905942521918699,116342.44857142857,27644.25161685714,57.15306428571428,0.9148138216693639,1.3717379260459497,0.88734174858016,0.022282641452805278,0.026054058232872098,1.0455988571149064,1.3880019721025039,1
2025-10-18,106431.68,107499.0,106322.2,107185.01,11123.18766,1189002999.143113,2105450,4845.85641,518065716.6618129,48.8571,0.007078061719969053,0.007053129818340636,0.007078061719969109,0.011068243508881522,1.007078061719969,1.0029294208210644,0.9919502736436746,-0.7066721623011647,9.316877085042558,-0.7218943860430067,0.43565356965307195,-1.8571999999999989,-0.036620834754694465,106431.68,-0.016291064555353674,37920.66838,50.7143,-1.8570999999999955,108194.28,-0.023193607123227156,29857.17252,52.5714,-1.857200000000006,110763.28,-0.020038018850880857,22986.48811,54.4286,-1.8570999999999955,115166.0,0.0018023848543999854,22557.24033,58.1429,-1.8571000000000026,110644.4,-0.01888813517240162,35448.51652,59.7143,0.2856999999999985,107270.32333333332,26300.342853333335,50.71426666666667,0.9992046883920708,0.4229293786027673,0.9633797984525065,110818.17,26938.627065714285,54.42857142857143,0.9672151236570681,0.4129084838980849,0.8976370078740158,115256.30642857144,27852.467394000003,56.642857142857146,0.9299708911496871,0.39936094359798674,0.8625465321563682,0.02233418812819549,0.026283317115890756,0.8099211725311822,1.2896364046113544,1
2025-10-19,107185.0,109450.07,106103.36,108642.78,15480.66423,1670074079.5802343,3205640,7100.31013,766423535.8177378,47.0,0.01360050253295686,0.013508845814879343,0.013600597098474589,0.03154197944344087,1.0136005970984745,1.007430682462286,0.976625966309036,0.391747105523526,9.647411649763038,0.5225438742311619,0.458656684526514,-1.8571000000000026,-0.03801085205630306,107185.01,0.007078061719969053,11123.18766,48.8571,-1.8571999999999989,106431.68,-0.016291064555353674,37920.66838,50.7143,-1.8570999999999955,108194.28,-0.023193607123227156,29857.17252,52.5714,-1.857200000000006,113028.14,-0.018563291249153346,31870.32974,56.2857,-1.8571999999999989,114958.8,0.03899338782622541,32255.30272,60.0,0.2856999999999985,107419.82333333332,21508.173423333334,48.85713333333334,1.0113848322285146,0.7197572720520128,0.9619884916156903,109915.88142857143,24542.250138571428,52.57142857142857,0.9884174933410441,0.6307760756488284,0.8940217391304348,114196.33999999998,27383.722156642856,55.857142857142854,0.9513683188095171,0.5653235941208467,0.8414322250639387,0.014978198528122934,0.026558719735506716,5.345225308634726e-05,1.1118739758811509,1
2025-10-20,108642.77,111705.56,107402.52,110532.09,19193.4416,2119912185.5934684,4283542,9280.50075,1024925788.7216992,46.2857,0.017390110967337113,0.017240633452995615,0.017390204612787324,0.040064609284772776,1.0173902046127874,1.0106165548846493,0.9716863220445755,0.23983320837131794,9.862376016102658,0.33625173132354225,0.4835245779996017,-0.7143000000000015,-0.015197872340425578,108642.78,0.01360050253295686,15480.66423,47.0,-1.8571000000000026,107185.01,0.007078061719969053,11123.18766,48.8571,-1.8571999999999989,106431.68,-0.016291064555353674,37920.66838,50.7143,-1.8570999999999955,110763.28,-0.020038018850880857,22986.48811,54.4286,-1.8570999999999955,115166.0,0.0018023848543999854,22557.24033,58.1429,-1.8571000000000026,108786.62666666666,15265.764496666665,47.38093333333333,1.016044833697083,1.2572866301056167,0.9768845133204074,109253.89428571428,24061.70746285714,50.87754285714285,1.0116993149090232,0.797675793774318,0.9097471576008277,113187.30785714286,27362.208785714287,55.0,0.9765413816494859,0.7014580493231536,0.8415581818181818,0.01759819831176638,0.02705401135401331,0.43195670087240373,1.069045996502191,0
2025-10-21,110532.09,114000.0,107473.72,108297.67,37228.01659,4114477849.9320545,6004063,17034.07155,1881327751.3346128,45.5714,-0.0202151248565009,-0.02042224657419341,-0.020215124856500934,0.060724426399309514,0.9797848751434991,1.0526542260789176,0.9923918030738796,0.939621739855139,10.524843752067182,0.4016584872985953,0.4575605447262964,-0.7143000000000015,-0.015432412170497622,110532.09,0.017390110967337113,19193.4416,46.2857,-0.7143000000000015,108642.78,0.01360050253295686,15480.66423,47.0,-1.8571000000000026,107185.01,0.007078061719969053,11123.18766,48.8571,-1.8571999999999989,108194.28,-0.023193607123227156,29857.17252,52.5714,-1.857200000000006,113028.14,-0.018563291249153346,31870.32974,56.2857,-1.8571999999999989,109157.51333333332,23967.37414,46.2857,0.9921229120463048,1.5532789020833468,0.9845675878295024,108578.11285714286,24827.09129857143,49.34692857142857,0.9974171327004749,1.4994916698977994,0.9234900999772746,112256.21642857141,28476.06755285714,54.07142857142857,0.9647365058745746,1.3073440186534722,0.8428,0.017808981508289034,0.026768254993652374,0.5576488214774936,1.0190514884165354,0
2025-10-22,108297.66,109163.88,106666.69,107567.44,28610.78451,3090291706.4439816,5547903,13766.58861,1487179903.5999787,44.8571,-0.006742804346575482,-0.006765639759505252,-0.006742712631094718,0.02341115112881071,0.9932572873689053,1.0148412939826401,0.9916261835365795,-0.231471694420452,10.261573957744579,-0.07597521878101543,0.48116781296885874,-0.7142999999999944,-0.01567430449799645,108297.67,-0.0202151248565009,37228.01659,45.5714,-0.7143000000000015,110532.09,0.017390110967337113,19193.4416,46.2857,-0.7143000000000015,108642.78,0.01360050253295686,15480.66423,47.0,-1.8571000000000026,106431.68,-0.016291064555353674,37920.66838,50.7143,-1.8570999999999955,110763.28,-0.020038018850880857,22986.48811,54.4286,-1.8570999999999955,108799.06666666667,28344.0809,45.571400000000004,0.9886798048512672,1.0094094993216027,0.9843256955020034,108121.56428571428,25630.562212857145,47.979571428571425,0.9948749882655231,1.1162761188144315,0.9349208145133198,111132.03357142858,29304.508017857144,53.07142857142857,0.9679246977052978,0.9763270720179157,0.845221265141319,0.01673288222750013,0.02587225070803035,0.610879022003384,0.9607723551713682,1
2025-10-23,107567.45,111293.61,107500.0,110078.18,17573.09294,1924582289.4113936,3721614,8575.33716,938905317.7034109,44.1429,0.02334107793213258,0.02307284091421478,0.02334098279730528,0.03528939534883722,1.0233409827973052,1.0110415161297182,0.9765786461949135,-0.38578779851849654,9.77418110453617,-0.3291854598034609,0.48798109639998294,-0.7142000000000053,-0.015921671262743353,107567.44,-0.006742804346575482,28610.78451,44.8571,-0.7142999999999944,108297.67,-0.0202151248565009,37228.01659,45.5714,-0.7143000000000015,110532.09,0.017390110967337113,19193.4416,46.2857,-0.7143000000000015,107185.01,0.007078061719969053,11123.18766,48.8571,-1.8571999999999989,108194.28,-0.023193607123227156,29857.17252,52.5714,-1.857200000000006,108647.76333333332,27803.964680000005,44.85713333333334,1.0131656338131705,0.6320355079662687,0.9840775974687042,108390.69285714286,23875.693701428572,46.7755,1.0155685612701195,0.7360243919927878,0.9437183995895286,110304.58928571429,29019.774651428568,52.0,0.9979474173542513,0.6055558029336703,0.848901923076923,0.017101139359187025,0.0272616354335476,0.6108834769257976,0.8925786829600656,1
2025-10-24,110078.19,112104.98,109700.01,111004.89,15005.16913,1662806764.9533324,3241022,7511.2434,832390454.8076226,43.4286,0.008418652997351561,0.008383413777914583,0.008418561388046052,0.02192315205805361,1.008418561388046,1.0099102841325278,0.988244842186682,-0.14612816416368413,9.616216670867162,-0.12913536976161422,0.5005770568078896,-0.7142999999999944,-0.016181537687827374,110078.18,0.02334107793213258,17573.09294,44.1429,-0.7142000000000053,107567.44,-0.006742804346575482,28610.78451,44.8571,-0.7142999999999944,108297.67,-0.0202151248565009,37228.01659,45.5714,-0.7143000000000015,108642.78,0.01360050253295686,15480.66423,47.0,-1.8571000000000026,106431.68,-0.016291064555353674,37920.66838,50.7143,-1.8570999999999955,109550.17,20396.348860000002,44.14286666666666,1.0132790300553618,0.7356791763562726,0.9838192052170001,109044.00857142858,20602.05095142857,45.73468571428572,1.0179824774809791,0.7283337549924623,0.9495768763189427,110178.18857142856,25507.86249857143,50.857142857142854,1.0075033129450617,0.5882566260046433,0.8539331460674159,0.014970698806565905,0.019659778673822327,0.5576634601279751,0.8119952374948296,1
2025-10-25,111004.9,111943.19,110672.86,111646.27,6407.96864,714201332.9751225,1238199,3087.0866,344113931.7999452,42.7143,0.005777943656356088,0.005761315360732372,0.005777853049730327,0.011478243175427125,1.0057778530497303,1.0026594708448389,0.9912813029938214,-0.5729492560541369,8.765453638373204,-0.6179603223921344,0.4817574450551618,-0.7143000000000015,-0.01644768654757467,111004.89,0.008418652997351561,15005.16913,43.4286,-0.7142999999999944,110078.18,0.02334107793213258,17573.09294,44.1429,-0.7142000000000053,107567.44,-0.006742804346575482,28610.78451,44.8571,-0.7142999999999944,110532.09,0.017390110967337113,19193.4416,46.2857,-0.7143000000000015,107185.01,0.007078061719969053,11123.18766,48.8571,-1.8571999999999989,110909.77999999998,12995.410236666665,43.428599999999996,1.0066404423487272,0.4930947560177716,0.9835523134524254,109681.33142857144,19928.448234285715,44.857142857142854,1.0179149773788825,0.3215488012245464,0.952229617834395,110249.75071428572,23433.537650000002,49.642857142857146,1.0126668702347763,0.27345289199217426,0.8604319424460432,0.014964958544522417,0.019023563680060217,0.4319441007705478,0.7148334177728642,1
2025-10-26,111646.27,115466.8,111260.45,114559.4,13454.47737,1525108635.874829,2463951,6982.18154,791462349.3516057,42.0,0.026092497313165763,0.025757896011683146,0.026092497313165857,0.037806336393570276,1.0260924973131658,1.007920781708005,0.9712031487595082,1.09964781756485,9.507141541535729,0.9899474963232888,0.5189485513252604,-0.7143000000000015,-0.016722736882027855,111646.27,0.005777943656356088,6407.96864,42.7143,-0.7143000000000015,111004.89,0.008418652997351561,15005.16913,43.4286,-0.7142999999999944,110078.18,0.02334107793213258,17573.09294,44.1429,-0.7142000000000053,108297.67,-0.0202151248565009,37228.01659,45.5714,-0.7143000000000015,108642.78,0.01360050253295686,15480.66423,47.0,-1.8571000000000026,112403.52,11622.53838,42.7143,1.0191798263968956,1.1576195259679583,0.9832772631179721,110526.56285714285,19638.99296857143,44.142857142857146,1.0364874925864622,0.6850899835613465,0.9514563106796116,110221.22214285715,22090.62155357143,48.357142857142854,1.0393588255764408,0.6090583434862561,0.8685376661742984,0.016677736243213157,0.01726273606637628,3.779644637344764e-05,0.5929994549966913,0
2025-10-27,114559.41,116400.0,113830.01,114107.65,21450.23241,2470872744.548968,3660488,10969.70182,1263753536.9973898,43.2857,-0.0039433691168074825,-0.003951164697453273,-0.0039434560635395145,0.022577438058733416,0.9960565439364605,1.020089362983113,0.9975668590142729,0.594282098078998,9.973537377717342,0.4856172058616426,0.5114024692285374,1.2856999999999985,0.030611904761904674,114559.4,0.026092497313165763,13454.47737,42.0,-0.7143000000000015,111646.27,0.005777943656356088,6407.96864,42.7143,-0.7143000000000015,111004.89,0.008418652997351561,15005.16913,43.4286,-0.7142999999999944,107567.44,-0.006742804346575482,28610.78451,44.8571,-0.7142999999999944,110532.09,0.017390110967337113,19193.4416,46.2857,-0.7143000000000015,113437.77333333332,13770.892806666665,42.666666666666664,1.0059052346231996,1.557650089296728,1.01450859375,111037.35714285714,19961.391655714287,43.714285714285715,1.0276509900464643,1.074586019850951,0.9901957516339869,110145.62571428572,22011.54955928571,47.29591428571429,1.035970781953626,0.9744989716524107,0.9152101329199682,0.016565646856071797,0.017282058099058802,0.7559226475292415,0.8836813160589325,0
2025-10-28,114107.65,116086.0,112211.0,112898.45,15523.42257,1772753529.8642745,3829845,7765.31574,887031686.0163724,44.5714,-0.010597010805147522,-0.010653558973310539,-0.01059701080514757,0.03453315628592562,0.9894029891948525,1.0282337800031798,0.9939108995739091,-0.2763051572922328,9.650169712551206,0.04626623554017928,0.5002321946068108,1.2856999999999985,0.02970265006688111,114107.65,-0.0039433691168074825,21450.23241,43.2857,1.2856999999999985,114559.4,0.026092497313165763,13454.47737,42.0,-0.7143000000000015,111646.27,0.005777943656356088,6407.96864,42.7143,-0.7143000000000015,110078.18,0.02334107793213258,17573.09294,44.1429,-0.7142000000000053,108297.67,-0.0202151248565009,37228.01659,45.5714,-0.7143000000000015,113855.16666666667,16809.37745,43.2857,0.9915970728893871,0.923497768800474,1.029702650066881,111694.61142857141,16860.735367142857,43.57142857142857,1.0107779467248377,0.920684788176622,1.0229501639344263,110136.36214285714,20843.913332857144,46.45917857142857,1.0250788005287497,0.7447460715320559,0.9593669404092839,0.014416505835813092,0.016765730453684336,0.9758903146309394,1.0495621538433149,0
2025-10-29,112898.44,113643.73,109200.0,110021.29,21079.71376,2356715986.5335455,4481480,10407.07233,1163985607.3569083,45.8571,-0.02548449513700146,-0.025814849578232026,-0.02548440881911219,0.040693498168498134,0.9745155911808878,1.0329249002624856,0.9925351720562449,0.35792952004913414,9.956113861664619,0.17014657251142018,0.49370083714077917,1.2857000000000056,0.028845851824264024,112898.45,-0.010597010805147522,15523.42257,44.5714,1.2856999999999985,114107.65,-0.0039433691168074825,21450.23241,43.2857,1.2856999999999985,114559.4,0.026092497313165763,13454.47737,42.0,-0.7143000000000015,111004.89,0.008418652997351561,15005.16913,43.4286,-0.7142999999999944,107567.44,-0.006742804346575482,28610.78451,44.8571,-0.7142999999999944,112342.46333333333,19351.122913333333,44.571400000000004,0.9793384151952753,1.0893276764562139,1.028845851824264,112045.16142857143,15784.868117142856,43.714285714285715,0.9819370028766333,1.3354380666067636,1.0490186274509805,110083.36285714286,20707.715164999998,45.84692857142858,0.9994361286253272,1.0179642511033158,1.0002218562701661,0.01838290665496706,0.017321645349976024,1.0690316051722437,1.1461851667764955,0
2025-10-30,110021.3,111592.0,106304.34,108322.88,25988.82838,2827221287.4227977,6373451,12551.13144,1365671836.7455924,47.1429,-0.015437103127948992,-0.015557495821203146,-0.01543719261633882,0.04974077257805282,0.9845628073836612,1.0301794043880665,0.981365524993427,0.23288336245415886,10.16546052430477,0.4221754866695824,0.4829433345929079,1.2857999999999947,0.028039278541381663,110021.29,-0.02548449513700146,21079.71376,45.8571,1.2857000000000056,112898.45,-0.010597010805147522,15523.42257,44.5714,1.2856999999999985,114107.65,-0.0039433691168074825,21450.23241,43.2857,1.2856999999999985,111646.27,0.005777943656356088,6407.96864,42.7143,-0.7143000000000015,110078.18,0.02334107793213258,17573.09294,44.1429,-0.7142000000000053,110414.20666666667,20863.988236666664,45.85713333333334,0.9810592610334987,1.2456308968928036,1.0280385312644924,111794.40428571428,16987.116037142856,44.142857142857146,0.9689472446506172,1.5299141021450975,1.06796213592233,110092.54857142859,20431.404869285714,45.45917857142857,0.9839256280793571,1.2720039833907208,1.0370380961883383,0.01716488251841077,0.016645303131509716,1.0690583312964188,1.1905304401174095,1
2025-10-31,108322.87,111190.0,108275.28,109608.01,21518.20439,2361590437.9414105,5256872,10798.53938,1185034290.9237795,48.4286,0.011863883235009975,0.011794059086766558,0.011863976646852133,0.02691953324895582,1.0118639766468522,1.0144331604962082,0.9878409433763099,-0.17202099012052496,9.97670104286738,-0.17519221533200768,0.5018327358679764,1.2857000000000056,0.027272399449334017,108322.88,-0.015437103127948992,25988.82838,47.1429,1.2857999999999947,110021.29,-0.02548449513700146,21079.71376,45.8571,1.2857000000000056,112898.45,-0.010597010805147522,15523.42257,44.5714,1.2856999999999985,114559.4,0.026092497313165763,13454.47737,42.0,-0.7143000000000015,111004.89,0.008418652997351561,15005.16913,43.4286,-0.7142999999999944,109317.39333333333,22862.248843333335,47.14286666666666,1.0026584668533076,0.9412111878169299,1.0272731258034091,111594.84999999999,17917.549645714284,44.857142857142854,0.9821959525910022,1.2009568727578193,1.0796184713375798,110319.42928571427,19259.80029857143,45.29591428571429,0.9935512784074346,1.1172599952449187,1.0691604477729622,0.017563774038566526,0.016192527500017054,0.9759098326323865,1.188458835640087,1
2025-11-01,109608.01,110564.49,109394.81,110098.1,7378.50431,812389216.4346799,1994214,3406.68401,375126956.08097214,49.7143,0.004471297307560018,0.004461330755654716,0.004471297307560014,0.010692280557002727,1.00447129730756,1.0042361312320558,0.9936121513450277,-0.6571040884141355,8.90646174867207,-0.6206462702534892,0.46170387206834873,1.2856999999999985,0.026548361918370622,109608.01,0.011863883235009975,21518.20439,48.4286,1.2857000000000056,108322.88,-0.015437103127948992,25988.82838,47.1429,1.2857999999999947,110021.29,-0.02548449513700146,21079.71376,45.8571,1.2857000000000056,114107.65,-0.0039433691168074825,21450.23241,43.2857,1.2856999999999985,111646.27,0.005777943656356088,6407.96864,42.7143,-0.7143000000000015,109342.99666666666,18295.179026666665,48.428599999999996,1.0069058225615974,0.4033032034966834,1.0265483619183706,111373.68285714285,18056.19759857143,45.857142857142854,0.9885468198193732,0.40864109232963713,1.0841124610591901,110527.50714285714,18992.32291642857,45.357142857142854,0.996114929631932,0.38849930798183263,1.0960633070866144,0.01747809418474323,0.016147347738493377,0.755935246344994,1.139708732985739,1
2025-11-02,110098.1,111250.01,109471.34,110540.68,12107.00087,1336870531.1415012,2652188,5921.86453,654016950.2549777,51.0,0.004019869552698729,0.004011811464844439,0.004019869552698794,0.016247814268099743,1.0040198695526987,1.006416913664725,0.990326276263182,0.6408475703661951,9.401621741994926,0.3299415208197314,0.4891272903658427,1.2856999999999985,0.02586177417765101,110098.1,0.004471297307560018,7378.50431,49.7143,1.2856999999999985,109608.01,0.011863883235009975,21518.20439,48.4286,1.2857000000000056,108322.88,-0.015437103127948992,25988.82838,47.1429,1.2857999999999947,112898.45,-0.010597010805147522,15523.42257,44.5714,1.2856999999999985,114559.4,0.026092497313165763,13454.47737,42.0,-0.7143000000000015,110082.26333333332,13667.903189999999,49.7143,1.0041643099695232,0.8857979678154276,1.025861774177651,110799.58,17863.700955714285,47.142857142857146,0.9976633485433789,0.6777431451642826,1.0818181818181818,110663.07142857143,18751.346962142856,45.642857142857146,0.9988940174261254,0.645660330132169,1.1173708920187793,0.013015651509648235,0.01581932722549811,3.779643217614442e-05,1.0377490439608992,0
2025-11-03,110540.69,110750.0,105306.56,106583.04,28681.18779,3076006652.001568,7074546,12847.08574,1377869106.6681776,50.8571,-0.03580256607793619,-0.03645919836858115,-0.03580265330350307,0.05169136661571703,0.9641973466964969,1.0390959011865304,0.9880236105106404,1.368975446352636,10.264031574579628,1.6674376024625706,0.44792725580491033,-0.14289999999999736,-0.0028019607843137173,110540.68,0.004019869552698729,12107.00087,51.0,1.2856999999999985,110098.1,0.004471297307560018,7378.50431,49.7143,1.2856999999999985,109608.01,0.011863883235009975,21518.20439,48.4286,1.2857000000000056,110021.29,-0.02548449513700146,21079.71376,45.8571,1.2857000000000056,114107.65,-0.0039433691168074825,21450.23241,43.2857,1.2856999999999985,109073.93999999999,16055.564323333334,50.5238,0.9771631977354078,1.7863705823356217,1.0065968909701963,109724.6357142857,18896.694581428572,48.22448571428572,0.9713683650546248,1.5177886093469226,1.0545908213788253,110380.99642857142,19429.043118571426,45.96938571428571,0.9655922980272322,1.47620176737293,1.1063254209245472,0.017407614150360875,0.017919927269757416,0.539966346834952,1.0061488025968297,0
2025-11-04,106583.05,107299.0,98944.36,101497.22,50534.87376,5197697635.212413,9099609,23388.99033,2406186713.1705294,50.7143,-0.04771697260652341,-0.048892990692747336,-0.04771706195309668,0.0844377587565375,0.9522829380469033,1.0571619597068767,0.9748479810580034,0.7619519153115242,10.830438734554203,0.2862463541830105,0.46282870797459374,-0.14280000000000115,-0.0028078675347198434,106583.04,-0.03580256607793619,28681.18779,50.8571,-0.14289999999999736,110540.68,0.004019869552698729,12107.00087,51.0,1.2856999999999985,110098.1,0.004471297307560018,7378.50431,49.7143,1.2856999999999985,108322.88,-0.015437103127948992,25988.82838,47.1429,1.2857999999999947,112898.45,-0.010597010805147522,15523.42257,44.5714,1.2856999999999985,106206.98,30441.020806666667,50.85713333333334,0.9556548919854421,1.6600912985458334,0.9971914788748087,108095.88857142857,23898.330465714283,49.10204285714286,0.9389554158013305,2.114577578232915,1.032834828227979,109895.25,20379.532916428572,46.336735714285716,0.9235815014752685,2.479687535883724,1.0944728673315818,0.022641033946079105,0.02122105245271842,0.6970707851601647,0.9716748472849109,1
2025-11-05,101497.23,104534.74,98966.8,103885.16,33778.77571,3454273922.7003846,6500368,18126.84828,1854232277.0330112,50.5714,0.023527146851904046,0.02325464931597804,0.023527046009038943,0.05626068540156903,1.0235270460090389,1.0062528661456556,0.9526557979984822,-0.3315749462357023,10.427617550612098,-0.28564315235962334,0.5366342592053641,-0.14290000000000447,-0.002817745685142148,101497.22,-0.04771697260652341,50534.87376,50.7143,-0.14280000000000115,106583.04,-0.03580256607793619,28681.18779,50.8571,-0.14289999999999736,110540.68,0.004019869552698729,12107.00087,51.0,1.2856999999999985,109608.01,0.011863883235009975,21518.20439,48.4286,1.2857000000000056,110021.29,-0.02548449513700146,21079.71376,45.8571,1.2857000000000056,103988.47333333334,37664.94575333334,50.71426666666667,0.9990064924503491,0.8968226300182733,0.99718290974006,107219.29857142856,25712.482172857148,49.77551428571429,0.9689035591926822,1.3137111960998409,1.0159895025838865,109632.23,20748.675144999997,46.744899999999994,0.9475786454403053,1.6279967503438402,1.081859197473949,0.026122002488238073,0.02247035709424354,0.7636143675841569,0.9340170963738748,0
2025-11-06,103885.16,104200.0,100300.95,101346.04,25814.62139,2641767846.305827,5755001,11972.54796,1225474173.0204284,50.4286,-0.024441604556416086,-0.02474525864647728,-0.024441604556416044,0.038873510171139984,0.9755583954435839,1.0281605477628923,0.9896879049245536,-0.23577391875817044,10.158735067913069,-0.11466535433070868,0.46378940752692555,-0.14279999999999404,-0.0028237304088871706,103885.16,0.023527146851904046,33778.77571,50.5714,-0.14290000000000447,101497.22,-0.04771697260652341,50534.87376,50.7143,-0.14280000000000115,106583.04,-0.03580256607793619,28681.18779,50.8571,-0.14289999999999736,110098.1,0.004471297307560018,7378.50431,49.7143,1.2856999999999985,108322.88,-0.015437103127948992,25988.82838,47.1429,1.2857999999999947,102242.80666666666,36709.42362,50.57143333333334,0.9912290488113231,0.703215110572744,0.9971756123186806,106222.60714285714,25687.59546,50.24490000000001,0.954091061460215,1.0049450299930875,1.0036560924591351,109008.5057142857,21337.35574857143,47.19387857142857,0.929707634610007,1.2098322629189107,1.0685411228423543,0.026770531448323885,0.021906462587388594,0.7635920953593206,0.8927736358619194,1
2025-11-07,101346.04,104096.36,99260.86,103339.08,32059.50942,3251112979.305884,6335759,16056.80582,1629564159.11658,50.2857,0.01966569192047385,0.0194748205542768,0.019665691920473738,0.04871507258752342,1.0196656919204738,1.0073281085916383,0.9605355495713722,0.24191282667500702,10.37538031561934,0.10091362277782401,0.500843778039321,-0.14290000000000447,-0.002833709442657595,101346.04,-0.024441604556416086,25814.62139,50.4286,-0.14279999999999404,103885.16,0.023527146851904046,33778.77571,50.5714,-0.14290000000000447,101497.22,-0.04771697260652341,50534.87376,50.7143,-0.14280000000000115,110540.68,0.004019869552698729,12107.00087,51.0,1.2856999999999985,109608.01,0.011863883235009975,21518.20439,48.4286,1.2857000000000056,102856.76000000001,30550.96884,50.42856666666666,1.0046892396766143,1.0493778311221633,0.9971669496852644,105327.0457142857,27193.49617857143,50.510200000000005,0.9811257811248373,1.1789403322572036,0.99555535317619,108460.94785714286,22555.522912142857,47.68367142857142,0.9527768477195219,1.4213596175480654,1.0545685450275433,0.027928772500813902,0.02265591471292702,0.697065905540262,0.8474107109436255,0
2025-11-08,103339.09,103406.22,101454.0,102312.94,12390.77985,1267165565.37527,2743819,5862.65977,599611355.3671467,50.1429,-0.009929834869828569,-0.009979464496075391,-0.009929930677732833,0.0192424152818026,0.9900700693222672,1.0106856473873198,0.9916047764828183,-0.6135068791080709,9.42478861644503,-0.5669312863699518,0.4731469561215713,-0.14280000000000115,-0.002839773534026646,103339.08,0.01966569192047385,32059.50942,50.2857,-0.14290000000000447,101346.04,-0.024441604556416086,25814.62139,50.4286,-0.14279999999999404,103885.16,0.023527146851904046,33778.77571,50.5714,-0.14290000000000447,106583.04,-0.03580256607793619,28681.18779,50.8571,-0.14289999999999736,110098.1,0.004471297307560018,7378.50431,49.7143,1.2856999999999985,102332.68666666666,23421.636886666663,50.28573333333333,0.9998070346112286,0.5290313358522671,0.9971595654698615,104214.88,27909.535541428573,50.57142857142857,0.9817498230578973,0.4439622376233126,0.9915262711864407,107794.28142857143,22982.866570000002,48.214285714285715,0.949149979424432,0.5391311746191807,1.0400008888888888,0.027378584021477442,0.02247694312151978,0.5399411502323981,0.7972244417662151,1
2025-11-09,102312.95,105495.62,101400.0,104722.96,16338.97096,1687020822.3668208,3404204,8224.94939,849620657.0869098,50.0,0.023555378234659363,0.02328223138207566,0.023555278193034306,0.04039072978303743,1.0235552781930344,1.0073781336967556,0.9682690405236826,0.31863943656460014,9.701369591178633,0.24068096328511457,0.503394577916552,-0.14289999999999736,-0.0028498551140838657,102312.94,-0.009929834869828569,12390.77985,50.1429,-0.14280000000000115,103339.08,0.01966569192047385,32059.50942,50.2857,-0.14290000000000447,101346.04,-0.024441604556416086,25814.62139,50.4286,-0.14279999999999404,101497.22,-0.04771697260652341,50534.87376,50.7143,-0.14280000000000115,110540.68,0.004019869552698729,12107.00087,51.0,1.2856999999999985,103458.32666666668,20263.086743333333,50.14286666666666,1.012223601270953,0.8063416579596695,0.9971508077586311,103383.77714285713,28514.10269714286,50.42857142857143,1.0129535106392213,0.5730136814593567,0.9915014164305949,107091.67857142857,23188.90182642857,48.785714285714285,0.9778813946795254,0.70460305029962,1.0248901903367496,0.029933799776844655,0.022207076193503397,5.3452247547652044e-05,0.7412493179953514,1
2025-11-10,104722.95,106670.11,104265.02,106011.13,22682.25673,2400141664.389342,4710957,11595.81944,1226965888.74677,54.1429,0.012300740926345144,0.012225701545984949,0.012300837590996124,0.023067084243593838,1.012300837590996,1.0062161397581555,0.9835289936066147,0.3882304329647943,10.02938234233012,0.3838644805070437,0.5112286479265151,4.142899999999997,0.08285799999999988,104722.96,0.023555378234659363,16338.97096,50.0,-0.14289999999999736,102312.94,-0.009929834869828569,12390.77985,50.1429,-0.14280000000000115,103339.08,0.01966569192047385,32059.50942,50.2857,-0.14290000000000447,103885.16,0.023527146851904046,33778.77571,50.5714,-0.14290000000000447,106583.04,-0.03580256607793619,28681.18779,50.8571,-0.14289999999999736,104349.01000000001,17137.33584666667,51.428599999999996,1.0159284692782422,1.3235579283119352,1.05277802623443,103302.07571428572,27657.112545714288,50.89797142857143,1.0262245871342124,0.8201238177885932,1.063753593323113,106513.35571428572,23276.903563571428,49.561228571428565,0.9952848568997028,0.974453353215672,1.0924446701713264,0.027742907570892893,0.022749581705411553,1.6198612409709656,1.2027202487292288,0
2025-11-11,106011.13,107500.0,102476.09,103058.99,24196.50718,2532279071.0069213,5532149,10717.03395,1121890584.1997764,58.2857,-0.027847453375886122,-0.028242545864333283,-0.02784745337588609,0.049025192120425394,0.9721525466241139,1.0430919224028878,0.9943440159854079,0.06675925010571016,10.094004897748068,0.17431532489046275,0.44291656933271467,4.142800000000001,0.07651603442002552,106011.13,0.012300740926345144,22682.25673,54.1429,4.142899999999997,104722.96,0.023555378234659363,16338.97096,50.0,-0.14289999999999736,102312.94,-0.009929834869828569,12390.77985,50.1429,-0.14280000000000115,101346.04,-0.024441604556416086,25814.62139,50.4286,-0.14279999999999404,101497.22,-0.04771697260652341,50534.87376,50.7143,-0.14280000000000115,104597.69333333334,21072.57829,54.14286666666666,0.98528931868096,1.148246163663915,1.076516697182639,103525.18571428572,23894.488748571428,51.9796,0.995496789394106,1.0126396691139345,1.1213187481242641,105810.53714285714,23896.409607142858,50.54082142857143,0.9739955280716305,1.0125582703757907,1.1532400612517604,0.022647442903534376,0.02352980985397977,2.0912123514955665,1.5012871064852664,0
2025-11-12,103059.0,105333.33,100813.59,101654.37,20457.63906,2108514405.260877,5314132,10155.72095,1047214063.138287,62.4286,-0.013629281637633106,-0.013723012931130311,-0.013629377346956642,0.04483264607480009,0.9863706226530433,1.0361908691185633,0.9917290324065754,-0.15452098487547072,9.926160520186707,-0.03940909762191869,0.49642683206084487,4.1429000000000045,0.07107918408803537,103058.99,-0.027847453375886122,24196.50718,58.2857,4.142800000000001,106011.13,0.012300740926345144,22682.25673,54.1429,4.142899999999997,104722.96,0.023555378234659363,16338.97096,50.0,-0.14289999999999736,103339.08,0.01966569192047385,32059.50942,50.2857,-0.14290000000000447,103885.16,0.023527146851904046,33778.77571,50.5714,-0.14290000000000447,103574.83,22445.467656666664,58.28573333333333,0.9814582365232942,0.9114374168062279,1.0710785715429505,103206.50142857143,21991.469227142858,53.67348571428572,0.9849609142148312,0.9302534018395763,1.163118049241658,105212.90000000001,23851.9757,51.72449999999999,0.9661778165985349,0.8576915940762091,1.2069444847219406,0.0211782598213856,0.022990819503824658,2.290811918242505,1.7238132034169857,0
2025-11-13,101654.37,104085.01,98000.4,99692.02,36198.50771,3654698026.540381,8125404,17250.22426,1742449117.5763607,66.5714,-0.0193041381300183,-0.019492896160439244,-0.019304138130018328,0.062087603724066444,0.9806958618699817,1.0440656132757666,0.9830315405385506,0.7694372065043167,10.496800798550122,0.529018097405183,0.4765451768950837,4.142799999999994,0.0663606103612766,101654.37,-0.013629281637633106,20457.63906,62.4286,4.1429000000000045,103058.99,-0.027847453375886122,24196.50718,58.2857,4.142800000000001,106011.13,0.012300740926345144,22682.25673,54.1429,4.142899999999997,102312.94,-0.009929834869828569,12390.77985,50.1429,-0.14280000000000115,101346.04,-0.024441604556416086,25814.62139,50.4286,-0.14279999999999404,101468.46,26950.884650000004,62.42856666666666,0.9824926878756216,1.3431287388185973,1.0663611797376948,102970.21285714286,23474.881558571426,55.9796,0.9681636779590724,1.542010238462003,1.1892082115627836,104596.41000000002,24581.23850928572,53.11225,0.9531112970320873,1.472607155100252,1.253409524168153,0.02038150854709837,0.023143589704162096,2.290811918242505,1.8972217390984363,0
2025-11-14,99692.03,99866.02,94012.45,94594.0,47288.14481,4566085156.747208,9551025,21184.91518,2045542286.8634837,70.7143,-0.05113769386957956,-0.052491584544810524,-0.05113778904893399,0.062263774638359144,0.948862210951066,1.0557331331796944,0.9938521470706387,0.3063561953670382,10.76403605152431,0.17545232212453676,0.44799632688318186,4.142899999999997,0.06223243014267377,99692.02,-0.0193041381300183,36198.50771,66.5714,4.142799999999994,101654.37,-0.013629281637633106,20457.63906,62.4286,4.1429000000000045,103058.99,-0.027847453375886122,24196.50718,58.2857,4.142800000000001,104722.96,0.023555378234659363,16338.97096,50.0,-0.14289999999999736,103339.08,0.01966569192047385,32059.50942,50.2857,-0.14290000000000447,98646.79666666668,34648.097193333335,66.57143333333333,0.9589160844182167,1.3648121726897817,1.0622318982666739,101720.91571428571,25650.4009,58.89797142857143,0.9299365753420483,1.843563576037519,1.2006236935640275,103523.98071428573,26421.948539285713,54.70408571428571,0.9137399793490221,1.7897296537266807,1.292669442815188,0.024823830418389738,0.025480768077676397,2.091212351495566,2.034135194662547,1
2025-11-15,94594.0,96846.68,94558.49,95596.24,15110.89391,1449074019.0674856,4263558,7115.78198,682358960.754042,74.8571,0.010595175169672455,0.01053943964071668,0.01059517516967255,0.02419867322331382,1.0105951751696725,1.013080430778449,0.9891444475222038,-0.680450692859397,9.623237388907894,-0.5536020479477334,0.4709041055004005,4.142800000000008,0.05858503866968934,94594.0,-0.05113769386957956,47288.14481,70.7143,4.142899999999997,99692.02,-0.0193041381300183,36198.50771,66.5714,4.142799999999994,101654.37,-0.013629281637633106,20457.63906,62.4286,4.1429000000000045,106011.13,0.012300740926345144,22682.25673,54.1429,4.142899999999997,102312.94,-0.009929834869828569,12390.77985,50.1429,-0.14280000000000115,96627.42,32865.84881,70.71426666666666,0.989328287974573,0.45977494746468406,1.0585855376661382,100761.38714285714,26038.98862285714,62.42857142857142,0.9487388245704268,0.5803180042382902,1.199083981693364,102488.13357142858,26974.26208214286,56.5,0.932754228892018,0.560196748440563,1.3249044247787611,0.026315688371927114,0.025801838800816674,1.6198612409709656,2.141545177187274,0
2025-11-16,95596.23,96635.11,93005.55,94261.44,23889.4051,2261295524.8173394,5141394,10828.62752,1025540141.3111866,79.0,-0.013962892264381965,-0.014061290467363924,-0.013962789118357426,0.03902519795861642,0.9860372108816425,1.0251817710402047,0.9866765243560888,0.5809392377634659,10.081232197061816,0.2058928247252647,0.4532815896700584,4.142899999999997,0.05534411565502806,95596.24,0.010595175169672455,15110.89391,74.8571,4.142800000000008,94594.0,-0.05113769386957956,47288.14481,70.7143,4.142899999999997,99692.02,-0.0193041381300183,36198.50771,66.5714,4.142799999999994,103058.99,-0.027847453375886122,24196.50718,58.2857,4.142800000000001,104722.96,0.023555378234659363,16338.97096,50.0,-0.14289999999999736,94817.22666666667,28762.814606666667,74.85713333333332,0.9941383366060625,0.830565625328715,1.0553436457180212,99266.88428571429,27117.62207142857,66.57142857142857,0.9495758900691655,0.8809550128353675,1.1866952789699572,101325.33071428572,27815.862384285716,58.5,0.9302850465476962,0.8588410731243793,1.3504273504273505,0.021955765265678575,0.025510939890116536,5.3452244778280574e-05,2.2237479505763043,0
2025-11-17,94261.45,96043.0,91220.0,92215.14,39218.59806,3674562070.2386065,8134322,18690.19245,1750979467.7862608,76.4286,-0.02170877083991085,-0.02194787294779212,-0.021708874624780307,0.052872177154132866,0.9782911253752197,1.041510103438546,0.9892084965657483,0.6416732813493122,10.576931851355141,0.5821238364536934,0.47656452230663954,-2.571399999999997,-0.03254936708860756,94261.44,-0.013962892264381965,23889.4051,79.0,4.142899999999997,95596.24,0.010595175169672455,15110.89391,74.8571,4.142800000000008,94594.0,-0.05113769386957956,47288.14481,70.7143,4.142899999999997,101654.37,-0.013629281637633106,20457.63906,62.4286,4.1429000000000045,106011.13,0.012300740926345144,22682.25673,54.1429,4.142899999999997,94024.27333333333,26072.96569,76.76190000000001,0.980758869287725,1.504186310306919,0.9956580022120348,97296.02857142859,29479.956547142854,69.7551,0.9477790754049276,1.3303478923818493,1.095670424098023,100299.05214285714,28568.53454642857,60.32653571428572,0.9194019088899951,1.3727899831985892,1.2669151161269354,0.018467765318068305,0.024723214411284257,2.5377479633947653,2.4833311042311217,1
2025-11-18,92215.14,93836.01,89253.78,92960.83,39835.14769,3641033186.3004575,8786593,20130.95957,1841176605.1418235,73.8571,0.0080864161785148,0.008053896310369823,0.008086416178514747,0.05133933823306975,1.0080864161785148,1.0094145028610437,0.9601224515744965,0.01572084828368303,10.592530012495205,0.08018750671537211,0.5053567198158918,-2.5715000000000003,-0.03364578181466105,92215.14,-0.02170877083991085,39218.59806,76.4286,-2.571399999999997,94261.44,-0.013962892264381965,23889.4051,79.0,4.142899999999997,95596.24,0.010595175169672455,15110.89391,74.8571,4.142800000000008,99692.02,-0.0193041381300183,36198.50771,66.5714,4.142799999999994,103058.99,-0.027847453375886122,24196.50718,58.2857,4.142800000000001,93145.80333333334,34314.383616666666,76.42856666666667,0.9980141527936434,1.160887752932035,0.9663546396482642,95853.43428571429,31714.04804857143,71.97958571428572,0.9698226327802488,1.2560726284134638,1.0260839829388133,99689.31000000001,27804.26839857143,61.97959285714286,0.9325055013421197,1.4326990057413886,1.191635772281268,0.02064905111510291,0.022580588941036858,3.2762478098319376,2.706306615102039,0
2025-11-19,92960.83,92980.22,88608.0,91554.96,32286.6376,2925773651.2559576,6822174,15060.08451,1365200809.1745572,71.2857,-0.015123251373723723,-0.015238773937443459,-0.0151232513737237,0.0493434001444565,0.9848767486262763,1.0155672614569433,0.9678121207196202,-0.1894937141627553,10.382439699106204,-0.22357004586419327,0.46644945492868545,-2.571399999999997,-0.034815880937648425,92960.83,0.0080864161785148,39835.14769,73.8571,-2.5715000000000003,92215.14,-0.02170877083991085,39218.59806,76.4286,-2.571399999999997,94261.44,-0.013962892264381965,23889.4051,79.0,4.142899999999997,94594.0,-0.05113769386957956,47288.14481,70.7143,4.142899999999997,101654.37,-0.013629281637633106,20457.63906,62.4286,4.1429000000000045,92243.64333333333,37113.461116666665,73.85713333333335,0.9925340835590732,0.8699441288568187,0.9651836834537307,94410.66142857143,33403.90498285714,73.24488571428572,0.9697523416809025,0.9665527912550788,0.9732515697829318,98808.58142857142,27697.687105,63.45918571428571,0.9265891552768113,1.1656799167960705,1.1233314641154057,0.02064702812158242,0.020997949242965264,3.588935404824108,2.9010947470710975,0
2025-11-20,91554.96,93160.0,86100.0,86637.23,39733.19073,3548950335.0984216,7841395,18283.84047,1634256490.957432,68.7143,-0.05371341978632305,-0.055209816891895,-0.05371341978632299,0.08199767711962834,0.946286580213677,1.0752883027308238,0.9937990861434514,0.2306388550661591,10.589967323487626,0.14939827099103598,0.460165421756452,-2.5714000000000112,-0.036071750715781836,91554.96,-0.015123251373723723,32286.6376,71.2857,-2.571399999999997,92960.83,0.0080864161785148,39835.14769,73.8571,-2.5715000000000003,92215.14,-0.02170877083991085,39218.59806,76.4286,-2.571399999999997,95596.24,0.010595175169672455,15110.89391,74.8571,4.142800000000008,99692.02,-0.0193041381300183,36198.50771,66.5714,4.142799999999994,90384.34000000001,37284.99200666667,71.2857,0.9585424864528522,1.0656617741233683,0.9639282492842182,92545.69142857144,33908.8597,73.55101428571427,0.9361562776465752,1.1717642846597995,0.9342400056248618,97757.95214285715,28691.870629285717,64.76530714285715,0.8862422759571923,1.3848239887658087,1.0609738922172065,0.02547186368544904,0.02393029110013848,3.5889398591200936,3.0730797799798313,0
2025-11-21,86637.22,87498.94,80600.0,85129.43,72256.12679,6061348756.341564,11826480,34071.85828,2859133223.2240524,66.1429,-0.01740360350856096,-0.017556826574241523,-0.01740349009351879,0.08559478908188589,0.9825965099064812,1.0278342049277203,0.9467936059245317,0.8185332076903653,11.187986241802047,0.5082112302721646,0.47154282679756687,-2.571399999999997,-0.03742161384166032,86637.23,-0.05371341978632305,39733.19073,68.7143,-2.5714000000000112,91554.96,-0.015123251373723723,32286.6376,71.2857,-2.571399999999997,92960.83,0.0080864161785148,39835.14769,73.8571,-2.5715000000000003,94261.44,-0.013962892264381965,23889.4051,79.0,4.142899999999997,94594.0,-0.05113769386957956,47288.14481,70.7143,4.142899999999997,87773.87333333334,48091.98504,68.7143,0.9698720902598122,1.5024567343165753,0.9625783861583397,91193.61,37475.71426857143,72.89795714285715,0.9335021390204861,1.9280787091120704,0.9073354397350346,96457.26285714286,31563.057584285714,65.89796428571428,0.8825611206289374,2.2892625848128896,1.0037168934873884,0.021362946086167543,0.022286272409342757,3.2762282917287395,3.2259036021446263,0
2025-11-22,85129.42,85620.0,83500.0,84739.74,14193.93263,1197657354.9690385,4697593,6688.79428,564562148.9373932,63.5714,-0.00457761786963673,-0.004588127246522274,-0.004577500939158202,0.025389221556886228,0.9954224990608418,1.0103878062406138,0.9853700282771696,-0.8035608430652224,9.560640322858472,-0.6027902638824063,0.471243203301015,-2.5715000000000003,-0.03887794457152616,85129.43,-0.01740360350856096,72256.12679,66.1429,-2.571399999999997,86637.23,-0.05371341978632305,39733.19073,68.7143,-2.5714000000000112,91554.96,-0.015123251373723723,32286.6376,71.2857,-2.571399999999997,92215.14,-0.02170877083991085,39218.59806,76.4286,-2.571399999999997,95596.24,0.010595175169672455,15110.89391,74.8571,4.142800000000008,85502.13333333332,42061.08338333333,66.14286666666665,0.9910833413903125,0.33745998648299996,0.9611225397951709,89642.68142857144,37344.7198,71.28571428571429,0.9453057254598284,0.3800787020498678,0.8917831663326652,95202.0342857143,31691.854211428574,66.85714285714286,0.8901042990918081,0.44787321484274173,0.9508542735042734,0.019002411173824146,0.022398145665512986,2.537779460379447,3.362194389469833,1
2025-11-23,84739.75,88127.64,84667.57,86830.0,19734.46418,1708685030.2798696,5063493,10406.51703,901210513.5204473,61.0,0.02466682102163631,0.024367507087485724,0.024666700102372263,0.040866532486995816,1.0246667001023724,1.014944604399401,0.9750958194172522,0.39034506464330043,9.890172508468936,0.0778909539417314,0.5273270627001134,-2.571399999999997,-0.04044900694337383,84739.74,-0.00457761786963673,14193.93263,63.5714,-2.5715000000000003,85129.43,-0.01740360350856096,72256.12679,66.1429,-2.571399999999997,86637.23,-0.05371341978632305,39733.19073,68.7143,-2.5714000000000112,92960.83,0.0080864161785148,39835.14769,73.8571,-2.5715000000000003,94261.44,-0.013962892264381965,23889.4051,79.0,4.142899999999997,85566.39,35394.841199999995,63.571433333333324,1.014767597417631,0.5575519909381597,0.9595504899213118,88581.04714285713,36751.15681142857,68.71428571428571,0.9802322596160647,0.5369753197500204,0.8877338877338878,93923.96571428572,31934.38944142857,67.64285714285714,0.9244711862373297,0.6179690460716442,0.9017951425554382,0.024744302028493734,0.02253971290455667,4.8794920588009815e-05,3.483871788654144,1
2025-11-24,86830.0,89228.0,85272.0,88300.01,24663.12795,2150393686.9203186,6189156,12438.87518,1085485389.0234168,60.8571,0.01692974778302414,0.016788036787637094,0.01692974778302424,0.04639271976733277,1.0169297477830241,1.0105095118335774,0.9657077049028647,0.2497490544990313,10.113105157275527,0.22230957957283648,0.5043510784689418,-0.14289999999999736,-0.0023426229508196617,86830.0,0.02466682102163631,19734.46418,61.0,-2.571399999999997,84739.74,-0.00457761786963673,14193.93263,63.5714,-2.5715000000000003,85129.43,-0.01740360350856096,72256.12679,66.1429,-2.571399999999997,91554.96,-0.015123251373723723,32286.6376,71.2857,-2.571399999999997,92215.14,-0.02170877083991085,39218.59806,76.4286,-2.571399999999997,86623.25,19530.508253333333,61.80949999999999,1.019356927845584,1.2628001089418994,0.9845913654049946,88021.74285714285,34671.80393857143,66.48978571428572,1.0031613455246935,0.7113309706554652,0.9152849470971374,92658.8857142857,32075.880242857143,68.12244285714286,0.9529578228716636,0.7688994896871812,0.8933487621344005,0.026319881397990547,0.022970108014564356,0.9178993227291656,3.351983764614883,0
2025-11-25,88300.01,88519.99,86116.0,87369.96,19567.0411,1708989000.038937,4838747,9423.17985,823123525.1402558,60.7143,-0.010532841389259029,-0.010588704373343843,-0.010532841389259055,0.02791571833341081,0.989467158610741,1.0131627621209853,0.9856476985911404,-0.20662775866594818,9.881652958292696,-0.2181895237412016,0.4815843030043005,-0.14280000000000115,-0.0023464805256905308,88300.01,0.01692974778302414,24663.12795,60.8571,-0.14289999999999736,86830.0,0.02466682102163631,19734.46418,61.0,-2.571399999999997,84739.74,-0.00457761786963673,14193.93263,63.5714,-2.5715000000000003,86637.23,-0.05371341978632305,39733.19073,68.7143,-2.5714000000000112,92960.83,0.0080864161785148,39835.14769,73.8571,-2.5715000000000003,87499.99,21321.54441,60.85713333333334,0.9985139426873078,0.9177121846212453,0.9976529730286342,87223.04714285713,31776.360139999997,64.61224285714286,1.0016843352984706,0.6157735188609302,0.9396717605708074,91538.24071428573,31745.20409428571,68.29591428571429,0.954464050414777,0.6163778642557904,0.8889887577462279,0.025604730451920042,0.022555554703773434,1.1850208209944963,3.183148885429833,1
2025-11-26,87369.97,90656.08,86306.77,90484.02,21675.82239,1916851896.6699688,4668280,10883.61063,962765375.8163832,60.5714,0.035642227603171595,0.035021744042270514,0.03564210906790975,0.05039361338629632,1.0356421090679098,1.0019015512352347,0.9538343897629659,0.1077721091923296,9.9839988760844,-0.03522957492921208,0.502108313778262,-0.14290000000000447,-0.0023536465050244537,87369.96,-0.010532841389259029,19567.0411,60.7143,-0.14280000000000115,88300.01,0.01692974778302414,24663.12795,60.8571,-0.14289999999999736,86830.0,0.02466682102163631,19734.46418,61.0,-2.571399999999997,85129.43,-0.01740360350856096,72256.12679,66.1429,-2.571399999999997,91554.96,-0.015123251373723723,32286.6376,71.2857,-2.571399999999997,88717.99666666666,21968.663813333333,60.71426666666667,1.0199060325941387,0.9866700393878485,0.9976469012225572,87070.05571428571,30260.529395714286,63.08162857142857,1.039209395902042,0.7163067805770076,0.9602066619350801,90740.35857142857,31832.21718928571,68.16325714285715,0.9971750324170607,0.6809397617862379,0.8886224417511905,0.030204322723337534,0.025805395781075578,1.2981190333563013,2.971057835626456,1
2025-11-27,90484.01,91950.0,90089.91,91333.95,16833.50932,1535778106.5787077,3920172,8898.35835,812005498.7594875,60.4286,0.009393150304329856,0.009349308992866888,0.009393261859194816,0.02064704027343347,1.0093932618591948,1.006745027451457,0.9863792160527384,-0.2233969711909971,9.731186184749264,-0.16025345523404766,0.5286098210922545,-0.14279999999999404,-0.0023575482818622984,90484.02,0.035642227603171595,21675.82239,60.5714,-0.14290000000000447,87369.96,-0.010532841389259029,19567.0411,60.7143,-0.14280000000000115,88300.01,0.01692974778302414,24663.12795,60.8571,-0.14289999999999736,84739.74,-0.00457761786963673,14193.93263,63.5714,-2.5715000000000003,86637.23,-0.05371341978632305,39733.19073,68.7143,-2.5714000000000112,89729.31,19358.790936666668,60.57143333333334,1.0178831197966416,0.869553753386342,0.9976419027011082,87741.0157142857,26989.146337142854,61.897957142857145,1.0409493126614136,0.6237140334014004,0.976261621373611,90143.35357142857,30449.003018571424,67.7244857142857,1.0132078115734624,0.5528427091597359,0.8922710798415598,0.019451035250839962,0.02597481627965458,1.2981323965788738,2.70557951034768,0
2025-11-28,91333.94,93092.0,90180.63,90890.7,18830.86012,1721418035.0795596,4229754,8961.64712,820315728.918691,60.2857,-0.004853069422706469,-0.00486488380362324,-0.004852960465737109,0.03228376204513093,0.9951470395342629,1.0242191995440677,0.9921876495615064,0.11865326249155506,9.843305401689975,0.07897153492244735,0.4759021660663262,-0.14290000000000447,-0.002364774295615102,91333.95,0.009393150304329856,16833.50932,60.4286,-0.14279999999999404,90484.02,0.035642227603171595,21675.82239,60.5714,-0.14290000000000447,87369.96,-0.010532841389259029,19567.0411,60.7143,-0.14280000000000115,86830.0,0.02466682102163631,19734.46418,61.0,-2.571399999999997,85129.43,-0.01740360350856096,72256.12679,66.1429,-2.571399999999997,90902.89,19113.397276666667,60.42856666666666,0.9998659008530971,0.9852178473257822,0.9976357760154276,88564.05428571427,19356.965384285715,61.061214285714286,1.02627076789845,0.9728208810709134,0.9872993962732948,89878.83214285714,28416.33982642857,66.97958571428572,1.0112581331223192,0.6626771862605045,0.9000608074400493,0.017195744152301733,0.02248801794359326,1.1850305802765038,2.3688021529878776,0
2025-11-29,90890.71,91165.65,90155.47,90802.44,7429.88291,673725652.9787655,1677860,3359.04932,304614219.1452583,60.1429,-0.000971056444718732,-0.0009715282254700339,-0.0009711663601263987,0.011204866437943177,0.9990288336398736,1.0040000026431006,0.9928749712012144,-0.6054411289419105,8.913399961069258,-0.6033197202485061,0.4520998999161886,-0.14280000000000115,-0.00236872094045526,90890.7,-0.004853069422706469,18830.86012,60.2857,-0.14290000000000447,91333.95,0.009393150304329856,16833.50932,60.4286,-0.14279999999999404,90484.02,0.035642227603171595,21675.82239,60.5714,-0.14290000000000447,88300.01,0.01692974778302414,24663.12795,60.8571,-0.14289999999999736,84739.74,-0.00457761786963673,14193.93263,63.5714,-2.5715000000000003,91009.02999999998,14364.750783333335,60.28573333333333,0.9977300054730834,0.5172301992611318,0.9976307274468476,89430.15428571428,18390.672567142858,60.57142857142857,1.0153447763256844,0.40400278363252345,0.9929252358490566,89536.41785714285,27867.696183571425,65.92857142857143,1.0141397452919896,0.2666127426198965,0.9122433369447454,0.01675108787796165,0.022175801198678173,0.9179056222883494,1.9236771090232938,0
2025-11-30,90802.44,92000.01,90336.9,90360.0,9687.74175,884051773.1655338,2154030,5002.96698,456606490.1203246,60.0,-0.004872556288134988,-0.004884465893088772,-0.004872556288135014,0.018410084915466446,0.995127443711865,1.0181497343957502,0.9997443559096945,0.3038888859151616,9.178719846092326,0.283796025890122,0.5164224139232448,-0.14289999999999736,-0.002376007808070457,90802.44,-0.000971056444718732,7429.88291,60.1429,-0.14280000000000115,90890.7,-0.004853069422706469,18830.86012,60.2857,-0.14290000000000447,91333.95,0.009393150304329856,16833.50932,60.4286,-0.14279999999999404,87369.96,-0.010532841389259029,19567.0411,60.7143,-0.14280000000000115,86830.0,0.02466682102163631,19734.46418,61.0,-2.571399999999997,90684.38,11982.82826,60.14286666666666,0.9964229782460882,0.8084687137125004,0.9976245451109192,89934.43999999999,16955.426505714287,60.42857142857143,1.0047318913644208,0.5713652644912857,0.9929078014184397,89257.74357142857,26853.291658571427,64.57142857142857,1.0123491406399867,0.3607655207851483,0.9292035398230089,0.016162395631870077,0.021976101055608745,5.3452183851727085e-05,1.2601238392831358,0
2025-12-01,90360.01,90417.0,83822.76,86286.01,34509.01227,2977024047.2231607,7709685,15524.33346,1338718794.0013125,58.0,-0.0450862107127048,-0.04613421557385573,-0.045086316391509916,0.07866884841300865,0.95491368360849,1.0478755478437352,0.9714524984988876,2.5621317289965955,10.449004771641102,2.579191097617025,0.449863164397084,-2.0,-0.033333333333333326,90360.0,-0.004872556288134988,9687.74175,60.0,-0.14289999999999736,90802.44,-0.000971056444718732,7429.88291,60.1429,-0.14280000000000115,90890.7,-0.004853069422706469,18830.86012,60.2857,-0.14290000000000447,90484.02,0.035642227603171595,21675.82239,60.5714,-0.14290000000000447,88300.01,0.01692974778302414,24663.12795,60.8571,-0.14289999999999736,89149.48333333334,17208.878976666663,59.380966666666666,0.9678800905370735,2.0053027461457775,0.9767439510640054,89646.72571428573,18361.981408571428,60.02041428571429,0.9625115620508359,1.8793730100331705,0.9663378817064384,88834.2342857143,26516.892673571427,63.255100000000006,0.9713148393048727,1.3013972902033908,0.9169221137900342,0.024103424642267904,0.024290588220735092,0.7019367228298684,1.2265768748391235,1
2025-12-02,86286.01,92307.65,86184.39,91277.88,28210.22732,2519515177.662365,6397299,13512.33949,1206199898.2941513,56.0,0.05785259974357393,0.0562410040171468,0.057852599743573846,0.07104836502294667,1.057852599743574,1.0112817037380797,0.9441979809347018,-0.18252579647073153,10.247475309607617,-0.17022563178651273,0.4789872600714654,-2.0,-0.03448275862068961,86286.01,-0.0450862107127048,34509.01227,58.0,-2.0,90360.0,-0.004872556288134988,9687.74175,60.0,-0.14289999999999736,90802.44,-0.000971056444718732,7429.88291,60.1429,-0.14280000000000115,91333.95,0.009393150304329856,16833.50932,60.4286,-0.14279999999999404,87369.96,-0.010532841389259029,19567.0411,60.7143,-0.14280000000000115,89307.96333333333,24135.660446666665,58.0,1.0220575701554648,1.1688193651189713,0.9655172413793104,90205.0,19596.72229714286,59.34694285714285,1.011893797461338,1.4395380458145781,0.943603786547195,88714.02357142858,25686.541218571427,61.97959285714286,1.0289002383767107,1.0982493547867762,0.9035231988224695,0.0328368244715952,0.02937658832493205,0.9061915318413347,1.1905720231270127,1
2025-12-03,91277.88,94150.0,90990.23,93429.95,25712.52585,2386223626.8613906,6733182,12993.19312,1206219500.4577343,54.0,0.023577125147954625,0.023303477601614594,0.023577125147954712,0.03472647557875174,1.0235771251479546,1.0077068434693586,0.9738871742947524,-0.08853886364216645,10.15477243010264,0.05250387702685155,0.5053254276067164,-2.0,-0.0357142857142857,91277.88,0.05785259974357393,28210.22732,56.0,-2.0,86286.01,-0.0450862107127048,34509.01227,58.0,-2.0,90360.0,-0.004872556288134988,9687.74175,60.0,-0.14289999999999736,90890.7,-0.004853069422706469,18830.86012,60.2857,-0.14290000000000447,90484.02,0.035642227603171595,21675.82239,60.5714,-0.14290000000000447,90331.27999999998,29477.255146666666,56.0,1.0343033996639925,0.8722835868558683,0.9642857142857143,90625.84714285714,20173.39422,58.40817142857143,1.0309415353957756,1.2745760861852629,0.9245281726725125,88847.95142857144,25216.961807857144,60.74490000000001,1.0515712348766106,1.019652012241556,0.8889635179249615,0.031349212597710424,0.02975400609724945,0.9926884316747857,1.1518958609876333,0
2025-12-04,93429.95,94080.0,90889.0,92078.06,19803.94059,1836645629.33462,5856049,8312.69539,770992235.207992,52.0,-0.014469557138797606,-0.014575262088996607,-0.014469557138797565,0.0351087590357469,0.9855304428612024,1.0217417699721303,0.9870863916985219,-0.2297940425794459,9.89368671030398,-0.13027020508282716,0.4197495620744034,-2.0,-0.03703703703703709,93429.95,0.023577125147954625,25712.52585,54.0,-2.0,91277.88,0.05785259974357393,28210.22732,56.0,-2.0,86286.01,-0.0450862107127048,34509.01227,58.0,-2.0,90802.44,-0.000971056444718732,7429.88291,60.1429,-0.14280000000000115,91333.95,0.009393150304329856,16833.50932,60.4286,-0.14279999999999404,92261.96333333333,24575.564586666664,54.0,0.9980067264266975,0.8058386825727095,0.9629629629629629,90732.14857142858,20597.741544285713,57.20408571428571,1.0148338979045763,0.9614617479989725,0.9090259786638617,89236.58214285715,23793.443940714285,59.55102142857144,1.0318420740565117,0.8323276209759771,0.8732008075188346,0.032081480359576045,0.025686110848546204,0.9926795226869023,1.1102605627499345,0
2025-12-05,92078.06,92692.36,88056.0,89330.04,19792.97218,1788436983.8106546,5520352,8722.13995,787809723.7213238,50.0,-0.029844460232980596,-0.030298870064162046,-0.029844460232980628,0.05265240301626239,0.9701555397670194,1.0376392980457638,0.9857378324245686,-0.0005538498739758868,9.893132734979242,-0.05732482771233638,0.4406685297528671,-2.0,-0.038461538461538436,92078.06,-0.014469557138797606,19803.94059,52.0,-2.0,93429.95,0.023577125147954625,25712.52585,54.0,-2.0,91277.88,0.05785259974357393,28210.22732,56.0,-2.0,90360.0,-0.004872556288134988,9687.74175,60.0,-0.14289999999999736,90890.7,-0.004853069422706469,18830.86012,60.2857,-0.14290000000000447,91612.68333333333,21769.812873333332,52.0,0.9750837629651352,0.9091934917017666,0.9615384615384616,90509.19714285714,20735.186124285716,55.7347,0.9869719632912444,0.9545596582235564,0.897107188161056,89536.62571428572,20046.075754285714,58.397957142857145,0.9976927239256821,0.987373909118766,0.8561943336080494,0.034237050519681705,0.026703341239685822,0.9061964106979776,1.0653192339223183,0
2025-12-06,89330.04,90289.97,88908.01,89236.79,8409.50016,753420679.8063259,2482221,4041.72834,362232786.26957136,48.0,-0.0010438817669845557,-0.001044426991022257,-0.0010438817669845442,0.015543706354466898,0.9989561182330154,1.0118020829749703,0.9963156451503915,-0.575126965090293,9.037236223255675,-0.5503509558810742,0.4806145743625267,-2.0,-0.040000000000000036,89330.04,-0.029844460232980596,19792.97218,50.0,-2.0,92078.06,-0.014469557138797606,19803.94059,52.0,-2.0,93429.95,0.023577125147954625,25712.52585,54.0,-2.0,86286.01,-0.0450862107127048,34509.01227,58.0,-2.0,90802.44,-0.000971056444718732,7429.88291,60.1429,-0.14280000000000115,90214.96333333333,16002.137643333333,50.0,0.9891573049836632,0.52552354863061,0.96,90285.53285714285,20875.13144571429,54.0,0.9883841538732205,0.4028477704137517,0.8888888888888888,89857.84357142856,19632.902006428572,57.285714285714285,0.9930884879188662,0.42833709235885775,0.8379052369077307,0.0342367062206773,0.0266349263313537,0.7019178228254314,1.0166224885255215,1
2025-12-07,89236.8,91760.0,87719.28,90395.31,13021.11185,1167866486.8455212,3953071,6370.56683,571547237.8567672,46.0,0.01298253780755676,0.012898987020788722,0.012982424291323699,0.04606421758135727,1.0129824242913237,1.0150969115543715,0.9703963623776499,0.5483811882108343,9.474404103070317,0.5925540070767268,0.48924906746730695,-2.0,-0.04166666666666663,89236.79,-0.0010438817669845557,8409.50016,48.0,-2.0,89330.04,-0.029844460232980596,19792.97218,50.0,-2.0,92078.06,-0.014469557138797606,19803.94059,52.0,-2.0,91277.88,0.05785259974357393,28210.22732,56.0,-2.0,90360.0,-0.004872556288134988,9687.74175,60.0,-0.14289999999999736,89654.04666666668,13741.194730000001,48.0,1.0082680409964018,0.9475967778531,0.9583333333333334,90290.57714285715,21351.327174285714,52.0,1.0011599533468165,0.6098502329017684,0.8846153846153846,90112.50857142857,19153.37684,56.214285714285715,1.0031383149027226,0.6798337420483812,0.818297331639136,0.03464827299397511,0.026116478006040715,0.0,0.963624112343662,1
2025-12-08,90395.32,92287.15,89612.0,90634.34,15793.63887,1436920018.893613,5458731,7296.74328,663654575.4521835,45.8571,0.0026442743544992098,0.002640784411958209,0.0026441634367795758,0.029852586707137373,1.0026441634367795,1.018236024005912,0.988720169419229,0.21292552064207948,9.66742584941039,0.38088362187271607,0.46200519969214665,-0.14289999999999736,-0.0031065217391303968,90395.31,0.01298253780755676,13021.11185,46.0,-2.0,89236.79,-0.0010438817669845557,8409.50016,48.0,-2.0,89330.04,-0.029844460232980596,19792.97218,50.0,-2.0,93429.95,0.023577125147954625,25712.52585,54.0,-2.0,86286.01,-0.0450862107127048,34509.01227,58.0,-2.0,90088.81333333334,12408.083626666667,46.619033333333334,1.0060554318175796,1.272850775768251,0.9836561747669585,90911.76714285715,18677.702402857143,50.2653,0.996948391263573,0.8455878849201514,0.9123013291475431,90279.24642857142,18519.841905714286,55.142857142857146,1.0039332801887033,0.8527955557291709,0.8316054404145078,0.028277408157870387,0.025815834703238727,0.7019178228254369,0.963624112343662,1
2025-12-09,90634.35,94588.99,89500.0,92678.8,21240.43014,1956261065.6071732,5940223,10517.75959,969426006.1222627,45.7143,0.022557233825501566,0.02230658176977993,0.022557121003239908,0.05686022346368721,1.0225571210032398,1.020610862462613,0.9657008938397994,0.34487247143191135,9.963708805480865,0.0882058485754289,0.49517639335339747,-0.14280000000000115,-0.0031140216018893385,90634.34,0.0026442743544992098,15793.63887,45.8571,-0.14289999999999736,90395.31,0.01298253780755676,13021.11185,46.0,-2.0,89236.79,-0.0010438817669845557,8409.50016,48.0,-2.0,92078.06,-0.014469557138797606,19803.94059,52.0,-2.0,91277.88,0.05785259974357393,28210.22732,56.0,-2.0,91236.15000000001,16685.060286666667,45.85713333333334,1.0158122630119748,1.2730208806601444,0.9968852537664078,91111.89857142857,17682.017091428574,48.79591428571429,1.0171975499703043,1.2012447465790757,0.9368468788663219,90658.44928571428,18639.369694285713,54.07142857142857,1.0222852997178289,1.1395465881290876,0.8454428005284016,0.019591492592905848,0.02607655947878743,0.906196410697982,0.963624112343662,0
2025-12-10,92678.81,94476.0,91563.15,92015.37,18998.68083,1758773276.2478049,6025707,9197.33116,852012295.3967115,45.5714,-0.007158379262571457,-0.007184123390461821,-0.0071584863897152145,0.03181247040976644,0.9928415136102848,1.0267415106845736,0.995085386278401,-0.10554161545807561,9.85217745958643,0.014390705534118808,0.4841036723706042,-0.14290000000000447,-0.0031259365231449676,92678.8,0.022557233825501566,21240.43014,45.7143,-0.14280000000000115,90634.34,0.0026442743544992098,15793.63887,45.8571,-0.14289999999999736,90395.31,0.01298253780755676,13021.11185,46.0,-2.0,89330.04,-0.029844460232980596,19792.97218,50.0,-2.0,93429.95,0.023577125147954625,25712.52585,54.0,-2.0,91776.17,18677.583280000003,45.71426666666667,1.0026063410578148,1.0171916004970425,0.9968747903644959,90909.81571428571,16722.896374285712,47.59182857142857,1.01216100018494,1.1360879362509053,0.9575467337129903,90767.83142857142,18448.14529714286,53.0,1.013744280895488,1.0298423242006016,0.8598377358490565,0.01735614467487598,0.02461733087138521,0.9926795226869063,0.963624112343662,1
2025-12-11,92015.38,93555.0,89260.63,92513.38,19972.58758,1814322119.0658488,6250438,9150.89797,831529923.8088819,45.4286,0.005412247975528528,0.005397654393828906,0.005412138709854809,0.048110460345171156,1.005412138709855,1.0112591281390864,0.9648402209496616,0.05126180910740619,9.902166058747715,0.037295374634047196,0.45817287987078137,-0.14279999999999404,-0.00313354428435364,92015.37,-0.007158379262571457,18998.68083,45.5714,-0.14290000000000447,92678.8,0.022557233825501566,21240.43014,45.7143,-0.14280000000000115,90634.34,0.0026442743544992098,15793.63887,45.8571,-0.14289999999999736,89236.79,-0.0010438817669845557,8409.50016,48.0,-2.0,92078.06,-0.014469557138797606,19803.94059,52.0,-2.0,92402.51666666666,20070.566183333332,45.57143333333334,1.0011997869466398,0.9951182940013573,0.9968657265553055,90972.00428571427,16746.98880142857,46.65305714285715,1.0169434072205858,1.1926076870784241,0.973753978456166,90852.07642857141,18672.365172857146,51.92857142857143,1.018285807399622,1.0696335142927103,0.8748286107290234,0.016594597065549103,0.024541760985560563,0.9926884316747896,0.963624112343662,0
2025-12-12,92513.38,92754.0,89480.0,90268.42,16679.19169,1521683425.5648005,4956719,7986.68273,728724357.3886564,45.2857,-0.02426632774632176,-0.024565606595954068,-0.024266327746321734,0.036589181940098345,0.9757336722536782,1.027535432657401,0.991265826963627,-0.16489580415198257,9.721977168052938,-0.20698053480412093,0.47884111403242713,-0.14290000000000447,-0.0031455955059148666,92513.38,0.005412247975528528,19972.58758,45.4286,-0.14279999999999404,92015.37,-0.007158379262571457,18998.68083,45.5714,-0.14290000000000447,92678.8,0.022557233825501566,21240.43014,45.7143,-0.14280000000000115,90395.31,0.01298253780755676,13021.11185,46.0,-2.0,89330.04,-0.029844460232980596,19792.97218,50.0,-2.0,91599.05666666669,18550.153366666666,45.42856666666666,0.9854732492332433,0.8991403661368831,0.9968551359386936,91106.05857142857,16302.163017142857,45.97958571428571,0.9908058960670343,1.0231275243941966,0.9849088306580778,90807.62785714286,18518.674570714287,50.857142857142854,0.994062086304125,0.9006687614877539,0.8904491573033708,0.014928479731975367,0.02544170732288778,0.9061915318413388,0.963624112343662,0
2025-12-13,90268.43,90634.55,89766.39,90240.01,5895.70788,532250544.59040153,1363754,2237.9847,202065519.4961406,45.1429,-0.00031472800786813693,-0.0003147775451217187,-0.00031483875370379497,0.00967132576012028,0.9996851612462962,1.0043721183098273,0.9947515520000497,-0.6465231655359673,8.682149487720766,-0.724867598909682,0.3795955881043414,-0.14280000000000115,-0.0031533132975751776,90268.42,-0.02426632774632176,16679.19169,45.2857,-0.14290000000000447,92513.38,0.005412247975528528,19972.58758,45.4286,-0.14279999999999404,92015.37,-0.007158379262571457,18998.68083,45.5714,-0.14290000000000447,90634.34,0.0026442743544992098,15793.63887,45.8571,-0.14289999999999736,89236.79,-0.0010438817669845557,8409.50016,48.0,-2.0,91007.27,14182.495716666666,45.28573333333333,0.9915692449625177,0.41570313136577325,0.9968459529564866,91249.37571428572,15943.049834285714,45.57142857142857,0.9889383822477187,0.3697979960723206,0.990596551724138,90767.4542857143,18409.090640000002,49.785714285714285,0.9941890593950775,0.3202606796443042,0.9067440459110473,0.014909573122521948,0.0254407658095328,0.7019367228298735,0.963624112343662,0
2025-12-14,90240.0,90472.4,87577.36,88172.17,9416.94004,839079130.8378651,3115749,4005.70835,356905157.3266693,45.0,-0.022914891077693733,-0.023181518223391553,-0.022914782801418457,0.03305694531097984,0.9770852171985815,1.026087936817252,0.9932539938622357,0.5972534989301403,9.150371664251061,1.2846855077968606,0.42537260861650344,-0.14289999999999736,-0.003165503323889207,90240.01,-0.00031472800786813693,5895.70788,45.1429,-0.14280000000000115,90268.42,-0.02426632774632176,16679.19169,45.2857,-0.14290000000000447,92513.38,0.005412247975528528,19972.58758,45.4286,-0.14279999999999404,92678.8,0.022557233825501566,21240.43014,45.7143,-0.14280000000000115,90395.31,0.01298253780755676,13021.11185,46.0,-2.0,89560.2,10663.946536666666,45.14286666666666,0.9845017094646953,0.8830633206591023,0.996835232735183,90931.78428571428,15428.168147142858,45.42857142857143,0.9696518185869599,0.6103731791219764,0.9905660377358491,90611.18071428571,18389.747660714285,48.714285714285715,0.9730826737378427,0.5120755441423078,0.9237536656891495,0.01647137725654716,0.026145876918280145,5.345224754762794e-05,0.963624112343662,0
2025-12-15,88172.16,90052.64,85146.64,86432.08,19778.6919,1732823429.5017288,6747167,9592.41076,840349649.3250623,43.8571,-0.019735138649757622,-0.019932477149059748,-0.01973502747352454,0.05761824541755259,0.9802649725264755,1.0418890763707178,0.985127744235705,1.100331085892738,9.892411028715653,1.1655040248749176,0.48498711686792595,-1.1428999999999974,-0.02539777777777774,88172.17,-0.022914891077693733,9416.94004,45.0,-0.14289999999999736,90240.01,-0.00031472800786813693,5895.70788,45.1429,-0.14280000000000115,90268.42,-0.02426632774632176,16679.19169,45.2857,-0.14290000000000447,92015.37,-0.007158379262571457,18998.68083,45.5714,-0.14290000000000447,90634.34,0.0026442743544992098,15793.63887,45.8571,-0.14289999999999736,88281.42,11697.113273333334,44.666666666666664,0.979051764233063,1.6909036817734138,0.9818753731343285,90331.46142857142,15997.461437142858,45.142857142857146,0.9568325213950534,1.2363644055473635,0.9715180379746835,90621.6142857143,17337.58192,47.70407857142857,0.9537689289830413,1.1407987567853408,0.9193574493705317,0.017248451999376257,0.023648690235461255,0.3779833745399003,0.9266075000645229,1
2025-12-16,86432.08,88175.98,85266.0,87863.42,18456.05017,1604673428.6527836,6099692,9065.97746,788731082.46646,42.7143,0.016560286412174774,0.016424660160555687,0.016560286412174698,0.03412825745314658,1.0165602864121748,1.003557339334162,0.9704379820407628,-0.06687205284794406,9.82320169951349,-0.09596249803806545,0.4912198101160667,-1.1428000000000011,-0.026057354453440817,86432.08,-0.019735138649757622,19778.6919,43.8571,-1.1428999999999974,88172.17,-0.022914891077693733,9416.94004,45.0,-0.14289999999999736,90240.01,-0.00031472800786813693,5895.70788,45.1429,-0.14280000000000115,92513.38,0.005412247975528528,19972.58758,45.4286,-0.14279999999999404,92678.8,0.022557233825501566,21240.43014,45.7143,-0.14280000000000115,87489.22333333333,15883.894036666665,43.85713333333334,1.0042770601042026,1.1619348585048304,0.9739419053076884,89643.55000000002,15599.692869999999,44.714285714285715,0.9801421295787592,1.183103431830578,0.9552718849840256,90377.72428571428,16640.854980714288,46.75509999999999,0.9721800443020038,1.109080644677777,0.9135752035606812,0.01563007044857506,0.01777434528068089,0.48794515987723314,0.88349066442203,0
2025-12-17,87863.43,90365.85,85314.0,86243.22,19834.11729,1733348496.6703594,6058638,9277.27838,810618013.2566439,41.5714,-0.018439983328670806,-0.018612119227458226,-0.01844009504295464,0.05921478303678184,0.9815599049570454,1.0478023663773222,0.9892255878201208,0.07466749967119313,9.895209246215545,-0.006730503769698526,0.467743446524713,-1.1429000000000045,-0.026756847238512682,87863.42,0.016560286412174774,18456.05017,42.7143,-1.1428000000000011,86432.08,-0.019735138649757622,19778.6919,43.8571,-1.1428999999999974,88172.17,-0.022914891077693733,9416.94004,45.0,-0.14289999999999736,90268.42,-0.02426632774632176,16679.19169,45.2857,-0.14290000000000447,92015.37,-0.007158379262571457,18998.68083,45.5714,-0.14290000000000447,86846.24,19356.28645333333,42.71426666666667,0.9930564639298143,1.0246860800401298,0.9732439122603844,88818.95714285715,15719.040935714287,44.142857142857146,0.9710001420224479,1.261789276528703,0.9417469255663429,89864.38642857142,16220.968655,45.86734285714285,0.9597040988929502,1.2227455531076605,0.9063398359368041,0.016162955686815517,0.016522560486056007,0.5345313951312434,0.8333302694742218,0
2025-12-18,86243.23,89477.61,84450.01,85516.41,25405.41763,2204223872.6696463,6946947,12668.53838,1098646854.9700365,40.4286,-0.008427445079160933,-0.00846315677488792,-0.008427560053119445,0.05953344469704629,0.9915724399468806,1.0463209341926303,0.9875298787682971,0.2808947965034445,10.142757083691235,0.1466185964568274,0.4986549941631485,-1.142799999999994,-0.027490053257768432,86243.22,-0.018439983328670806,19834.11729,41.5714,-1.1429000000000045,87863.42,0.016560286412174774,18456.05017,42.7143,-1.1428000000000011,86432.08,-0.019735138649757622,19778.6919,43.8571,-1.1428999999999974,90240.01,-0.00031472800786813693,5895.70788,45.1429,-0.14280000000000115,92513.38,0.005412247975528528,19972.58758,45.4286,-0.14279999999999404,86541.01666666668,21231.861696666663,41.57143333333334,0.9881604503144077,1.1965704182214305,0.9725091669519854,87819.39,16495.159514285715,43.42857142857143,0.9737759508463906,1.540174110350222,0.9309217105263158,89395.69714285713,16621.07415785714,45.04081428571428,0.9566054377689129,1.5285063641924919,0.8975992250837892,0.014888122557923131,0.0163503331155497,0.5345135777152007,0.7747549959414683,1
2025-12-19,85516.41,89399.97,85110.24,88136.94,21256.65004,1863236625.932864,6482253,10880.14451,953886285.3647416,39.2857,0.03064359226492308,0.030183453965176642,0.030643592264923174,0.050402043279398526,1.030643592264923,1.0143303137140909,0.9656591209088947,-0.16330247549644394,9.964472111449787,-0.06689183032488943,0.511846621623169,-1.1429000000000045,-0.028269591328910826,85516.41,-0.008427445079160933,25405.41763,40.4286,-1.142799999999994,86243.22,-0.018439983328670806,19834.11729,41.5714,-1.1429000000000045,87863.42,0.016560286412174774,18456.05017,42.7143,-1.1428000000000011,88172.17,-0.022914891077693733,9416.94004,45.0,-0.14289999999999736,90268.42,-0.02426632774632176,16679.19169,45.2857,-0.14290000000000447,86632.19,22165.394986666666,40.42856666666666,1.0173694096847834,0.9590016353323138,0.9717312098623334,87514.89285714286,17149.08213571429,42.57142857142857,1.00710790041042,1.2395211517315778,0.9228184563758389,89310.47571428573,16725.62257642857,44.27550714285714,0.9868600440776959,1.2709033665483407,0.8873009601729174,0.020272501978918507,0.017285818244273797,0.48795491887790576,0.7056787103581548,1
2025-12-20,88136.95,88573.07,87795.76,88360.9,5123.13194,451919022.72775954,1174426,2456.37063,216687645.32920048,38.1429,0.002541045786250251,0.0025378227881089903,0.0025409320381519565,0.008853616621121706,1.002540932038152,1.002401175180425,0.9936041846563356,-0.7589868615064239,8.541716412099634,-0.8188244118210135,0.47946659558410665,-1.1428000000000011,-0.029089465123441904,88136.94,0.03064359226492308,21256.65004,39.2857,-1.1429000000000045,85516.41,-0.008427445079160933,25405.41763,40.4286,-1.142799999999994,86243.22,-0.018439983328670806,19834.11729,41.5714,-1.1429000000000045,86432.08,-0.019735138649757622,19778.6919,43.8571,-1.1428999999999974,90240.01,-0.00031472800786813693,5895.70788,45.1429,-0.14280000000000115,87338.08333333333,17261.733203333333,39.28573333333333,1.0117110042678976,0.2967912827554707,0.9709097110740794,87246.44857142857,17038.714144285714,41.57142857142857,1.012773602213264,0.30067597217822617,0.9175268041237113,89247.91214285714,16490.881989285717,43.57142857142857,0.9900612560948504,0.31066452014686347,0.8754108196721311,0.02036951174294641,0.017308807759507418,0.37794557809293283,0.622607483681545,1
2025-12-21,88360.91,89081.77,87600.04,88658.86,7132.87258,629720971.7866651,2030666,3450.39397,304712061.7980245,37.0,0.003372079732098854,0.003366407020219751,0.0033719661782568456,0.016914718303781717,1.0033719661782567,1.004770081636511,0.9880573695623877,0.3922875037256994,8.872609504811754,0.7290710525822828,0.4837313342277593,-1.1428999999999974,-0.029963636744977373,88360.9,0.002541045786250251,5123.13194,38.1429,-1.1428000000000011,88136.94,0.03064359226492308,21256.65004,39.2857,-1.1429000000000045,85516.41,-0.008427445079160933,25405.41763,40.4286,-1.142799999999994,87863.42,0.016560286412174774,18456.05017,42.7143,-1.1428000000000011,88172.17,-0.022914891077693733,9416.94004,45.0,-0.14289999999999736,88385.56666666667,11170.884853333335,38.14286666666666,1.0030920583941496,0.6385235076406313,0.9700372109769761,87315.97571428571,16712.41879285714,40.42857142857143,1.015379594338022,0.4268007323421417,0.9151943462897526,89123.88,16070.29347,42.92857142857143,0.9947823187231076,0.44385453155013227,0.8618968386023295,0.018373752228471825,0.016916292911943707,5.3452252047893084e-05,0.5188745242041984,0
2025-12-22,88658.87,90588.23,87900.0,88620.79,14673.2197,1310235631.747926,4847747,7269.61435,649186791.7715422,36.7143,-0.00042939870871350205,-0.00042949092673883664,-0.0004295114521536508,0.030582821387940797,0.9995704885478464,1.0222006596871909,0.9918665811938712,1.0571262889431847,9.593847471221284,1.3872694968054815,0.495434165004699,-0.2856999999999985,-0.007721621621621599,88658.86,0.003372079732098854,7132.87258,37.0,-1.1428999999999974,88360.9,0.002541045786250251,5123.13194,38.1429,-1.1428000000000011,88136.94,0.03064359226492308,21256.65004,39.2857,-1.1429000000000045,86243.22,-0.018439983328670806,19834.11729,41.5714,-1.1429000000000045,86432.08,-0.019735138649757622,19778.6919,43.8571,-1.1428999999999974,88546.84999999999,8976.408073333334,37.28573333333333,1.0008350381747064,1.6346426744557736,0.984674209617262,87628.64857142858,15983.06562142857,39.408171428571436,1.0113221126280716,0.9180478919092684,0.9316418059778754,88980.05500000001,15990.263529285714,42.27551428571429,0.9959624097782361,0.9176346389242688,0.8684530660436335,0.016057706595837367,0.016881747713903356,0.3239722518982155,0.5096112812938695,0
2025-12-23,88620.79,88940.0,86601.9,87486.0,13910.32904,1219899607.2677548,4465080,6381.76747,559905195.8871304,36.4286,-0.012805008847246668,-0.012887699635666881,-0.01280500884724672,0.02699825292516684,0.9871949911527533,1.0166198020254669,0.9898943831012962,-0.05199204234637056,9.540458826003904,-0.07893708149373302,0.4587790448125877,-0.2856999999999985,-0.007781709034354378,88620.79,-0.00042939870871350205,14673.2197,36.7143,-0.2856999999999985,88658.86,0.003372079732098854,7132.87258,37.0,-1.1428999999999974,88360.9,0.002541045786250251,5123.13194,38.1429,-1.1428000000000011,85516.41,-0.008427445079160933,25405.41763,40.4286,-1.142799999999994,87863.42,0.016560286412174774,18456.05017,42.7143,-1.1428000000000011,88255.21666666667,11905.473773333333,36.7143,0.9912841790466398,1.1683977727251202,0.9922182909656456,87574.73142857142,15333.676888571428,38.51021428571429,0.9989867918847825,0.9071750462126743,0.9459464372161003,88609.14071428574,15466.684879285714,41.61225,0.987324775917789,0.8993736633653074,0.8754297112028309,0.01597012640250359,0.015607365362326235,0.4182512556551909,0.49994444861734205,1
2025-12-24,87486.0,88049.89,86420.0,87669.45,9140.8432,797460526.4738462,2877239,4543.27331,396385690.4046026,36.1429,0.002096906933680698,0.002094711492890748,0.002096906933680784,0.018860101828280483,1.0020969069336807,1.0043394819974347,0.9857481711131986,-0.3428736894925385,9.120617307136635,-0.355613113314879,0.49703000156484467,-0.2857000000000056,-0.007842738946871597,87486.0,-0.012805008847246668,13910.32904,36.4286,-0.2856999999999985,88620.79,-0.00042939870871350205,14673.2197,36.7143,-0.2856999999999985,88658.86,0.003372079732098854,7132.87258,37.0,-1.1428999999999974,88136.94,0.03064359226492308,21256.65004,39.2857,-1.1429000000000045,86243.22,-0.018439983328670806,19834.11729,41.5714,-1.1429000000000045,87925.41333333333,12574.797313333334,36.428599999999996,0.9970888583444817,0.7269177365036145,0.9921572610531286,87778.47857142857,13806.066304285714,37.73471428571428,0.9987579122673008,0.662088896180549,0.9578156528849904,88298.71785714287,14762.55362,40.938785714285714,0.9928734202215602,0.6191911938335773,0.8828522724695232,0.013875537867071554,0.015659099683093102,0.45816594882931455,0.4898663170972006,0
2025-12-25,87669.44,88592.74,86934.72,87225.27,7096.58235,622970453.6497648,1992172,3390.95708,297591128.7233041,35.8571,-0.00506653115766087,-0.005079409544226788,-0.005066417670741346,0.01907201173478219,0.9949335823292587,1.0156774521878809,0.9966689698982875,-0.22364029283425402,8.867509490956815,-0.30760983011838783,0.47782959638310973,-0.2857999999999947,-0.007907500504939935,87669.45,0.002096906933680698,9140.8432,36.1429,-0.2857000000000056,87486.0,-0.012805008847246668,13910.32904,36.4286,-0.2856999999999985,88620.79,-0.00042939870871350205,14673.2197,36.7143,-0.2856999999999985,88360.9,0.002541045786250251,5123.13194,38.1429,-1.1428000000000011,85516.41,-0.008427445079160933,25405.41763,40.4286,-1.142799999999994,87460.23999999999,10049.25153,36.14286666666666,0.9973134077839257,0.7061801895210399,0.9920934144681387,88022.60142857142,11190.518407142856,37.08164285714286,0.9909417420568007,0.6341602856816968,0.9669771142055271,87920.99571428573,13842.838960714285,40.25510714285714,0.9920869218025395,0.512653681093883,0.890746604468111,0.013490126008993672,0.01545791257912183,0.45816149523316196,0.4793276929176985,1
2025-12-26,87225.27,89567.75,86655.08,87369.56,18344.61505,1616722115.636646,4509482,8846.80613,780464877.7249064,35.5714,0.0016542224518192317,0.00165285573288968,0.0016542224518192215,0.03361222446508616,1.0016542224518192,1.0251596780388958,0.9918223234728435,1.584992908593529,9.817145863073922,1.2636007332700188,0.48225629733233355,-0.2857000000000056,-0.007967738606859065,87225.27,-0.00506653115766087,7096.58235,35.8571,-0.2857999999999947,87669.45,0.002096906933680698,9140.8432,36.1429,-0.2857000000000056,87486.0,-0.012805008847246668,13910.32904,36.4286,-0.2856999999999985,88658.86,0.003372079732098854,7132.87258,37.0,-1.1428999999999974,88136.94,0.03064359226492308,21256.65004,39.2857,-1.1429000000000045,87421.42666666668,11527.346866666667,35.85713333333334,0.9994067053279232,1.5913995876229468,0.9920313391849505,87912.97571428573,10774.513408571427,36.55102857142857,0.9938187086733156,1.7025933658782535,0.9731983309439797,87713.93428571428,13961.797772142858,39.56122857142857,0.9960738930647833,1.3139149663521066,0.8991480114368829,0.005832775710396305,0.01436865420110596,0.4182366173534278,0.4683279918679154,1
2025-12-27,87369.56,87984.0,87253.05,87877.01,4469.55156,391274205.274436,957536,2065.72405,180860481.2392424,35.2857,0.005808086935541468,0.00579128502519536,0.005808086935541361,0.00837735758234236,1.0058080869355415,1.0012174970450178,0.9928996218692466,-0.7563562087393052,8.405267071494391,-0.7876616427341322,0.4621770265471554,-0.2856999999999985,-0.008031733358821902,87369.56,0.0016542224518192317,18344.61505,35.5714,-0.2857000000000056,87225.27,-0.00506653115766087,7096.58235,35.8571,-0.2857999999999947,87669.45,0.002096906933680698,9140.8432,36.1429,-0.2857000000000056,88620.79,-0.00042939870871350205,14673.2197,36.7143,-0.2856999999999985,88360.9,0.002541045786250251,5123.13194,38.1429,-1.1428000000000011,87490.61333333333,9970.249653333334,35.571400000000004,1.0044164356831575,0.44828883081234616,0.9919682666411779,87843.84857142858,10681.144782857142,36.142857142857146,1.0003775042773138,0.41845248340547464,0.97628418972332,87545.14857142857,13859.929463571429,38.857142857142854,1.00379074607773,0.322480108700949,0.9080878676470588,0.006297375512591728,0.014523882343727515,0.32398484899907226,0.4568089953599421,1
2025-12-28,87877.0,88088.75,87435.0,87952.71,4446.29285,390327299.1502763,1241426,2230.75216,195842128.18741432,35.0,0.0008614312207482211,0.0008610604018155715,0.0008615451141937754,0.007476982901584034,1.0008615451141938,1.0015467402880478,0.9941137686377144,-0.005203812885425152,8.400050841726761,0.2964797146008087,0.501710578960178,-0.2856999999999985,-0.008096764411645418,87877.01,0.005808086935541468,4469.55156,35.2857,-0.2856999999999985,87369.56,0.0016542224518192317,18344.61505,35.5714,-0.2857000000000056,87225.27,-0.00506653115766087,7096.58235,35.8571,-0.2857999999999947,87486.0,-0.012805008847246668,13910.32904,36.4286,-0.2856999999999985,88658.86,0.003372079732098854,7132.87258,37.0,-1.1428999999999974,87733.09333333334,9086.819819999999,35.2857,1.0025032363310415,0.48931231586806134,0.9919032355883546,87742.97,10297.347678571428,35.857142857142854,1.0023903909338834,0.4317901064225155,0.9760956175298806,87529.47285714287,13504.883235714286,38.142857142857146,1.0048353672088017,0.3292359343205259,0.9176029962546816,0.006090436449495309,0.013193616488310663,3.779644612863645e-05,0.44474959222041005,0
2025-12-29,87952.71,90406.08,86806.5,87237.13,19894.98575,1762011993.0377953,4793589,10079.10102,892298235.3755021,35.2857,-0.008135963064696994,-0.00816924063180667,-0.008135963064696945,0.041466710442190406,0.991864036935303,1.03632570214082,0.995063684465548,3.4745108838253875,9.898273269258617,2.8613570200720786,0.5066151414559319,0.2856999999999985,0.008162857142857138,87952.71,0.0008614312207482211,4446.29285,35.0,-0.2856999999999985,87877.01,0.005808086935541468,4469.55156,35.2857,-0.2856999999999985,87369.56,0.0016542224518192317,18344.61505,35.5714,-0.2857000000000056,87669.45,0.002096906933680698,9140.8432,36.1429,-0.2857000000000056,88620.79,-0.00042939870871350205,14673.2197,36.7143,-0.2856999999999985,87688.95,9603.610053333332,35.19046666666666,0.9948474693789812,2.0716153237703168,1.0027062253602776,87545.30428571429,11043.314257142858,35.65305714285714,0.9964798307775764,1.801541211881374,0.9896963353974052,87586.97642857142,13513.189939285714,37.530614285714286,0.9960057254761303,1.4722641981195757,0.9401844513222157,0.006617327514052057,0.01219174089273053,0.2159752025007449,0.49937741194455426,1
2025-12-30,87237.13,89400.0,86845.66,88485.49,13105.91001,1155016404.4786751,3542176,6561.56089,578303387.4025433,35.5714,0.014309961824741313,0.014208540730604829,0.014309961824741375,0.029412408173304184,1.0143099618247413,1.0103351408236536,0.9814678090159189,-0.3412455693766958,9.480894851799073,-0.2610597195545967,0.5006566415451833,0.2856999999999985,0.008096764411645418,87237.13,-0.008135963064696994,19894.98575,35.2857,0.2856999999999985,87952.71,0.0008614312207482211,4446.29285,35.0,-0.2856999999999985,87877.01,0.005808086935541468,4469.55156,35.2857,-0.2856999999999985,87225.27,-0.00506653115766087,7096.58235,35.8571,-0.2857999999999947,87486.0,-0.012805008847246668,13910.32904,36.4286,-0.2856999999999985,87891.77666666667,12482.396203333332,35.2857,1.0067550498562001,1.0499514513487533,1.0080967644116454,87688.08857142857,10928.397252857143,35.5306,1.009093611704421,1.199252708952684,1.0011483059672508,87631.41,13131.037070714285,37.020407142857145,1.009746277048378,0.9980864374550944,0.9608592326587438,0.007294549337210228,0.011979986722330995,0.2788244122331157,0.527764798231891,0
2025-12-31,88485.5,89200.0,87250.0,87648.22,11558.62047,1019746835.2795268,2897396,5432.03408,479104976.9645489,35.8571,-0.009462229344042727,-0.009507280651887915,-0.009462341287555576,0.022349570200573064,0.9905376587124445,1.0177046379264747,0.9954566105278578,-0.11806044287038409,9.35527331037253,-0.1820293514495045,0.4699552246826217,0.2857000000000056,0.008031733358822235,88485.49,0.014309961824741313,13105.91001,35.5714,0.2856999999999985,87237.13,-0.008135963064696994,19894.98575,35.2857,0.2856999999999985,87952.71,0.0008614312207482211,4446.29285,35.0,-0.2856999999999985,87369.56,0.0016542224518192317,18344.61505,35.5714,-0.2857000000000056,87669.45,0.002096906933680698,9140.8432,36.1429,-0.2857000000000056,87790.28000000001,14853.172076666668,35.571400000000004,0.9983818254139295,0.778192052871845,1.008031733358822,87685.05571428571,11273.794005714284,35.48977142857142,0.9995799088683283,1.0252644730018436,1.010350265911627,87731.76714285715,12539.930154999998,36.61224285714286,0.9990476979368135,0.9217452032929606,0.9793745807901104,0.00840024480389816,0.011091459751328987,0.30543951236584566,0.5340954518653932,1
2026-01-01,87648.21,88919.45,87550.43,88839.04,6279.57133,552991635.2911001,1449281,3123.64536,275090077.2883817,36.1429,0.013586356916318376,0.013494889906895059,0.013586472558880404,0.0156369306238702,1.0135864725588803,1.0009051200913472,0.9854950030977372,-0.4567196538463729,8.745216231438818,-0.4997987848399045,0.4974297122921606,0.2857999999999947,0.007970527454813636,87648.22,-0.009462229344042727,11558.62047,35.8571,0.2857000000000056,88485.49,0.014309961824741313,13105.91001,35.5714,0.2856999999999985,87237.13,-0.008135963064696994,19894.98575,35.2857,0.2856999999999985,87877.01,0.005808086935541468,4469.55156,35.2857,-0.2856999999999985,87225.27,-0.00506653115766087,7096.58235,35.8571,-0.2857999999999947,88324.25,10314.700603333333,35.85713333333334,1.0058284106573223,0.6087982163990948,1.00796959043017,87915.5942857143,11157.078145714286,35.5306,1.0105037760568918,0.5628329611021091,1.0172330329349912,87969.09785714287,11173.79827642857,36.30612142857142,1.0098891788599431,0.5619907550368907,0.9955043000422794,0.009423066006087643,0.011179927126522394,0.3054395123658456,0.5192058835428357,1
2026-01-02,88839.05,90961.81,88379.88,89995.13,17396.97301,1558958860.8870876,5010211,8929.35447,800380273.9640186,36.4286,0.013013310364452524,0.012929364730521834,0.013013196336520953,0.029214002100930583,1.013013196336521,1.010741470121772,0.9820518065810895,1.7704077389626534,9.764108984738543,2.4570321421449672,0.5132705824666908,0.2857000000000056,0.007904733709802159,88839.04,0.013586356916318376,6279.57133,36.1429,0.2857999999999947,87648.22,-0.009462229344042727,11558.62047,35.8571,0.2857000000000056,88485.49,0.014309961824741313,13105.91001,35.5714,0.2856999999999985,87952.71,0.0008614312207482211,4446.29285,35.0,-0.2856999999999985,87369.56,0.0016542224518192317,18344.61505,35.5714,-0.2857000000000056,88827.46333333333,11745.054936666667,36.14286666666666,1.013145333918688,1.481216827320979,1.007905663265965,88290.67571428571,11021.70071142857,35.65305714285714,1.0193050316120587,1.5784290887123087,1.0217524924730959,88101.82571428572,10898.10706,36.102042857142855,1.0214899551781624,1.5963297950937914,1.0090453923660039,0.010169445484729861,0.008463297979026495,0.27882441223311555,0.4810843156207299,1
2026-01-03,89995.14,90741.16,89314.01,90628.01,7057.46716,635514773.6093655,1684214,3791.72083,341479553.3015828,36.7143,0.007032380529924165,0.00700776866128145,0.007032268631394932,0.015979016058063105,1.0070322686313948,1.0012485102563766,0.9855011712162719,-0.5943278663510441,8.861983190766857,-0.6638436983991294,0.5372636873878135,0.2856999999999985,0.007842738946871375,89995.13,0.013013310364452524,17396.97301,36.4286,0.2857000000000056,88839.04,0.013586356916318376,6279.57133,36.1429,0.2857999999999947,87648.22,-0.009462229344042727,11558.62047,35.8571,0.2857000000000056,87237.13,-0.008135963064696994,19894.98575,35.2857,0.2856999999999985,87877.01,0.005808086935541468,4469.55156,35.2857,-0.2856999999999985,89820.72666666667,10244.6705,36.428599999999996,1.0089877176826818,0.6888915714761153,1.0078427389468716,88683.67571428571,11391.40294,35.857142857142854,1.02192437638668,0.6195432816460446,1.023904780876494,88263.76214285714,11036.273861428572,36.0,1.026786166822532,0.6394791619538932,1.0198416666666668,0.010210491498957641,0.008588982515726925,0.21597520250074448,0.4133981740763649,1
2026-01-04,90628.01,91810.0,90628.0,91529.73,10426.5297,952160980.5212083,2207037,5320.99389,485918671.5920199,37.0,0.00994968332637991,0.009900511123453195,0.009949683326380014,0.013042326874696562,1.00994968332638,1.0030620651890922,0.9901482283406714,0.4773755886665718,9.252204674304876,0.3104255159973732,0.5103322047795059,0.2856999999999985,0.007781709034354378,90628.01,0.007032380529924165,7057.46716,36.7143,0.2856999999999985,89995.13,0.013013310364452524,17396.97301,36.4286,0.2857000000000056,88839.04,0.013586356916318376,6279.57133,36.1429,0.2857999999999947,88485.49,0.014309961824741313,13105.91001,35.5714,0.2856999999999985,87952.71,0.0008614312207482211,4446.29285,35.0,-0.2856999999999985,90717.62333333334,11626.989956666666,36.7143,1.0089520275865544,0.8967522754263368,1.0077817090343544,89194.67857142857,12245.722489999998,36.142857142857146,1.0261792683820423,0.8514425921797939,1.0237154150197627,88468.82428571429,11271.535084285713,36.0,1.0345986932571904,0.9250319164189282,1.0277777777777777,0.01025467840384984,0.00885470918831099,3.779644282411665e-05,0.296499728888193,1
2026-01-05,91529.74,94789.08,91514.81,93859.71,20673.59584,1927455243.548076,5485489,10892.9695,1015858751.9317029,36.8571,0.025455991184503812,0.025137383113592964,0.02545587914922517,0.03577858053794795,1.0254558791492252,1.0099016926432012,0.9750169694749748,0.9827877956363567,9.936660971454147,1.4854540272772954,0.526902508122167,-0.14289999999999736,-0.003862162162162064,91529.73,0.00994968332637991,10426.5297,37.0,0.2856999999999985,90628.01,0.007032380529924165,7057.46716,36.7143,0.2856999999999985,89995.13,0.013013310364452524,17396.97301,36.4286,0.2857000000000056,87648.22,-0.009462229344042727,11558.62047,35.8571,0.2857000000000056,87237.13,-0.008135963064696994,19894.98575,35.2857,0.2856999999999985,92005.81666666667,12719.197566666668,36.85713333333334,1.0201497405327091,1.625385228245806,0.9999990956070014,90140.76142857142,12356.952502857142,36.36734285714285,1.041257123996845,1.6730335279042228,1.013466948761723,88843.03285714285,11700.133380000001,36.0102,1.0564667479432386,1.7669538601447978,1.0235183364713332,0.01052644620291187,0.010739493238973101,0.1620018768262809,0.28825689931032483,0
2026-01-06,93859.71,94444.44,91262.94,93747.97,18546.41829,1728045542.298375,5018686,8108.82157,755998193.3969632,36.7143,-0.0011905001624232803,-0.0011912093706725466,-0.001190500162423315,0.034860809875290014,0.9988094998375767,1.0074291741997188,0.9734924393562868,-0.1028934475871035,9.8280858826085,-0.08509779164628717,0.43721765805164525,-0.14280000000000115,-0.003874423109794356,93859.71,0.025455991184503812,20673.59584,36.8571,-0.14289999999999736,91529.73,0.00994968332637991,10426.5297,37.0,0.2856999999999985,90628.01,0.007032380529924165,7057.46716,36.7143,0.2856999999999985,88839.04,0.013586356916318376,6279.57133,36.1429,0.2857999999999947,88485.49,0.014309961824741313,13105.91001,35.5714,0.2856999999999985,93045.80333333333,16548.847943333334,36.85713333333334,1.0075464625110622,1.1207075171339274,0.9961246760012082,90892.54428571429,13134.167971428571,36.530614285714286,1.0314154008640124,1.412074090292204,1.0050282678755158,89290.31642857143,12031.282612142855,36.03060714285714,1.0499231467613233,1.5415163027823477,1.018975335453885,0.011212879450111035,0.0097288662743466,0.20912075231219573,0.2793660556008566,0
2026-01-07,93747.97,93747.97,90675.52,91364.16,14276.49025,1311906952.9749737,4340252,6714.86954,616889466.1481977,36.5714,-0.02542785726453589,-0.025756732261084898,-0.025427857264535943,0.03388400750279675,0.9745721427354641,1.026091303198103,0.9924626899650804,-0.23022925360754387,9.566439467646122,-0.13518159932699514,0.4703445610520414,-0.14290000000000447,-0.0038922163843517765,93747.97,-0.0011905001624232803,18546.41829,36.7143,-0.14280000000000115,93859.71,0.025455991184503812,20673.59584,36.8571,-0.14289999999999736,91529.73,0.00994968332637991,10426.5297,37.0,0.2856999999999985,89995.13,0.013013310364452524,17396.97301,36.4286,0.2857000000000056,87648.22,-0.009462229344042727,11558.62047,35.8571,0.2857000000000056,92990.61333333334,17832.168126666667,36.71426666666667,0.9825094891297989,0.8006031655035027,0.9961086879941312,91423.39285714286,13522.435082857144,36.63265714285715,0.9993521039277616,1.0557632676749766,0.9983277996292143,89554.22428571428,12398.114544285712,36.061214285714286,1.0202105007186628,1.1515049485149362,1.014147768576052,0.016027731776619352,0.01268988269720139,0.22909188736649463,0.2697721530485352,0
2026-01-08,91364.16,91687.99,89311.0,91099.99,16132.79117,1460622501.2073882,4923472,8192.07574,741768676.9751914,36.4286,-0.0028913963637382523,-0.0028955845252425483,-0.0028913963637382345,0.02661475070260108,0.9971086036362617,1.0064544463726066,0.9803623469113443,0.13002501927951093,9.688671181939743,0.13437468607813563,0.5077903540482016,-0.14279999999999404,-0.003904690550539325,91364.16,-0.02542785726453589,14276.49025,36.5714,-0.14290000000000447,93747.97,-0.0011905001624232803,18546.41829,36.7143,-0.14280000000000115,93859.71,0.025455991184503812,20673.59584,36.8571,-0.14289999999999736,90628.01,0.007032380529924165,7057.46716,36.7143,0.2856999999999985,88839.04,0.013586356916318376,6279.57133,36.1429,0.2857999999999947,92070.70666666667,16318.56657,36.57143333333334,0.9894568348412808,0.9886157035176405,0.9960944015502081,91746.3857142857,14930.03791714286,36.67347142857143,0.9929545375629435,1.080559289904825,0.9933229274722912,89830.98999999999,13043.558031428573,36.10203571428572,1.014126528050064,1.2368397588394127,1.0090455920075738,0.015947933635040264,0.012596127635687408,0.2290696140810428,0.2593775246136954,0
2026-01-09,91100.0,92082.55,89694.66,90641.28,15590.27939,1416907180.1870482,4155703,8512.4327,773999739.2375336,36.2857,-0.0050352365571061375,-0.005047956075853812,-0.005035345773874876,0.026622432149249458,0.9949646542261251,1.0159008125216238,0.989556414031223,-0.033627893294053024,9.654467023469811,-0.15594056389474742,0.5460089897721839,-0.14290000000000447,-0.003922742021378878,91099.99,-0.0028913963637382523,16132.79117,36.4286,-0.14279999999999404,91364.16,-0.02542785726453589,14276.49025,36.5714,-0.14290000000000447,93747.97,-0.0011905001624232803,18546.41829,36.7143,-0.14280000000000115,91529.73,0.00994968332637991,10426.5297,37.0,0.2856999999999985,89995.13,0.013013310364452524,17396.97301,36.4286,0.2857000000000056,91035.14333333336,15333.186936666667,36.42856666666666,0.9956735023540174,1.0167670592157552,0.996078169421983,91838.69285714286,14671.938828571427,36.65305714285714,0.9869617824482164,1.0625916296515796,0.9899774487725443,90064.68428571429,12846.81977,36.15305714285714,1.00640201782595,1.2135516547376612,1.0036689250543522,0.015648562181239705,0.012784061366807006,0.2091158724134484,0.24811254635617158,0
2026-01-10,90641.27,90832.0,90404.0,90504.7,3104.11722,281321375.4802981,766357,1551.97383,140664759.4095869,36.1429,-0.0015068189681346489,-0.0015079553615388976,-0.001506708809353697,0.004734303791867616,0.9984932911906463,1.0036163867732837,0.9988873506016815,-0.8008940608215745,8.040806745667872,-0.8155890832429555,0.4999726878870895,-0.14280000000000115,-0.003935434620249922,90641.28,-0.0050352365571061375,15590.27939,36.2857,-0.14290000000000447,91099.99,-0.0028913963637382523,16132.79117,36.4286,-0.14279999999999404,91364.16,-0.02542785726453589,14276.49025,36.5714,-0.14290000000000447,93859.71,0.025455991184503812,20673.59584,36.8571,-0.14289999999999736,90628.01,0.007032380529924165,7057.46716,36.7143,0.2856999999999985,90748.65666666666,11609.062593333334,36.28573333333333,0.9973117324748646,0.26738741350077505,0.9960636503602884,91821.07714285715,14107.174551428572,36.57142857142857,0.9856636713070889,0.22003819465646718,0.9882824218749999,90252.37642857143,12749.288745714284,36.214285714285715,1.0027957554295346,0.24347375621588768,0.9980287968441813,0.015443021850493508,0.012796969013391656,0.16197668262526363,0.2358299075069321,1
2026-01-11,90504.7,91283.89,90236.0,91013.65,5477.13594,497245863.9319499,1282029,2868.36168,260447706.8088716,36.0,0.005623464858730998,0.005607712208944919,0.005623464858731062,0.011612770956159398,1.005623464858731,1.0029692249459286,0.9914556772528077,0.7644745838560827,8.608520165141261,0.6728874401877976,0.5236973687383045,-0.14289999999999736,-0.003953750252470023,90504.7,-0.0015068189681346489,3104.11722,36.1429,-0.14280000000000115,90641.28,-0.0050352365571061375,15590.27939,36.2857,-0.14290000000000447,91099.99,-0.0028913963637382523,16132.79117,36.4286,-0.14279999999999404,93747.97,-0.0011905001624232803,18546.41829,36.7143,-0.14280000000000115,91529.73,0.00994968332637991,10426.5297,37.0,0.2856999999999985,90719.87666666666,8057.1775166666675,36.14286666666666,1.0032382466128427,0.6797834512979608,0.9960471683670177,91747.35142857142,13400.118300000002,36.42857142857143,0.9920030233336747,0.408737879575287,0.988235294117647,90471.01500000001,12822.920395,36.285714285714285,1.0059978878318099,0.4271363910311478,0.9921259842519685,0.015055875381324725,0.012822407795863681,5.34522466821958e-05,0.22237479944583272,1
2026-01-12,91013.66,92519.95,90128.44,91296.2,16188.08268,1479964862.2693064,4099509,8092.5428,740004800.1807222,36.2857,0.003104479383037706,0.003099670437196053,0.0031043691683203772,0.026534465702501838,1.0031043691683204,1.0134041723532852,0.9872091061840471,1.9555743836440178,9.6920923854,2.1976725955497107,0.49990742943252625,0.2856999999999985,0.007936111111111144,91013.65,0.005623464858730998,5477.13594,36.0,-0.14289999999999736,90504.7,-0.0015068189681346489,3104.11722,36.1429,-0.14280000000000115,90641.28,-0.0050352365571061375,15590.27939,36.2857,-0.14290000000000447,91364.16,-0.02542785726453589,14276.49025,36.5714,-0.14290000000000447,93859.71,0.025455991184503812,20673.59584,36.8571,-0.14289999999999736,90938.18333333333,8256.44528,36.14286666666666,1.003936923452213,1.9606600820347229,1.003951909367086,91381.13571428573,12759.330705714285,36.34694285714286,0.9990705333915821,1.268725065081207,0.9983150479152108,90760.94857142857,12558.141604285714,36.357142857142854,1.0058973758758172,1.2890508158050626,0.9980349705304519,0.010153672730747767,0.012450162220371935,0.16197668262526363,0.22237479944583274,1
2026-01-13,91296.2,96495.0,91042.66,95414.0,23021.51482,2149770801.117704,5025071,12405.23056,1159067162.248983,36.5714,0.04510373925749378,0.04411615250637421,0.04510373925749377,0.059887749325426086,1.0451037392574938,1.0113295742763118,0.9541855492904605,0.42212733126465607,10.044227921313416,0.2257738670655438,0.5388537920720544,0.2856999999999985,0.007873625147096552,91296.2,0.003104479383037706,16188.08268,36.2857,0.2856999999999985,91013.65,0.005623464858730998,5477.13594,36.0,-0.14289999999999736,90504.7,-0.0015068189681346489,3104.11722,36.1429,-0.14280000000000115,91099.99,-0.0028913963637382523,16132.79117,36.4286,-0.14279999999999404,93747.97,-0.0011905001624232803,18546.41829,36.7143,-0.14280000000000115,92574.61666666665,14895.577813333332,36.2857,1.0306712945251193,1.545526807251007,1.0078736251470966,91619.14,13398.63021,36.32652857142857,1.0414199478405932,1.718199133730701,1.0067408430753282,91255.84214285715,13266.399090714287,36.42857142857143,1.0455659359390213,1.735325061652467,1.0039207843137254,0.021239734476831,0.016576385127784254,0.20911587241344837,0.22237479944583274,1
2026-01-14,95413.99,97924.49,94559.28,96951.78,22851.89428,2201535821.648615,5346212,11974.98829,1154415462.597303,36.8571,0.01611692204498283,0.01598842328794414,0.01611702854057349,0.03558836319396686,1.0161170285405734,1.0100329256461305,0.975322784171678,-0.007367913941642157,10.036833052633705,0.06390775374119095,0.5240260673042112,0.2857000000000056,0.0078121154782153646,95414.0,0.04510373925749378,23021.51482,36.5714,0.2856999999999985,91296.2,0.003104479383037706,16188.08268,36.2857,0.2856999999999985,91013.65,0.005623464858730998,5477.13594,36.0,-0.14289999999999736,90641.28,-0.0050352365571061375,15590.27939,36.2857,-0.14290000000000447,91364.16,-0.02542785726453589,14276.49025,36.5714,-0.14290000000000447,94553.99333333333,20687.163926666664,36.571400000000004,1.0253589148605675,1.1046412336174753,1.0078121154782151,92417.37142857144,14623.687928571428,36.36734285714285,1.0490644615978195,1.5626628789959673,1.013466948761723,91920.38214285715,14073.061505714286,36.5,1.054736476718769,1.6238040507903073,1.0097835616438358,0.017550845527054566,0.01620282979605111,0.22906961408104276,0.22237479944583274,0
2026-01-15,96951.78,97193.34,95134.48,95604.8,21725.81369,2093008182.8437335,4493095,10841.32767,1045103063.1114848,37.1429,-0.013893298297359746,-0.01399071349755265,-0.013893298297359738,0.021641575168119914,0.9861067017026403,1.0166156929359194,0.995080581728114,-0.0492773411342774,9.9863024306536,-0.15957410592771104,0.49900674951429175,0.2857999999999947,0.007754272582487287,96951.78,0.01611692204498283,22851.89428,36.8571,0.2857000000000056,95414.0,0.04510373925749378,23021.51482,36.5714,0.2856999999999985,91296.2,0.003104479383037706,16188.08268,36.2857,0.2856999999999985,90504.7,-0.0015068189681346489,3104.11722,36.1429,-0.14280000000000115,91099.99,-0.0028913963637382523,16132.79117,36.4286,-0.14279999999999404,95990.19333333334,22533.074263333332,36.85713333333334,0.9959850759754694,0.9641744147336816,1.007753361176579,93060.91571428571,15422.691145714285,36.469385714285714,1.0273356893835484,1.4086914848215222,1.0184679361201978,92403.65071428572,15176.364531428571,36.57142857142857,1.034643104043717,1.4315558673494067,1.015626171875,0.01917371600246279,0.017032762856111456,0.22909188736649463,0.22237479944583274,0
2026-01-16,95604.81,95871.47,94293.46,95550.94,11167.7146,1064019408.0772514,2971559,5055.06952,481723178.0814679,37.4286,-0.0005633608354392861,-0.0005635195827788953,-0.0005634653737609577,0.016735094883568752,0.999436534626239,1.0033545457532913,0.9868396899078126,-0.48597024906182007,9.320871809344796,-0.33863873343430306,0.4526503139684462,0.2857000000000056,0.007691914201637617,95604.8,-0.013893298297359746,21725.81369,37.1429,0.2857999999999947,96951.78,0.01611692204498283,22851.89428,36.8571,0.2857000000000056,95414.0,0.04510373925749378,23021.51482,36.5714,0.2856999999999985,91013.65,0.005623464858730998,5477.13594,36.0,-0.14289999999999736,90641.28,-0.0050352365571061375,15590.27939,36.2857,-0.14290000000000447,96035.84000000001,18581.807523333333,37.14286666666666,0.9949508433518153,0.6010025981582581,1.0076928185403031,93762.29571428572,14790.896175714286,36.63265714285715,1.0190763704332142,0.7550397533272311,1.021727685601372,92800.49428571427,14731.417502142856,36.642857142857146,1.0296382657814047,0.7580882558230072,1.0214432748538012,0.018773355405178882,0.016951620470264845,0.20912075231219573,0.22237479944583274,0
2026-01-17,95550.94,95639.45,95021.67,95147.77,4280.80137,408161941.6719079,1020527,2059.85283,196399075.9709701,37.7143,-0.00421942473825998,-0.004228351630570454,-0.004219424738260013,0.00650146435018453,0.99578057526174,1.0051675409733722,0.9986746930590175,-0.6166806259536755,8.362129080871467,-0.6565684881235743,0.48118393075546967,0.2856999999999985,0.007633200279999697,95550.94,-0.0005633608354392861,11167.7146,37.4286,0.2857000000000056,95604.8,-0.013893298297359746,21725.81369,37.1429,0.2857999999999947,96951.78,0.01611692204498283,22851.89428,36.8571,0.2857000000000056,91296.2,0.003104479383037706,16188.08268,36.2857,0.2856999999999985,90504.7,-0.0015068189681346489,3104.11722,36.1429,-0.14280000000000115,95434.50333333334,12391.443220000001,37.428599999999996,0.9969954961432362,0.34546430903954056,1.00763320028,94425.59142857141,14958.993911428572,36.857142857142854,1.0076481233583259,0.2861690696143339,1.0232562015503877,93123.3342857143,14533.084231428571,36.714285714285715,1.0217392958468872,0.2945556016762456,1.0272377431906614,0.01902172096232651,0.017084441453394716,0.1620018768262809,0.22237479944583274,0
2026-01-18,95147.77,95531.12,93615.4,93673.14,6895.17819,654773743.2677119,1488785,3107.35604,295217762.8212793,38.0,-0.015498313833314237,-0.015619668190674642,-0.015498313833314271,0.020463727121819715,0.9845016861666858,1.019834714625772,0.9993836013183715,0.6107213565949685,8.838722651626862,0.45883940356306097,0.450656379628675,0.2856999999999985,0.007575375918418281,95147.77,-0.00421942473825998,4280.80137,37.7143,0.2856999999999985,95550.94,-0.0005633608354392861,11167.7146,37.4286,0.2857000000000056,95604.8,-0.013893298297359746,21725.81369,37.1429,0.2857999999999947,95414.0,0.04510373925749378,23021.51482,36.5714,0.2856999999999985,91013.65,0.005623464858730998,5477.13594,36.0,-0.14289999999999736,94790.61666666668,7447.898053333333,37.7143,0.9882111045801473,0.9257884762418355,1.0075753759184183,94805.51857142858,15161.571375714284,37.142857142857146,0.9880557736670633,0.4547799181979683,1.023076923076923,93276.43500000001,14280.844837857145,36.785714285714285,1.0042530034515147,0.482827050380209,1.033009708737864,0.020917360795067907,0.017701387951618595,3.77964428241149e-05,0.22237479944583274,0
2026-01-19,93673.14,93673.14,91910.2,92631.0,14295.52747,1326770336.049047,3359066,6906.84245,640981004.8958122,39.1429,-0.011125280950334271,-0.011187629751686884,-0.011125280950334316,0.019181113739280324,0.9888747190496657,1.0112504453152833,0.9922185877298096,1.0732643995673157,9.567771952493251,1.2562465366053526,0.483147086702076,1.1428999999999974,0.030076315789473673,93673.14,-0.015498313833314237,6895.17819,38.0,0.2856999999999985,95147.77,-0.00421942473825998,4280.80137,37.7143,0.2856999999999985,95550.94,-0.0005633608354392861,11167.7146,37.4286,0.2857000000000056,96951.78,0.01611692204498283,22851.89428,36.8571,0.2857000000000056,91296.2,0.003104479383037706,16188.08268,36.2857,0.2856999999999985,93817.30333333334,8490.502343333334,38.28573333333333,0.9873551755253676,1.6837080883941715,1.0223886704533978,94996.20428571428,14891.206345714285,37.55102857142857,0.9751021179898872,0.9599979436262582,1.0423922190451698,93188.67,13825.268525714286,36.94898571428571,0.9940156888171062,1.0340144528412636,1.0593768473830134,0.02172941799685025,0.01660668964778212,0.3239848489990717,0.3537578385727321,0
2026-01-20,92630.99,92870.0,87895.98,88427.66,22007.3261,1989676668.5941784,6064031,9629.19624,870936424.1390942,40.2857,-0.045377249516900364,-0.046439042216747994,-0.04537714646038007,0.05658984631606592,0.95462285353962,1.0502369959806694,0.9939874016795196,0.5394553398735134,9.999176119833784,0.8052729538508621,0.4375450336967561,1.1428000000000011,0.029195588471983447,92631.0,-0.011125280950334271,14295.52747,39.1429,1.1428999999999974,93673.14,-0.015498313833314237,6895.17819,38.0,0.2856999999999985,95147.77,-0.00421942473825998,4280.80137,37.7143,0.2856999999999985,95604.8,-0.013893298297359746,21725.81369,37.1429,0.2857999999999947,95414.0,0.04510373925749378,23021.51482,36.5714,0.2856999999999985,91577.26666666666,14399.34392,39.14286666666666,0.9656071120998735,1.5283561683274247,1.029196464915702,93998.1557142857,14746.322242857144,38.08164285714286,0.940738244575589,1.4923942212547237,1.0578771549096582,92808.64785714286,14072.476226428571,37.20408571428571,0.952795478026074,1.5638559799923144,1.082829996398245,0.018707367404112416,0.020440163678856947,0.41823661735342726,0.42739115573441994,1
2026-01-21,88427.66,90574.0,87263.53,89454.73,20617.50372,1837708115.3597035,6419053,10265.21302,915531751.0822006,41.4286,0.01161480468893994,0.011547870630407164,0.011614804688940003,0.03793646670035009,1.01161480468894,1.0125121388215024,0.975504928582312,-0.06315271440449999,9.933944190437535,0.05854554503431797,0.4978882584142441,1.1429000000000045,0.028369868216265415,88427.66,-0.045377249516900364,22007.3261,40.2857,1.1428000000000011,92631.0,-0.011125280950334271,14295.52747,39.1429,1.1428999999999974,93673.14,-0.015498313833314237,6895.17819,38.0,0.2856999999999985,95550.94,-0.0005633608354392861,11167.7146,37.4286,0.2857000000000056,96951.78,0.01611692204498283,22851.89428,36.8571,0.2857000000000056,90171.13,18973.45243,40.28573333333333,0.992055106773088,1.0866500862753106,1.0283690173196136,92927.14857142858,14427.12359142857,38.73471428571429,0.962632894425255,1.4290793025609938,1.0695470655705661,92672.26000000001,14525.40576,37.55102857142857,0.9652805488934875,1.4194098299667741,1.10326139059535,0.01768303580675404,0.019837590406957657,0.4581614952331613,0.47119446371680374,1
2026-01-22,89454.73,90359.99,88515.37,89559.67,10825.50492,969910623.3559886,3743412,5529.54766,495598490.52278966,42.5714,0.0011731073359675381,0.0011724197832196023,0.0011731073359676155,0.020839544589826717,1.0011731073359675,1.0089361651287907,0.9883396175979656,-0.47493619659208675,9.289752565840734,-0.416827996279202,0.5107888916834006,1.142799999999994,0.027584808562200802,89454.73,0.01161480468893994,20617.50372,41.4286,1.1429000000000045,88427.66,-0.045377249516900364,22007.3261,40.2857,1.1428000000000011,92631.0,-0.011125280950334271,14295.52747,39.1429,1.1428999999999974,95147.77,-0.00421942473825998,4280.80137,37.7143,0.2856999999999985,95604.8,-0.013893298297359746,21725.81369,37.1429,0.2857999999999947,89147.35333333333,17816.778246666665,41.42856666666666,1.004625113940567,0.6076017094743456,1.0275856353546708,92063.55857142857,12869.936624285716,39.51021428571429,0.9728026093029426,0.8411467154835983,1.0774783374281152,92562.23714285715,14146.313885,37.989799999999995,0.9675616403023719,0.765252701728808,1.120600792844395,0.01822269927579591,0.019842640721928987,0.4581659488293138,0.4931687656660497,1
2026-01-23,89559.68,91224.99,88578.36,89600.26,13918.48919,1248772265.678843,4619907,6911.17668,620204414.132354,43.7143,0.0004532173912654702,0.0004531147192842445,0.0004531056832717775,0.02987896818139334,1.0004531056832717,1.0181330947030736,0.9885948991665873,0.28571270281220307,9.541045237094401,0.23414334302502637,0.49654647035724714,1.1429000000000045,0.026846662313196212,89559.67,0.0011731073359675381,10825.50492,42.5714,1.142799999999994,89454.73,0.01161480468893994,20617.50372,41.4286,1.1429000000000045,88427.66,-0.045377249516900364,22007.3261,40.2857,1.1428000000000011,93673.14,-0.015498313833314237,6895.17819,38.0,0.2856999999999985,95550.94,-0.0005633608354392861,11167.7146,37.4286,0.2857000000000056,89538.22000000002,15120.499276666667,42.57143333333334,1.00069288846707,0.9205046034080661,1.0268458582946467,91213.46142857142,13262.904422857142,40.40817142857143,0.9823139983582937,1.049429954875723,1.0818183168043805,92487.87857142858,14026.900299285713,38.52041428571429,0.9687784105762739,0.992271199839409,1.134834627575953,0.01830632234209362,0.019811710639825682,0.41825125565518995,0.4962292008540244,0
2026-01-24,89600.26,89957.39,89162.08,89225.34,4226.56737,378464146.0918812,959854,1835.96939,164401193.4396937,44.8571,-0.004184362857875601,-0.004193141802223088,-0.0041843628578756165,0.00891982331502358,0.9958156371421244,1.0082045078225537,0.9992910085856777,-0.6963343282231627,8.349382016778222,-0.7922352116611872,0.43438782096119766,1.1428000000000011,0.026142475116838204,89600.26,0.0004532173912654702,13918.48919,43.7143,1.1429000000000045,89559.67,0.0011731073359675381,10825.50492,42.5714,1.142799999999994,89454.73,0.01161480468893994,20617.50372,41.4286,1.1429000000000045,92631.0,-0.011125280950334271,14295.52747,39.1429,1.1428999999999974,95147.77,-0.00421942473825998,4280.80137,37.7143,0.2856999999999985,89461.75666666667,9656.853826666667,43.71426666666667,0.997357343791632,0.4376754008980291,1.0261432575787615,90367.4,13255.156708571429,41.42857142857143,0.9873620354242791,0.31886212007338216,1.0827575862068965,92396.49571428572,14107.07531,39.142857142857146,0.9656788313261169,0.29960621015498073,1.1459843065693431,0.018307852153358155,0.01983360872280322,0.32397225189821416,0.4807361497893514,0
2026-01-25,89225.34,89319.13,86074.72,86670.36,14426.22019,1264233689.841581,3720178,6269.27657,549304584.5673953,46.0,-0.02863513885181046,-0.029053123136142035,-0.02863513885181044,0.03769294863811353,0.9713648611481895,1.030561428382206,0.993127523642454,2.4132237646078267,9.57687199218461,2.8757748574262334,0.4345751338486953,1.1428999999999974,0.02547868676307652,89225.34,-0.004184362857875601,4226.56737,44.8571,1.1428000000000011,89600.26,0.0004532173912654702,13918.48919,43.7143,1.1429000000000045,89559.67,0.0011731073359675381,10825.50492,42.5714,1.142799999999994,88427.66,-0.045377249516900364,22007.3261,40.2857,1.1428000000000011,93673.14,-0.015498313833314237,6895.17819,38.0,0.2856999999999985,88498.65333333334,10857.09225,44.85713333333334,0.979341003908308,1.3287370004616108,1.0254779247299202,89367.00285714286,14331.019851428573,42.57142857142857,0.9698250722198488,1.0066429562974848,1.080536912751678,92086.2607142857,14746.295613571428,39.857142857142854,0.9411866583323487,0.9782945200639506,1.1541218637992832,0.019705885146650677,0.021051640520857024,5.3452242354956676e-05,0.44474959222041344,1
2026-01-26,86670.36,88860.0,86509.63,88347.08,17766.51453,1560135758.989215,4798083,9428.94206,827914390.6949898,53.7143,0.019345944795891024,0.019161191027651143,0.01934594479589102,0.02716888281686091,1.019345944795891,1.0058057380051497,0.9792019158980694,0.2315432799449042,9.785127042485998,0.28974554443362655,0.5307142289546198,7.7143000000000015,0.16770217391304354,86670.36,-0.02863513885181046,14426.22019,46.0,1.1428999999999974,89225.34,-0.004184362857875601,4226.56737,44.8571,1.1428000000000011,89600.26,0.0004532173912654702,13918.48919,43.7143,1.1429000000000045,89454.73,0.01161480468893994,20617.50372,41.4286,1.1429000000000045,92631.0,-0.011125280950334271,14295.52747,39.1429,1.1428999999999974,88080.92666666668,12139.767363333332,48.19046666666667,1.0030216908859344,1.4634971163995747,1.1146250226531664,88755.0142857143,14826.875145714284,44.65305714285715,0.9954038170237786,1.1982642569925073,1.2029254755873375,91875.6092857143,14859.040745714286,41.102042857142855,0.9615944937601307,1.195670355445004,1.3068523184283856,0.02276747745695252,0.021862479213819053,2.483774636659753,1.9104212503649973,1
2026-01-27,88347.08,89523.16,87304.33,89250.0,13125.40425,1160026853.5895033,3787336,6722.86937,594388596.0572797,61.4286,0.010220145363038613,0.010168272808073633,0.010220145363038577,0.025414890647462753,1.0102201453630386,1.0030606162464986,0.9781997759103641,-0.2612279562298594,9.482381072212942,-0.2106564225754327,0.5122028428191079,7.7143000000000015,0.1436172490379657,88347.08,0.019345944795891024,17766.51453,53.7143,7.7143000000000015,86670.36,-0.02863513885181046,14426.22019,46.0,1.1428999999999974,89225.34,-0.004184362857875601,4226.56737,44.8571,1.1428000000000011,89559.67,0.0011731073359675381,10825.50492,42.5714,1.142799999999994,88427.66,-0.045377249516900364,22007.3261,40.2857,1.1428000000000011,88089.14666666667,15106.046323333334,53.7143,1.0131781652707574,0.8688841520183899,1.1436172490379657,88872.49142857142,13558.029167142857,47.673471428571425,1.004247755018008,0.9680908698595146,1.288527941415756,91435.32357142857,14152.175705,42.87755714285714,0.976099788505463,0.9274478019208566,1.432651580297252,0.015483494715562254,0.017647879234941276,3.206534388000318,2.548567803494935,1
2026-01-28,89249.99,90600.0,88833.65,89299.99,14332.18502,1283919840.851472,4385791,7015.44336,628761031.3151364,69.1429,0.0005601120448179842,0.0005599552406158251,0.0005602241524060675,0.01988379403525585,1.000560224152406,1.0145577843849702,0.9947778269628025,0.09194236969882286,9.570332758512194,0.15801476288346206,0.4894887520786415,7.714299999999994,0.1255815694969442,89250.0,0.010220145363038613,13125.40425,61.4286,7.7143000000000015,88347.08,0.019345944795891024,17766.51453,53.7143,7.7143000000000015,86670.36,-0.02863513885181046,14426.22019,46.0,1.1428999999999974,89600.26,0.0004532173912654702,13918.48919,43.7143,1.1429000000000045,89454.73,0.01161480468893994,20617.50372,41.4286,1.1429000000000045,88965.69,15074.701266666665,61.428599999999996,1.0037576283621248,0.9507442148582722,1.1255815694969444,88850.38571428573,12660.126495714287,51.632657142857134,1.0050602401115067,1.1320728133997509,1.3391311589619639,90888.76714285715,13543.62504357143,45.183685714285716,0.9825195434727381,1.058223701105995,1.5302625030905592,0.014820760774486906,0.01670694375360344,3.512587776568044,2.9553794486114184,0
2026-01-29,89300.0,89348.0,83383.33,84650.16,30431.38201,2610381587.9100037,5598749,12385.58906,1062920384.0760188,76.8571,-0.052069770668507376,-0.05347437718715272,-0.05206987681970881,0.07153312298753238,0.9479301231802912,1.0554971189658708,0.9850345232661107,1.1232897822302883,10.323262518171166,0.2765653903708589,0.4070005448957262,7.714200000000005,0.11156893911016175,89299.99,0.0005601120448179842,14332.18502,69.1429,7.714299999999994,89250.0,0.010220145363038613,13125.40425,61.4286,7.7143000000000015,88347.08,0.019345944795891024,17766.51453,53.7143,7.7143000000000015,89225.34,-0.004184362857875601,4226.56737,44.8571,1.1428000000000011,89559.67,0.0011731073359675381,10825.50492,42.5714,1.142799999999994,87733.38333333335,19296.32376,69.14286666666666,0.9648568969280602,1.5770559402139717,1.1115694749904306,88149.02714285713,15460.96608,56.530614285714286,0.9603073651943231,1.9682717012985,1.3595659797990622,90106.29285714285,14165.451352142858,48.02041428571429,0.9394478156393232,2.148281848103381,1.6005088907128486,0.024517379685810612,0.02076556542211702,3.5125655048967377,3.219764443230299,0
2026-01-30,84650.16,84735.75,81118.0,84260.49,35195.84793,2918624066.481832,8998829,16749.59784,1389486785.106681,84.5714,-0.004603299036883057,-0.00461392684575843,-0.0046032990368830755,0.04459860943317143,0.9953967009631169,1.005640365965116,0.9627050590377529,0.1565642309124955,10.468711810133396,0.6072928077325845,0.47589698288595816,7.714299999999994,0.10037198905501232,84650.16,-0.052069770668507376,30431.38201,76.8571,7.714200000000005,89299.99,0.0005601120448179842,14332.18502,69.1429,7.714299999999994,89250.0,0.010220145363038613,13125.40425,61.4286,7.7143000000000015,86670.36,-0.02863513885181046,14426.22019,46.0,1.1428999999999974,89600.26,0.0004532173912654702,13918.48919,43.7143,1.1429000000000045,86070.21333333333,26653.13832,76.85713333333332,0.9789738718745286,1.3205142114011288,1.1003715118180313,87386.20285714285,18500.588757142858,62.367342857142866,0.9642310484384737,1.9024177225933583,1.3560205730379953,89299.83214285714,15881.746589999999,51.38775714285714,0.94356829098183,2.216119475937313,1.6457499743546475,0.02430871345235902,0.020675407572922237,3.2065295085259415,3.375371374374243,0
2026-01-31,84260.5,84270.02,75719.9,78741.09,39491.89133,3155264093.623044,7384976,17959.61358,1435120245.9826963,92.2857,-0.06550401024252306,-0.06774794341998952,-0.0655041211481062,0.11291774025058156,0.9344958788518938,1.07021657942505,0.9616313414000238,0.1220610854025812,10.583875968364216,-0.17934033417014594,0.4547671173792831,7.714300000000009,0.09121641595149188,84260.49,-0.004603299036883057,35195.84793,84.5714,7.714299999999994,84650.16,-0.052069770668507376,30431.38201,76.8571,7.714200000000005,89299.99,0.0005601120448179842,14332.18502,69.1429,7.714299999999994,88347.08,0.019345944795891024,17766.51453,53.7143,7.7143000000000015,89225.34,-0.004184362857875601,4226.56737,44.8571,1.1428000000000011,82550.58,35039.70709,84.5714,0.9538526561533547,1.1270611146538552,1.0912164159514919,85888.45285714287,23538.49218,69.14285714285714,0.9167831923922185,1.6777579051369804,1.3347105371900827,88127.92642857143,18396.824444285714,55.285714285714285,0.8934862442703726,2.1466689237373617,1.6692503875968994,0.032252901507198777,0.02555644565210737,2.4837494388045482,3.436998996377351,0
2026-02-01,78741.1,79424.0,75700.0,76968.21,25395.48168,1974920557.0473864,8001906,12031.74392,936095742.7402173,100.0,-0.02251530935119128,-0.02277264898561169,-0.02251543349026111,0.04919418758256275,0.9774845665097389,1.0319065494702293,0.9835229375868296,-0.3569444049212114,10.142365926876893,0.0835385247020437,0.47377498373954846,7.714299999999994,0.08359149900797203,78741.09,-0.06550401024252306,39491.89133,92.2857,7.714300000000009,84260.49,-0.004603299036883057,35195.84793,84.5714,7.714299999999994,84650.16,-0.052069770668507376,30431.38201,76.8571,7.714200000000005,89250.0,0.010220145363038613,13125.40425,61.4286,7.7143000000000015,86670.36,-0.02863513885181046,14426.22019,46.0,1.1428999999999974,79989.93000000001,33361.073646666664,92.2857,0.9622237449138911,0.7612309468504602,1.083591499007972,84502.43142857144,25105.529535714286,76.85714285714286,0.910840181741516,1.0115493339374992,1.3011152416356877,86934.71714285715,19718.27469357143,59.714285714285715,0.8853564206520683,1.2879160106375562,1.674641148325359,0.031974306932302715,0.02567528497121878,3.7796393989697375e-05,3.4097468569311213,1
2026-02-02,76968.22,79360.0,74604.0,78738.61,42273.59016,3260752444.4613295,10085578,21480.45115,1658977441.2234404,95.1429,0.023001704210088736,0.02274115286261672,0.023001571297868124,0.06374993297946491,1.0230015712978682,1.0078918080977046,0.9474894210095911,0.6646106851870508,10.65194147910122,0.2603969604241789,0.5081293324910259,-4.857100000000003,-0.04857100000000003,76968.21,-0.02251530935119128,25395.48168,100.0,7.714299999999994,78741.09,-0.06550401024252306,39491.89133,92.2857,7.714300000000009,84260.49,-0.004603299036883057,35195.84793,84.5714,7.714299999999994,89299.99,0.0005601120448179842,14332.18502,69.1429,7.714299999999994,88347.08,0.019345944795891024,17766.51453,53.7143,7.7143000000000015,78149.30333333333,35720.32105666666,95.80953333333333,1.0075407795275293,1.1834605319738656,0.9930420981071473,83129.79285714286,28606.54034,82.77551428571428,0.9471767857681417,1.4777596192186029,1.1494087450981882,85942.40357142859,21716.707742857143,63.714285714285715,0.9161788212562457,1.946592948643619,1.4932742152466367,0.03267696973057274,0.02748627509669298,4.751536276726467,4.150991408363514,0
2026-02-03,78738.6,79186.81,72945.5,75770.21,39120.10889,2986903008.574792,9199445,17304.88253,1324119396.4360397,90.2857,-0.03769942090671896,-0.03842842483956077,-0.03769929869212812,0.08556127519860715,0.9623007013078719,1.0450915999836874,0.962720045252613,-0.0745969589539115,10.574417469605914,-0.08786139971353157,0.442352616621257,-4.857199999999992,-0.051051628655422454,78738.61,0.023001704210088736,42273.59016,95.1429,-4.857100000000003,76968.21,-0.02251530935119128,25395.48168,100.0,7.714299999999994,78741.09,-0.06550401024252306,39491.89133,92.2857,7.714300000000009,84650.16,-0.052069770668507376,30431.38201,76.8571,7.714200000000005,89250.0,0.010220145363038613,13125.40425,61.4286,7.7143000000000015,77159.01000000001,35596.39357666666,95.14286666666668,0.9820008058682972,1.0989907953945965,0.9489487038089385,81204.10857142857,32320.069574285713,86.89795714285715,0.9330834527091839,1.2103968031406867,1.0389852991776725,85038.3,22939.049370714285,67.28571428571429,0.8910127554290244,1.7053936393695406,1.3418256900212313,0.031296836703323096,0.026819993147966983,6.134229727210292,4.737042709154272,0
2026-02-04,75770.21,76971.52,71888.0,73165.83,38375.36,2852834631.5391464,10724002,17274.35569,1284664768.8290725,85.4286,-0.03437208369885747,-0.03497669878289926,-0.034372083698857435,0.07071444469174276,0.9656279163011425,1.0520145811234562,0.9825351533632571,-0.019037495322268283,10.555196924000938,0.16572271479420775,0.45014185378326094,-4.857100000000003,-0.05379700218307004,75770.21,-0.03769942090671896,39120.10889,90.2857,-4.857199999999992,78738.61,0.023001704210088736,42273.59016,95.1429,-4.857100000000003,76968.21,-0.02251530935119128,25395.48168,100.0,7.714299999999994,84260.49,-0.004603299036883057,35195.84793,84.5714,7.714299999999994,89299.99,0.0005601120448179842,14332.18502,69.1429,7.714299999999994,75891.55,39923.01968333333,90.28573333333334,0.9640840119881594,0.9612339022546575,0.9462026484804539,78899.22857142858,35754.80885714286,89.22448571428572,0.9273326409492324,1.0732922710712136,0.9574569056476169,83874.80714285713,24207.467676428572,70.42857142857143,0.8723218865395732,1.585269492577576,1.21298215010142,0.029716809893336905,0.026701640072469685,6.719700407685421,5.220413861093668,0
2026-02-05,73165.84,73341.18,62345.0,62909.86,106298.82899,7198745594.280694,15364010,49042.65006,3325749503.03324,80.5714,-0.14017431361060217,-0.15102560052391373,-0.14017443112796896,0.17637629320715362,0.859825568872031,1.1658137532018031,0.991021121331378,1.7699760729280452,11.574018955579922,0.43267504053057815,0.46136585441231587,-4.857200000000006,-0.056856837171626484,73165.83,-0.03437208369885747,38375.36,85.4286,-4.857100000000003,75770.21,-0.03769942090671896,39120.10889,90.2857,-4.857199999999992,78738.61,0.023001704210088736,42273.59016,95.1429,-4.857100000000003,78741.09,-0.06550401024252306,39491.89133,92.2857,7.714300000000009,84650.16,-0.052069770668507376,30431.38201,76.8571,7.714200000000005,70615.3,61264.76595999999,85.42856666666667,0.8908814378753612,1.735072799582764,0.9431435308329726,75793.47142857143,46593.015568571434,89.7551,0.8300168710346896,2.281432693137427,0.8976804660682234,81971.24928571428,31026.990824285716,73.14285714285714,0.7674625011597055,3.426011552070878,1.101562109375,0.05204112399252644,0.042566695888032684,6.719722679403908,5.6276421391142195,1
2026-02-06,62909.87,71751.33,60000.0,70580.26,92539.21531,6134056670.6115055,13228528,49477.51198,3288426149.280688,75.7143,0.12192683309102881,0.11504759382534949,0.12192665475226688,0.19585550000000002,1.1219266547522668,1.0165920329565237,0.850096046685008,-0.12944275878424238,11.435398589127832,-0.13899248959093358,0.5346653504058116,-4.857100000000003,-0.06028317740538214,62909.86,-0.14017431361060217,106298.82899,80.5714,-4.857200000000006,73165.83,-0.03437208369885747,38375.36,85.4286,-4.857100000000003,75770.21,-0.03769942090671896,39120.10889,90.2857,-4.857199999999992,76968.21,-0.02251530935119128,25395.48168,100.0,7.714299999999994,84260.49,-0.004603299036883057,35195.84793,84.5714,7.714299999999994,68885.31666666667,79071.13476666667,80.57143333333333,1.024605292032482,1.1703286614398123,0.9397164338229057,73839.15285714286,54784.925194285715,88.48979999999999,0.9558649750025183,1.6891364728860159,0.8556274282459674,80612.67785714286,36642.756975714285,75.42857142857143,0.8755478899370923,2.525443578695026,1.003788068181818,0.08061989474390695,0.057646644702183426,6.134234606697075,5.974302846983281,0
2026-02-07,70580.26,71690.07,67300.0,69289.38,44255.48036,3058983879.0691524,7167427,18766.22233,1298989823.4294407,70.8571,-0.01828953307907888,-0.01845885430431717,-0.018289533079078914,0.06523135215453205,0.9817104669209211,1.0346473009283674,0.9712888179977941,-0.5217651218270309,10.697757088527053,-0.4581840851831738,0.4240429021975257,-4.857199999999992,-0.0641516860091157,70580.26,0.12192683309102881,92539.21531,75.7143,-4.857100000000003,62909.86,-0.14017431361060217,106298.82899,80.5714,-4.857200000000006,73165.83,-0.03437208369885747,38375.36,85.4286,-4.857100000000003,78738.61,0.023001704210088736,42273.59016,95.1429,-4.857100000000003,78741.09,-0.06550401024252306,39491.89133,92.2857,7.714300000000009,67593.16666666667,81031.17488666666,75.71426666666666,1.0250944498827543,0.5461537540569716,0.9358487259996796,72488.90857142858,55465.437912857145,85.42857142857143,0.9558618189391576,0.7978929226076006,0.8294309364548496,79188.68071428571,39501.96504642857,77.28571428571429,0.8749909630392433,1.1203361733519939,0.9168201478743068,0.07833490670185195,0.057559947802067725,4.751561474474919,6.2704641679144375,1
2026-02-08,69289.37,72271.41,68888.0,70330.38,21420.53168,1510003758.652842,4870449,11435.75238,805898867.2818197,66.0,0.015023947392803993,0.014912205705875922,0.015024093883376475,0.04911464986644994,1.0150240938833766,1.0275987418239458,0.9794913663199316,-0.5159801338556751,9.972151848448037,-0.3204745580247974,0.5338687456893226,-4.857100000000003,-0.06854782371844181,69289.38,-0.01828953307907888,44255.48036,70.8571,-4.857199999999992,70580.26,0.12192683309102881,92539.21531,75.7143,-4.857100000000003,62909.86,-0.14017431361060217,106298.82899,80.5714,-4.857200000000006,75770.21,-0.03769942090671896,39120.10889,90.2857,-4.857199999999992,76968.21,-0.02251530935119128,25395.48168,100.0,7.714299999999994,70066.67333333334,52738.40911666667,70.85713333333332,1.0037636533050758,0.40616567770586337,0.931451738098352,71540.64714285715,54897.58791285714,80.57142857142857,0.9830828040954059,0.39019076237014894,0.8191489361702128,78021.53928571429,40001.55872428572,78.71428571428571,0.9014226153940732,0.5354924248738132,0.838475499092559,0.07905196165077631,0.05802359901823106,5.345222262321219e-05,6.5229939867693085,0
2026-02-09,70330.38,71453.53,68308.0,70138.0,29152.72842,2038959539.4209776,6644769,13854.63486,969001616.6829728,63.1429,-0.0027353755233514576,-0.0027391234992863328,-0.0027353755233514255,0.04604921824676464,0.9972646244766485,1.0187563089908467,0.9739085802275514,0.36097128005554713,10.280338088230756,0.364303167942011,0.47524316284904355,-2.8571000000000026,-0.043289393939394016,70330.38,0.015023947392803993,21420.53168,66.0,-4.857100000000003,69289.38,-0.01828953307907888,44255.48036,70.8571,-4.857199999999992,70580.26,0.12192683309102881,92539.21531,75.7143,-4.857100000000003,73165.83,-0.03437208369885747,38375.36,85.4286,-4.857100000000003,78738.61,0.023001704210088736,42273.59016,95.1429,-4.857100000000003,69919.25333333334,31609.58015333333,66.66666666666667,1.0031285612508447,0.9222750912408355,0.9471434999999999,70311.98857142858,53023.17909285715,76.0,0.997525477874206,0.5498110245133758,0.8308276315789473,76720.8907142857,40814.85971642857,79.38775714285714,0.9141968940532653,0.7142675148841834,0.7953732700418182,0.07784602737663948,0.05736652457403875,0.7559478458956556,6.348936851937504,0
2026-02-10,70138.0,70527.59,67800.0,68841.29,20373.77072,1408623623.3599253,4558658,9237.21056,638739950.2535255,60.2857,-0.01848798083777703,-0.01866101963278177,-0.018487980837777047,0.0402299410029498,0.981512019162223,1.0244954735740717,0.9848740486995523,-0.3011367434815214,9.922052685039613,-0.3139478588345208,0.45338738159707725,-2.857199999999999,-0.04524974304316076,70138.0,-0.0027353755233514576,29152.72842,63.1429,-2.8571000000000026,70330.38,0.015023947392803993,21420.53168,66.0,-4.857100000000003,69289.38,-0.01828953307907888,44255.48036,70.8571,-4.857199999999992,62909.86,-0.14017431361060217,106298.82899,80.5714,-4.857200000000006,75770.21,-0.03769942090671896,39120.10889,90.2857,-4.857199999999992,69769.89,23649.01027333333,63.14286666666666,0.9866905336958391,0.8615062738153361,0.9547507609727359,69322.14285714286,50345.13078285714,71.71428571428571,0.9930635026944595,0.40468204974725003,0.8406372509960159,75263.12571428572,41332.600178571425,79.30612142857142,0.9146748736072385,0.49292255101247245,0.7601645234195128,0.07719731846815657,0.056914603019959965,0.9758951948998265,6.069639119624207,0
2026-02-11,68841.28,69292.88,65756.0,67082.52,28718.24602,1930513947.5441144,6956577,14335.50997,963903748.2694871,57.4286,-0.025548184817570818,-0.02588020693947351,-0.02554804326706294,0.053787943305553934,0.974451956732937,1.0329498653300442,0.980225549070011,0.40956951045927936,10.265322770032034,0.5260142348910579,0.4991777687264203,-2.8570999999999955,-0.04739266525892538,68841.29,-0.01848798083777703,20373.77072,60.2857,-2.857199999999999,70138.0,-0.0027353755233514576,29152.72842,63.1429,-2.8571000000000026,70330.38,0.015023947392803993,21420.53168,66.0,-4.857100000000003,70580.26,0.12192683309102881,92539.21531,75.7143,-4.857100000000003,73165.83,-0.03437208369885747,38375.36,85.4286,-4.857100000000003,68687.27,26081.58172,60.28573333333333,0.9766368644437318,1.1010929600936794,0.9526068080231255,68453.09857142858,48965.54307142857,67.71428571428571,0.9799778446844386,0.5864990811621799,0.8481016877637132,73676.16357142858,42360.175964285714,78.4693857142857,0.9105050636216138,0.6779538886763038,0.7318599410106618,0.07682350094688199,0.056727588257537855,1.0690538776569374,5.669560230891219,0
2026-02-12,67082.52,68410.52,65118.0,66272.17,24271.74283,1622162145.3342066,6778280,12101.72511,809418852.0733618,54.5714,-0.01207989801217968,-0.012153452937677535,-0.012079898012179712,0.05056236370895918,0.9879201019878203,1.0322661835277163,0.9825843940224079,-0.15483199032779926,10.09710930552014,-0.025629990151765702,0.49859316633176437,-2.857200000000006,-0.049752214053624955,67082.52,-0.025548184817570818,28718.24602,57.4286,-2.8570999999999955,68841.29,-0.01848798083777703,20373.77072,60.2857,-2.857199999999999,70138.0,-0.0027353755233514576,29152.72842,63.1429,-2.8571000000000026,69289.38,-0.01828953307907888,44255.48036,70.8571,-4.857199999999992,62909.86,-0.14017431361060217,106298.82899,80.5714,-4.857200000000006,67398.65999999999,24454.586523333328,57.42856666666666,0.983286166223483,0.9925231329035611,0.9502483374998622,68933.42857142857,37247.387905714284,64.0,0.9613937877952642,0.6516361064416107,0.852678125,72363.45,41920.20173714286,76.87755,0.9158238033150714,0.5789987124154112,0.7098483237303999,0.05174177807481983,0.05592007807884142,1.06903606024083,5.12048812240623,1
2026-02-13,66272.17,69482.97,65872.46,68853.96,20244.54955,1371286022.3300548,6450842,10425.24887,706766540.6168541,51.7143,0.03895737833844892,0.038217689464747844,0.03895737833844898,0.05481061432956951,1.038957378338449,1.0091354222763658,0.9566982058838737,-0.1659210592418756,9.915690273071911,-0.04830694512472189,0.5149657118451421,-2.8570999999999955,-0.05235526301322668,66272.17,-0.01207989801217968,24271.74283,54.5714,-2.857200000000006,67082.52,-0.025548184817570818,28718.24602,57.4286,-2.8570999999999955,68841.29,-0.01848798083777703,20373.77072,60.2857,-2.857199999999999,70330.38,0.015023947392803993,21420.53168,66.0,-4.857100000000003,70580.26,0.12192683309102881,92539.21531,75.7143,-4.857100000000003,67402.88333333335,24411.512799999997,54.57143333333334,1.0215284064257388,0.8293033584547043,0.9476441581462339,68686.81428571428,26919.57851142857,60.57142857142857,1.0024334468853142,0.7520381324471807,0.8537738207547171,71262.98357142857,40852.25185285714,74.53061428571428,0.966195302937128,0.49555529087888284,0.6938665472654287,0.02290997077434117,0.05777577057229027,0.9759049539005408,4.366537526304607,1
2026-02-14,68853.97,70560.01,68730.13,69822.95,18114.78393,1260259314.3600264,3803163,7857.93423,546756073.2649412,48.8571,0.014073119396473155,0.013975012427655345,0.014072972117657062,0.026624131221634383,1.0140729721176571,1.0105561280352664,0.9843486991025159,-0.10520192680701057,9.804538877579143,-0.41043928839056976,0.43378570014221524,-2.857199999999999,-0.05524970849455568,68853.96,0.03895737833844892,20244.54955,51.7143,-2.8570999999999955,66272.17,-0.01207989801217968,24271.74283,54.5714,-2.857200000000006,67082.52,-0.025548184817570818,28718.24602,57.4286,-2.8570999999999955,70138.0,-0.0027353755233514576,29152.72842,63.1429,-2.8571000000000026,69289.38,-0.01828953307907888,44255.48036,70.8571,-4.857199999999992,68316.36,20877.025436666663,51.71426666666667,1.0220531363204948,0.8676898912133674,0.9447509004607368,68763.03857142858,23185.193307142858,57.42857142857143,1.0154139702170144,0.7813082983620943,0.8507455223880597,70625.97357142858,39325.31561,71.42857142857143,0.9886299114784388,0.4606392510526631,0.6839994,0.022646821258922104,0.05607594047044053,0.7559100494484414,3.2689181928993114,0
2026-02-15,69822.94,70983.0,68000.0,68832.58,22290.05208,1545094572.1368144,4598633,8861.59262,615733099.1208996,46.0,-0.014184018291979905,-0.014285572925026392,-0.014183877104000498,0.04386764705882353,0.9858161228959995,1.0312413104375864,0.9879042744002913,0.23048953639934466,10.011940624907142,0.20916011225393172,0.39755818372228763,-2.8571000000000026,-0.058478706267870995,69822.95,0.014073119396473155,18114.78393,48.8571,-2.857199999999999,68853.96,0.03895737833844892,20244.54955,51.7143,-2.8570999999999955,66272.17,-0.01207989801217968,24271.74283,54.5714,-2.857200000000006,68841.29,-0.01848798083777703,20373.77072,60.2857,-2.857199999999999,70330.38,0.015023947392803993,21420.53168,66.0,-4.857100000000003,69169.83,20216.461853333327,48.85713333333334,0.9951243193745019,1.102569393285046,0.9415206513685479,68549.06714285714,23309.41050714286,54.57142857142857,1.0041359112378878,0.9562683738041985,0.8429319371727749,70044.85714285714,39103.499209999994,67.57142857142857,0.9826928458090122,0.5700270443904348,0.6807610993657506,0.02238923322922214,0.05594342308404727,5.345226000997873e-05,1.0377490445962434,1
2026-02-16,68832.59,70126.67,67294.11,68892.43,15515.76534,1062797918.2535973,5233849,8153.4314,558909191.7674918,47.1429,0.0008695010415125104,0.0008691232444626728,0.0008693556351721839,0.042092242545447106,1.0008693556351722,1.0179154661840206,0.9767997732116578,-0.3039152495331452,9.649676353200558,0.13813148385618068,0.5254933431469389,1.1428999999999974,0.02484565217391288,68832.58,-0.014184018291979905,22290.05208,46.0,-2.8571000000000026,69822.95,0.014073119396473155,18114.78393,48.8571,-2.857199999999999,68853.96,0.03895737833844892,20244.54955,51.7143,-2.8570999999999955,67082.52,-0.025548184817570818,28718.24602,57.4286,-2.8570999999999955,70138.0,-0.0027353755233514576,29152.72842,63.1429,-2.8571000000000026,69182.65333333334,18640.200449999997,47.333333333333336,0.9958049696079883,0.8323818931893515,0.9959767605633801,68371.12857142858,21361.272924285713,52.285714285714285,1.0076245842282214,0.7263502224326748,0.9016401639344261,69341.55857142857,37192.22600857143,64.14285714285714,0.9935229524590808,0.4171776471896087,0.7349672605790646,0.02243393372965869,0.05535614734233613,1.5118767910873459,1.6508525943740777,0
2026-02-17,68892.43,69241.5,66621.06,67503.52,16489.06921,1117987651.294812,5994853,7538.45107,511426190.89324033,48.2857,-0.02016056045635184,-0.0203665579406587,-0.020160560456351867,0.039333508052859,0.9798394395436482,1.0257465092190747,0.9869272002408169,0.06272999421374337,9.710513612633981,0.14540045003208912,0.4571786905611514,1.1428000000000011,0.024241190083766684,68892.43,0.0008695010415125104,15515.76534,47.1429,1.1428999999999974,68832.58,-0.014184018291979905,22290.05208,46.0,-2.8571000000000026,69822.95,0.014073119396473155,18114.78393,48.8571,-2.857199999999999,66272.17,-0.01207989801217968,24271.74283,54.5714,-2.857200000000006,68841.29,-0.01848798083777703,20373.77072,60.2857,-2.857199999999999,68409.51000000001,18098.29554333333,47.14286666666666,0.9867563734925158,0.9110840946607206,1.024241914294563,68180.01857142858,20806.31556571429,50.57142857142857,0.9900777590619187,0.7925030819570733,0.9548019774011299,68751.08071428571,35575.72317428572,61.142857142857146,0.98185394758418,0.4634921721540258,0.7897193925233644,0.022642490079234225,0.054829522558621085,1.9517952671225296,1.9944946211624972,0
2026-02-18,67503.52,68476.22,65870.0,66461.0,15492.43839,1040493524.6521236,4548997,7895.05707,530458178.1385649,49.4286,-0.015443935368111283,-0.015564435209118136,-0.015443935368111233,0.03956611507514804,0.9845560646318887,1.0303218428853012,0.9911075668437128,-0.06044190895842583,9.648171883600615,-0.2411828947265262,0.5096071303466387,1.1429000000000045,0.023669533630039652,67503.52,-0.02016056045635184,16489.06921,48.2857,1.1428000000000011,68892.43,0.0008695010415125104,15515.76534,47.1429,1.1428999999999974,68832.58,-0.014184018291979905,22290.05208,46.0,-2.8571000000000026,68853.96,0.03895737833844892,20244.54955,51.7143,-2.8570999999999955,67082.52,-0.025548184817570818,28718.24602,57.4286,-2.8570999999999955,67618.98333333334,15832.42431333333,48.28573333333333,0.9828748780852714,0.9785259719797296,1.023668826955098,68091.23,18916.91447571429,49.42857142857143,0.9760581502199329,0.818972798650083,1.0000005780346821,68272.16428571429,33941.22877357143,58.57142857142857,0.9734714095464341,0.4564489545547418,0.8439029268292684,0.021211195532283168,0.054328382520561026,2.1380988446570517,2.198906821906866,1
2026-02-19,66461.0,67320.0,65631.83,67003.73,14542.26988,968863572.7821527,4679351,7106.70741,473456223.07210714,50.5714,0.008166142549765887,0.008132980025301773,0.008166142549765967,0.025721818209243873,1.0081661425497659,1.0047201849807466,0.9795250204727409,-0.061331114320474556,9.584883614387083,0.028655547585544783,0.48869313172174467,1.142799999999994,0.023120217849584845,66461.0,-0.015443935368111283,15492.43839,49.4286,1.1429000000000045,67503.52,-0.02016056045635184,16489.06921,48.2857,1.1428000000000011,68892.43,0.0008695010415125104,15515.76534,47.1429,1.1428999999999974,69822.95,0.014073119396473155,18114.78393,48.8571,-2.857199999999999,66272.17,-0.01207989801217968,24271.74283,54.5714,-2.857200000000006,66989.41666666667,15507.925826666664,49.42856666666666,1.0002136655914553,0.9377314569685283,1.0231209078151164,68195.73857142858,17526.98976857143,48.857142857142854,0.982520776277244,0.8297072156723975,1.035087134502924,68564.58357142858,27387.188837142858,56.42857142857143,0.97723527964255,0.5309880457784548,0.8962020253164557,0.020847811000042134,0.03806112097704675,2.138081027240928,2.3014510478639916,1
2026-02-20,67003.73,68318.39,66280.2,68020.01,35351.87091,2378079150.5678477,5044912,15001.46034,1010970043.1452411,51.7143,0.01516751380855963,0.015053637111473492,0.015167513808559597,0.030751114209070014,1.0151675138085596,1.0043866503400984,0.9744220855010166,1.430973376351615,10.473134881888438,0.0781221583933327,0.4243469992915292,1.1429000000000045,0.02259973028233353,67003.73,0.008166142549765887,14542.26988,50.5714,1.142799999999994,66461.0,-0.015443935368111283,15492.43839,49.4286,1.1429000000000045,67503.52,-0.02016056045635184,16489.06921,48.2857,1.1428000000000011,68832.58,-0.014184018291979905,22290.05208,46.0,-2.8571000000000026,68853.96,0.03895737833844892,20244.54955,51.7143,-2.8570999999999955,67161.58,21795.52639333333,50.57143333333334,1.012781563506993,1.6219783028875683,1.0225990562524427,68076.60285714285,19685.178534285715,48.857142857142854,0.9991686885836296,1.7958623463042296,1.0584798245614035,68381.70857142858,23302.378522857143,54.714285714285715,0.9947105947045654,1.5170928098744765,0.9451699738903394,0.01484792188875136,0.018567248718641075,1.9518050261232578,2.3157397418725387,0
2026-02-21,68020.0,68698.7,67534.69,67975.93,8032.84131,547592078.8471988,1593539,4003.46206,272919692.67728,52.8571,-0.0006480445974648141,-0.0006482546691270726,-0.000647897677153881,0.01723573470167694,0.9993521023228461,1.0106327342634371,0.9935088788046005,-0.7727746480391298,8.991418062421435,-0.6841294754001656,0.498386798083031,1.1428000000000011,0.022098336436923605,68020.01,0.01516751380855963,35351.87091,51.7143,1.1429000000000045,67003.73,0.008166142549765887,14542.26988,50.5714,1.142799999999994,66461.0,-0.015443935368111283,15492.43839,49.4286,1.1429000000000045,68892.43,0.0008695010415125104,15515.76534,47.1429,1.1428999999999974,69822.95,0.014073119396473155,18114.78393,48.8571,-2.857199999999999,67666.55666666666,19308.994033333332,51.71426666666667,1.0045720271367928,0.41601552603583675,1.0220989952482487,67812.74285714285,18244.90101714286,49.42857142857143,1.0024064377280966,0.4402787004682768,1.0693632947976879,68287.8907142857,20715.047162142855,53.42857142857143,0.9954316832600534,0.3877780845548916,0.9893040106951871,0.013201969653541954,0.018001535693288735,1.5118389946400705,2.2434187025976273,0
2026-02-22,67975.93,68245.0,67190.0,67643.4,8175.13484,553613335.5774136,2160900,3974.29287,269081093.6109383,54.0,-0.004891878639983305,-0.00490388304368946,-0.004891878639983283,0.01570174133055514,0.9951081213600167,1.0088936984243844,0.9932972026834843,0.01771397249225637,9.008974804479703,0.3560383523716708,0.4861440144759741,1.1428999999999974,0.021622449964148638,67975.93,-0.0006480445974648141,8032.84131,52.8571,1.1428000000000011,68020.01,0.01516751380855963,35351.87091,51.7143,1.1429000000000045,67003.73,0.008166142549765887,14542.26988,50.5714,1.142799999999994,67503.52,-0.02016056045635184,16489.06921,48.2857,1.1428000000000011,68832.58,-0.014184018291979905,22290.05208,46.0,-2.8571000000000026,67879.77999999998,17186.61568666666,52.85713333333334,0.996517666969457,0.4756686824819299,1.0216218056976225,67642.86,16228.484268571428,50.57142857142857,1.0000079831042035,0.503752211525522,1.0677966101694916,68095.96357142857,19768.94738785714,52.57142857142857,0.9933540323435784,0.4135341492699549,1.0271739130434783,0.012421810527338147,0.0173961651263845,5.345235555357872e-05,2.0754980872864364,0
2026-02-23,67643.39,67684.86,63888.79,64656.02,33075.90923,2158158656.1215167,8268695,16388.63858,1069328860.0589623,54.2857,-0.04416365824308055,-0.04516857121636174,-0.044163516937870836,0.059416839793021585,0.9558364830621292,1.0468454445541189,0.9881336648930757,3.045916046321751,10.406590711580213,2.826505159887084,0.49548565592069743,0.2856999999999985,0.0052907407407407625,67643.4,-0.004891878639983305,8175.13484,54.0,1.1428999999999974,67975.93,-0.0006480445974648141,8032.84131,52.8571,1.1428000000000011,68020.01,0.01516751380855963,35351.87091,51.7143,1.1429000000000045,66461.0,-0.015443935368111283,15492.43839,49.4286,1.1429000000000045,68892.43,0.0008695010415125104,15515.76534,47.1429,1.1428999999999974,66758.45,16427.96179333333,53.71426666666667,0.9685069081142537,2.0133909273774067,1.0106383902973015,67037.65857142856,18737.076252857143,51.59182857142857,0.9644731241785401,1.7652652304788685,1.0522150794644112,67704.39357142858,20049.17458857143,51.93877142857143,0.9549752473860869,1.6497391991815042,1.0451864475588564,0.019865346748929733,0.020635739897336088,0.3239722518982322,2.0115196619296705,0
2026-02-24,64656.01,65026.75,62510.28,64058.15,23102.83622,1469512159.7199352,7553629,11150.61026,709235431.9176984,54.5714,-0.009246934778849636,-0.009289953077215952,-0.009246781544360696,0.04025689854532728,0.9907532184556394,1.0151206364841945,0.9758364860677369,-0.3015207515733044,10.047753952851638,-0.08647870068977026,0.48265114091693107,0.2856999999999985,0.005262896121814631,64656.02,-0.04416365824308055,33075.90923,54.2857,0.2856999999999985,67643.4,-0.004891878639983305,8175.13484,54.0,1.1428999999999974,67975.93,-0.0006480445974648141,8032.84131,52.8571,1.1428000000000011,67003.73,0.008166142549765887,14542.26988,50.5714,1.142799999999994,67503.52,-0.02016056045635184,16489.06921,48.2857,1.1428000000000011,65452.52333333332,21451.293429999994,54.2857,0.9786964159314053,1.076990359364079,1.0052628961218146,66545.46285714286,19681.90011142857,52.48978571428571,0.9626223524437342,1.1738112727533363,1.0396575115974944,67362.74071428571,20244.107838571428,51.53060714285714,0.9509433452492395,1.141212860760492,1.0590094513870743,0.019248729910793634,0.020337357702983196,0.41825125565520355,1.9173294302260566,1
2026-02-25,64058.15,69988.83,63913.27,67988.04,30749.99259,2064089702.8444352,7096715,16382.91985,1098904977.008272,54.8571,0.06134879012272432,0.059540542765822574,0.06134879012272431,0.09505944540155753,1.0613487901227243,1.0294285583170217,0.9400663704969286,0.3310050894694867,10.33367755206329,-0.0604893356557491,0.5327780096873187,0.2857000000000056,0.005235343055153496,64058.15,-0.009246934778849636,23102.83622,54.5714,0.2856999999999985,64656.02,-0.04416365824308055,33075.90923,54.2857,0.2856999999999985,67643.4,-0.004891878639983305,8175.13484,54.0,1.1428999999999974,68020.01,0.01516751380855963,35351.87091,51.7143,1.1429000000000045,66461.0,-0.015443935368111283,15492.43839,49.4286,1.1429000000000045,65567.40333333334,28976.246013333326,54.571400000000004,1.0369182939022392,1.0612138154766664,1.0052353430551535,66763.61142857143,21861.550711428572,53.26528571428571,1.018339759417277,1.4065787462151444,1.0298846474653822,67427.4207142857,20389.23259357143,51.34692857142857,1.0083144109588567,1.5081485999475646,1.0683618577825633,0.03169150264779748,0.02602767654789137,0.4581659488293258,1.7881796864532225,0
2026-02-26,67988.04,68860.0,66500.0,67485.18,20737.77792,1404774665.564561,5426137,10172.50047,689304052.4530671,55.1429,-0.007396300878801609,-0.007423789136971464,-0.007396300878801634,0.03548872180451128,0.9926036991211984,1.0203721765282394,0.9854015355667719,-0.32560055553496314,9.939760556228734,-0.23540159073599543,0.49052991642799887,0.2857999999999947,0.005209899903567461,67988.04,0.06134879012272432,30749.99259,54.8571,0.2857000000000056,64058.15,-0.009246934778849636,23102.83622,54.5714,0.2856999999999985,64656.02,-0.04416365824308055,33075.90923,54.2857,0.2856999999999985,67975.93,-0.0006480445974648141,8032.84131,52.8571,1.1428000000000011,67003.73,0.008166142549765887,14542.26988,50.5714,1.142799999999994,66510.45666666667,24863.53557666666,54.85713333333334,1.0146551893068243,0.8340639188684612,1.005209289098835,66832.38999999998,22746.623288571427,53.91835714285714,1.0097675692878858,0.9116859965065351,1.022711056531237,67514.06428571428,20136.80652857143,51.38775,0.9995721737978616,1.0298444239694051,1.0730748086849493,0.03186937839588692,0.02587254033476201,0.45816149523317296,1.6156855054689339,0
2026-02-27,67485.19,68216.8,64914.46,65872.1,21228.58424,1412033823.5619729,3856064,10107.20917,671986242.524662,55.4286,-0.023902729458526895,-0.024193035094981677,-0.023902874097264843,0.050872178556210804,0.9760971259027351,1.0355947358593396,0.9854621304011865,0.023667257017284227,9.96315097089744,-0.28935373360458827,0.4761131998127069,0.2857000000000056,0.005181084056152363,67485.18,-0.007396300878801609,20737.77792,55.1429,0.2857999999999947,67988.04,0.06134879012272432,30749.99259,54.8571,0.2857000000000056,64058.15,-0.009246934778849636,23102.83622,54.5714,0.2856999999999985,67643.4,-0.004891878639983305,8175.13484,54.0,1.1428999999999974,68020.01,0.01516751380855963,35351.87091,51.7143,1.1429000000000045,67115.10666666666,24238.784916666667,55.14286666666666,0.9814794801289647,0.87581057849988,1.0051816916784644,66525.54571428572,20729.010907142856,54.44897142857143,0.9901775219238015,1.0241002011670997,1.0179916818578234,67301.07428571428,20207.094720714285,51.65305714285714,0.9787674372083895,1.0505510333575359,1.0730942768150358,0.03248251524985581,0.024297902210537393,0.4182366173534396,1.3837579459652498,1
2026-02-28,65872.09,67760.0,63030.0,66973.26,22548.71649,1462864408.2615664,5268514,11531.10802,748190390.4323822,55.7143,0.016716637240956178,0.0165784521278679,0.016716791588061018,0.07504363001745201,1.016716791588061,1.01174707637048,0.9411218746108522,0.0621865422147434,10.023477772346247,0.366293194303829,0.5113864474332215,0.2856999999999985,0.005154378786402569,65872.1,-0.023902729458526895,21228.58424,55.4286,0.2857000000000056,67485.18,-0.007396300878801609,20737.77792,55.1429,0.2857999999999947,67988.04,0.06134879012272432,30749.99259,54.8571,0.2857000000000056,64656.02,-0.04416365824308055,33075.90923,54.2857,0.2856999999999985,67975.93,-0.0006480445974648141,8032.84131,52.8571,1.1428000000000011,66776.84666666666,21505.02621666666,55.428599999999996,1.0029413388492838,1.048532387862167,1.0051543787864028,66382.30714285714,22802.707361428573,54.857142857142854,1.0089022645126073,0.9888613721431075,1.0156252604166667,67097.525,20523.804189285718,52.142857142857146,0.9981479942814583,1.0986616458644334,1.0684934246575342,0.03344153895798286,0.02444963515569117,0.3239848489990871,1.0538218029191095,0
2026-03-01,66973.26,68199.99,65056.0,65776.47,23201.85859,1545783742.9062,5312013,11209.77201,747161922.8484616,56.0,-0.01786966917841526,-0.018031259656580454,-0.01786966917841529,0.048327440973930234,0.9821303308215847,1.036844786593139,0.9890466910127588,0.028965821637327194,10.052030765150253,0.008256407784054565,0.48314112279054283,0.2856999999999985,0.005127947403090305,66973.26,0.016716637240956178,22548.71649,55.7143,0.2856999999999985,65872.1,-0.023902729458526895,21228.58424,55.4286,0.2857000000000056,67485.18,-0.007396300878801609,20737.77792,55.1429,0.2857999999999947,64058.15,-0.009246934778849636,23102.83622,54.5714,0.2856999999999985,67643.4,-0.004891878639983305,8175.13484,54.0,1.1428999999999974,66207.27666666667,22326.38644,55.7143,0.9934930616639671,1.0392124427458402,1.0051279474030903,66115.60285714285,24949.38218285714,55.142857142857146,0.9948706078068196,0.9299572398206367,1.015544041450777,66879.23142857142,20588.93322571429,52.857142857142854,0.983511152789649,1.1269092155305225,1.0594594594594595,0.03400631867145122,0.024602192743592675,3.7796569987640754e-05,0.4447495922203971,1
2026-03-02,65776.48,70096.0,65259.21,68830.06,32010.38431,2164578841.845917,8397526,15335.91369,1037871544.5481504,54.7143,0.04642374393153048,0.04537839252942392,0.046423584843701,0.07411658829458709,1.046423584843701,1.0183922547793798,0.9481207774626377,0.37964741858208195,10.37384687820189,0.5808556944420129,0.479091832871531,-1.2856999999999985,-0.02295892857142856,65776.47,-0.01786966917841526,23201.85859,56.0,0.2856999999999985,66973.26,0.016716637240956178,22548.71649,55.7143,0.2856999999999985,65872.1,-0.023902729458526895,21228.58424,55.4286,0.2857000000000056,67988.04,0.06134879012272432,30749.99259,54.8571,0.2857000000000056,64656.02,-0.04416365824308055,33075.90923,54.2857,0.2856999999999985,67193.26333333332,25920.319796666663,55.476200000000006,1.0243595352490447,1.2349532938292112,0.9862661826152476,66711.89428571428,24797.164337142858,55.20408571428572,1.0317509454193283,1.2908889046661154,0.9911277270885229,66874.77642857142,21767.120295,53.39795714285714,1.0292379829264477,1.4705842516684635,1.0246515583661977,0.03318003277036969,0.02793459707751277,0.5939396734638072,0.6774595382264944,0
2026-03-03,68830.06,69258.08,66158.0,68338.0,24972.2418,1691848669.9430182,7648119,12331.622,835461016.0946944,53.4286,-0.007148911391331003,-0.007174587301422502,-0.007148911391331021,0.04685873212612234,0.992851088608669,1.0134636658959877,0.9680997395299833,-0.2198706032967338,10.125560202640273,-0.08924140276552883,0.4938131745945212,-1.2856999999999985,-0.02349842728500595,68830.06,0.04642374393153048,32010.38431,54.7143,-1.2856999999999985,65776.47,-0.01786966917841526,23201.85859,56.0,0.2856999999999985,66973.26,0.016716637240956178,22548.71649,55.7143,0.2856999999999985,67485.18,-0.007396300878801609,20737.77792,55.1429,0.2857999999999947,64058.15,-0.009246934778849636,23102.83622,54.5714,0.2856999999999985,67648.17666666665,26728.161566666662,54.7143,1.0101972199004332,0.9343045064178109,0.976501572714994,67323.30142857143,25064.22227714286,55.04082857142858,1.015072026325167,0.9963302082097021,0.9707084974322957,66934.38214285714,22373.061194285714,53.76530714285714,1.02097005772231,1.116174562932771,0.9937374645333563,0.03299205196492107,0.02741334385736889,0.7667744471858399,0.8095049843054537,1
2026-03-04,68338.01,74050.0,67400.0,72666.77,44919.0761,3202864447.6324606,8618302,23641.35243,1685099057.930178,52.1429,0.06334352775907992,0.061418215316930716,0.0633433721584812,0.09866468842729971,1.0633433721584813,1.0190352481608855,0.9275216168270586,0.7987602578796109,10.712640102973829,0.12685249798022236,0.5263098550239327,-1.2857000000000056,-0.024063890874924776,68338.0,-0.007148911391331003,24972.2418,53.4286,-1.2856999999999985,68830.06,0.04642374393153048,32010.38431,54.7143,-1.2856999999999985,65776.47,-0.01786966917841526,23201.85859,56.0,0.2856999999999985,65872.1,-0.023902729458526895,21228.58424,55.4286,0.2857000000000056,67988.04,0.06134879012272432,30749.99259,54.8571,0.2857000000000056,69944.94333333334,33967.23407,53.428599999999996,1.0389138447606623,1.322423721855902,0.9759361091250753,67991.69142857143,27088.377064285716,54.65308571428572,1.0687595568399701,1.658241687695012,0.9540705582954927,67377.65142857142,24474.96388785714,53.95918571428571,1.0784995982983423,1.8353071451225258,0.9663396381868519,0.03351656384512718,0.031509824909019254,0.8399619948885488,0.8870296995969309,0
2026-03-05,72666.77,73558.15,70645.47,70890.72,26590.51253,1917514690.387834,6709160,12299.51467,886773462.4727771,50.8571,-0.02444102029029227,-0.024744659742350593,-0.024441020290292288,0.04122953672754945,0.9755589797097077,1.037627350942408,0.9965404498642417,-0.40803518596857336,10.188347366034083,-0.22152182645723018,0.46255274907256555,-1.2857999999999947,-0.024659157814390764,72666.77,0.06334352775907992,44919.0761,52.1429,-1.2857000000000056,68338.0,-0.007148911391331003,24972.2418,53.4286,-1.2856999999999985,68830.06,0.04642374393153048,32010.38431,54.7143,-1.2856999999999985,66973.26,0.016716637240956178,22548.71649,55.7143,0.2856999999999985,67485.18,-0.007396300878801609,20737.77792,55.1429,0.2857999999999947,70631.83,32160.610143333328,52.14286666666666,1.0036653446470238,0.8268037332467099,0.9753414656910566,68478.19714285714,27924.482008571427,54.04082857142858,1.035230525302965,0.9522293921813136,0.9410866070045452,67655.29357142857,25335.55264857143,53.979592857142855,1.0478222214076354,1.0495335506920285,0.942154197690847,0.035550479499297225,0.03259157575347508,0.8399619948885485,0.9238875235107837,0
2026-03-06,70891.02,71419.98,67744.78,68114.02,22629.88722,1574601198.874888,5302899,10464.09351,728091757.7822126,49.5714,-0.0391687374595715,-0.03995647071445988,-0.03917280355114089,0.054250674369301914,0.9608271964488591,1.0485356759151785,0.9945790895912471,-0.14894881418820094,10.02707094333852,-0.20960313958826438,0.4624014873901789,-1.2857000000000056,-0.025280639281437756,70890.72,-0.02444102029029227,26590.51253,50.8571,-1.2857999999999947,72666.77,0.06334352775907992,44919.0761,52.1429,-1.2857000000000056,68338.0,-0.007148911391331003,24972.2418,53.4286,-1.2856999999999985,65776.47,-0.01786966917841526,23201.85859,56.0,0.2856999999999985,65872.1,-0.023902729458526895,21228.58424,55.4286,0.2857000000000056,70557.17,31379.825283333328,50.85713333333334,0.9653734694858085,0.7211603957533614,0.9747187218574385,68798.47142857143,28124.66814857143,53.20408571428572,0.9900513570380406,0.8046277061992452,0.9317216776584826,67662.00857142857,24426.839527857144,53.82652857142857,1.0066804317240192,0.9264353333222727,0.9209473714103269,0.038175640889840816,0.034410726107591855,0.7667744471858386,0.924912427128715,0
2026-03-07,68114.02,68551.04,66915.26,67262.91,12719.54315,861729861.8530488,2067476,5910.76849,400477518.3566913,48.2857,-0.012495371731106153,-0.012574095363267338,-0.012495371731106174,0.02444554500722255,0.9875046282688938,1.0191506730826838,0.9948314754743735,-0.4379316597407241,9.450973536454171,-0.6101234437993256,0.4646997474905379,-1.2856999999999985,-0.02593632618808428,68114.02,-0.0391687374595715,22629.88722,49.5714,-1.2857000000000056,70890.72,-0.02444102029029227,26590.51253,50.8571,-1.2857999999999947,72666.77,0.06334352775907992,44919.0761,52.1429,-1.2857000000000056,68830.06,0.04642374393153048,32010.38431,54.7143,-1.2856999999999985,66973.26,0.016716637240956178,22548.71649,55.7143,0.2856999999999985,68755.88333333335,20646.64763333333,49.571400000000004,0.978285882444484,0.6160585183555279,0.9740636738119156,68839.85,26720.50052857143,52.142857142857146,0.9770926287608122,0.4760218895001377,0.9260271232876711,67611.07857142857,24761.603945000003,53.5,0.9948504212802826,0.5136800983592341,0.9025364485981308,0.0383297388446023,0.034590037946314496,0.5939396734638046,0.8902618615878077,0
2026-03-08,67262.91,68200.0,65618.49,65971.2,21593.63901,1447522160.3154545,3028392,11268.64926,755732359.1696719,47.0,-0.01920389706600567,-0.01939068716249424,-0.019203897066005712,0.03934119788492534,0.9807961029339943,1.0337844392704696,0.9946535761059373,0.697674103177204,9.980200368885551,0.4647773420344421,0.5218504048706889,-1.2856999999999985,-0.026626930954713246,67262.91,-0.012495371731106153,12719.54315,48.2857,-1.2856999999999985,68114.02,-0.0391687374595715,22629.88722,49.5714,-1.2857000000000056,70890.72,-0.02444102029029227,26590.51253,50.8571,-1.2857999999999947,68338.0,-0.007148911391331003,24972.2418,53.4286,-1.2856999999999985,65776.47,-0.01786966917841526,23201.85859,56.0,0.2856999999999985,67116.04333333333,18981.023126666663,48.2857,0.9829423297847365,1.1376435751591725,0.9733730690452868,68867.66857142857,26490.754874285714,50.857142857142854,0.9579415329208597,0.8151386818712633,0.9241573033707866,67491.63571428572,25720.068528571428,53.0,0.9774722349192687,0.8395638209910857,0.8867924528301887,0.03844372196420238,0.03494879074026934,3.779651442261294e-05,0.8153742491358388,1
2026-03-09,65971.2,69516.65,65821.97,68432.16,28896.7213,1967622051.44968,5093667,14101.45378,960195772.9159064,46.7143,0.03730355064027946,0.03662460641351922,0.037303550640279494,0.056131410226706875,1.0373035506402795,1.0158476657758573,0.9618572612642944,0.3382052597349594,10.271518023241011,0.6819708280830223,0.48799494010415634,-0.2856999999999985,-0.006078723404255304,65971.2,-0.01920389706600567,21593.63901,47.0,-1.2856999999999985,67262.91,-0.012495371731106153,12719.54315,48.2857,-1.2856999999999985,68114.02,-0.0391687374595715,22629.88722,49.5714,-1.2857000000000056,72666.77,0.06334352775907992,44919.0761,52.1429,-1.2857000000000056,68830.06,0.04642374393153048,32010.38431,54.7143,-1.2856999999999985,67222.09,21069.967819999994,47.333333333333336,1.0180010767293908,1.3714648995605352,0.9869218309859155,68810.82571428572,26045.945872857144,49.714285714285715,0.9944970037729528,1.1094517911178527,0.939655459770115,67761.36,25421.555105000003,52.45918571428571,1.0098994471185347,1.136701558210988,0.8904884695394488,0.03676745236109018,0.034020044352197625,0.3779707742544151,0.786821056635384,1
2026-03-10,68432.16,71777.0,68391.41,69948.63,32602.57726,2292525621.4405203,5176064,16453.82839,1157238967.1004455,46.4286,0.022160194855752158,0.02191822593227371,0.022160194855752047,0.049503146667103315,1.0221601948557522,1.0261387535395619,0.9777376626247004,0.12824485939171226,10.392177293236534,0.016176361744888235,0.504678763853039,-0.2856999999999985,-0.006115900270366903,68432.16,0.03730355064027946,28896.7213,46.7143,-0.2856999999999985,65971.2,-0.01920389706600567,21593.63901,47.0,-1.2856999999999985,67262.91,-0.012495371731106153,12719.54315,48.2857,-1.2856999999999985,70890.72,-0.02444102029029227,26590.51253,50.8571,-1.2857999999999947,68338.0,-0.007148911391331003,24972.2418,53.4286,-1.2856999999999985,68117.33,27697.64585666666,46.7143,1.0268844947387104,1.177088386093028,0.9938840997296331,69040.91571428571,27135.993795714283,48.714285714285715,1.0131474832904985,1.201451382449427,0.9530797653958945,68182.10857142856,26100.108036428574,51.87755714285714,1.0259088706052675,1.2491357206068177,0.8949650399333156,0.037513302397837234,0.03407289211399012,0.48795979684123564,0.7548189812832489,1
2026-03-11,69948.64,71321.0,68977.91,70191.86,27249.27542,1911300596.234168,4759855,14015.31615,982971805.5997224,46.1429,0.0034772661022810514,0.003471234391040441,0.0034771226431278886,0.03396870099427478,1.0034771226431278,1.0160864806830878,0.9827052595557377,-0.16419873181522815,10.212818907196276,-0.08041032722933872,0.5143372047138272,-0.2857000000000056,-0.006153534674747996,69948.63,0.022160194855752158,32602.57726,46.4286,-0.2856999999999985,68432.16,0.03730355064027946,28896.7213,46.7143,-0.2856999999999985,65971.2,-0.01920389706600567,21593.63901,47.0,-1.2856999999999985,68114.02,-0.0391687374595715,22629.88722,49.5714,-1.2857000000000056,72666.77,0.06334352775907992,44919.0761,52.1429,-1.2857000000000056,69524.21666666667,29582.857993333328,46.428599999999996,1.0096030328041572,0.9211170680716781,0.9938464653252521,68687.35714285714,24611.736555714284,47.857142857142854,1.0219036358323377,1.1071658986075625,0.96418,68339.52428571429,25850.05681,51.255114285714285,1.0271048962316662,1.0541282605405617,0.9002594305571736,0.02708483025589902,0.03024596278779161,0.5345358480561878,0.7189075908458681,1
2026-03-12,70191.86,70800.0,69205.91,70541.34,21997.1605,1540745224.510106,4344059,10545.03396,738758111.8989178,45.8571,0.0049789249066771735,0.004966571049048208,0.004978924906677155,0.02303401544752459,1.0049789249066772,1.0036667860292987,0.9810688314114816,-0.19274328726352608,9.998714115208275,-0.08735476185724145,0.4793815983658436,-0.2857999999999947,-0.006193802296777906,70191.86,0.0034772661022810514,27249.27542,46.1429,-0.2857000000000056,69948.63,0.022160194855752158,32602.57726,46.4286,-0.2856999999999985,68432.16,0.03730355064027946,28896.7213,46.7143,-0.2856999999999985,67262.91,-0.012495371731106153,12719.54315,48.2857,-1.2856999999999985,70890.72,-0.02444102029029227,26590.51253,50.8571,-1.2857999999999947,70227.27666666667,27283.004393333325,46.14286666666666,1.0044720989940137,0.8062587309986676,0.9938069156229278,68637.44571428571,23955.54340857143,47.142857142857146,1.0277384198363027,0.9182492805456165,0.9727263636363637,68557.82142857143,25940.012708571427,50.59184285714286,1.0289320537044069,0.8480011458410512,0.9064129197564035,0.025746788093183877,0.03010872563519605,0.534509121932057,0.6784513660122905,1
2026-03-13,70541.34,73913.74,70386.01,70930.0,35996.61678,2591768526.2961473,5312490,18310.3426,1319530652.9586313,45.5714,0.005509677020595349,0.005494554272369187,0.005509677020595349,0.050119761015008674,1.0055096770205953,1.0420659805441985,0.9923306076413364,0.6364210635277219,10.491208014691338,0.22293228521988295,0.5086684315891978,-0.2857000000000056,-0.006230223891175113,70541.34,0.0049789249066771735,21997.1605,45.8571,-0.2857999999999947,70191.86,0.0034772661022810514,27249.27542,46.1429,-0.2857000000000056,69948.63,0.022160194855752158,32602.57726,46.4286,-0.2856999999999985,65971.2,-0.01920389706600567,21593.63901,47.0,-1.2856999999999985,68114.02,-0.0391687374595715,22629.88722,49.5714,-1.2857000000000056,70554.40000000001,28414.350899999994,45.85713333333334,1.0053235517558081,1.2668463519256392,0.9937690537422748,69039.72857142857,25865.07620285714,46.57142857142857,1.0273794736405395,1.3917073546461731,0.9785269938650306,68919.1,26994.87217571429,49.88775714285714,1.0291776880429373,1.3334612790789226,0.9134786290252146,0.019261430341616648,0.029050838669919657,0.4879402788398302,0.6326101884647735,1
2026-03-14,70930.01,71307.92,70317.0,71211.95,13017.24737,921308630.9462768,1661739,6242.10104,441895405.35856247,45.2857,0.0039750458198222205,0.003967166199519513,0.003974904275355415,0.014092182544761555,1.0039749042753554,1.001347667069923,0.9874325868060067,-0.6383758104391498,9.474107296102662,-0.6872014817910246,0.47952542212463156,-0.2856999999999985,-0.006269282927450104,70930.0,0.005509677020595349,35996.61678,45.5714,-0.2857000000000056,70541.34,0.0049789249066771735,21997.1605,45.8571,-0.2857999999999947,70191.86,0.0034772661022810514,27249.27542,46.1429,-0.2857000000000056,68432.16,0.03730355064027946,28896.7213,46.7143,-0.2856999999999985,67262.91,-0.012495371731106153,12719.54315,48.2857,-1.2856999999999985,70894.43000000001,23670.341549999994,45.571400000000004,1.004478772168702,0.5499391439917775,0.9937307170725498,69603.87714285713,25907.60537714286,46.142857142857146,1.023103208084837,0.5024488825001381,0.9814238390092879,69221.86357142856,26314.052952857142,49.142857142857146,1.0287493911012364,0.49468804343143213,0.9215113372093022,0.017562048511776635,0.02887771185805617,0.3779581754387101,0.5800923679765156,1
2026-03-15,71211.95,73199.0,70858.82,72815.24,14037.30704,1007334955.2436514,2509013,7307.01776,524440519.7627765,45.0,0.022514339236602954,0.022264632539767723,0.02251433923660296,0.03302595216798689,1.022514339236603,1.00527032527806,0.9731317235238118,0.07836216375136762,9.549545089112724,0.5098718872217598,0.5205427037521009,-0.2856999999999985,-0.006308834797739693,71211.95,0.0039750458198222205,13017.24737,45.2857,-0.2856999999999985,70930.0,0.005509677020595349,35996.61678,45.5714,-0.2857000000000056,70541.34,0.0049789249066771735,21997.1605,45.8571,-0.2857999999999947,69948.63,0.022160194855752158,32602.57726,46.4286,-0.2856999999999985,65971.2,-0.01920389706600567,21593.63901,47.0,-1.2856999999999985,71652.39666666667,21017.057063333326,45.2857,1.0162289523788435,0.6679006959775399,0.9936911652022603,70581.59714285715,24828.12938142857,45.857142857142854,1.0316462498379282,0.5653791642676028,0.9813084112149534,69724.63285714286,25659.442127857143,48.357142857142854,1.04432590056357,0.5470620510786716,0.930576070901034,0.013205460745018254,0.028455680016204066,3.779654183803412e-05,0.5188745229334705,1
2026-03-16,72815.25,74909.08,72270.41,74884.67,28409.53019,2095859511.564864,5396482,15204.22255,1122045159.1994789,44.7143,0.028420286742171008,0.028023922724339036,0.028420145505234112,0.03651107002160356,1.0284201455052342,1.0003259679184004,0.9650895169865876,1.023859000094936,10.254515136764912,1.1508385966912087,0.5351803584330939,-0.2856999999999985,-0.006348888888888848,72815.24,0.022514339236602954,14037.30704,45.0,-0.2856999999999985,71211.95,0.0039750458198222205,13017.24737,45.2857,-0.2856999999999985,70930.0,0.005509677020595349,35996.61678,45.5714,-0.2857000000000056,70191.86,0.0034772661022810514,27249.27542,46.1429,-0.2857000000000056,68432.16,0.03730355064027946,28896.7213,46.7143,-0.2856999999999985,72970.62000000001,18488.028199999997,45.0,1.02623041985939,1.5366446806912597,0.9936511111111112,71503.38428571429,24758.53065142857,45.57142857142857,1.0472884710012427,1.147464305938558,0.9811915360501569,70157.10500000001,25402.23826214286,47.642857142857146,1.067385405939997,1.1183868876759153,0.9385310344827585,0.010838140404153922,0.026935270461985735,3.779654183803412e-05,0.513554732094963,0
2026-03-17,74884.67,76000.0,73399.19,73909.36,24521.26636,1825976731.3326728,4863187,11791.2523,878396858.780886,44.4286,-0.013024161019872249,-0.01310971909840106,-0.013024161019872261,0.03543376977320863,0.9869758389801278,1.0282865390797593,0.9930973560047063,-0.13686477051875523,10.107336814816367,-0.09882271450178093,0.48085821208786866,-0.2856999999999985,-0.006389454827650187,74884.67,0.028420286742171008,28409.53019,44.7143,-0.2856999999999985,72815.24,0.022514339236602954,14037.30704,45.0,-0.2856999999999985,71211.95,0.0039750458198222205,13017.24737,45.2857,-0.2856999999999985,70541.34,0.0049789249066771735,21997.1605,45.8571,-0.2857999999999947,69948.63,0.022160194855752158,32602.57726,46.4286,-0.2856999999999985,73869.75666666667,22322.70119666666,44.7143,1.0005361237821866,1.0984901040408874,0.9936105451723498,72069.20285714285,23604.05766571429,45.285714285714285,1.0255331968428283,1.0388580941156567,0.9810731861198739,70555.05928571428,25370.02573071429,47.0,1.0475416043618135,0.9665447966145838,0.9452893617021277,0.013672663277229593,0.0272065587440444,3.779654183803412e-05,0.4972495793621259,0
2026-03-18,73909.37,74672.34,70500.0,71246.54,23392.88093,1692949838.9777424,4733897,11709.17057,847905482.6972562,44.1429,-0.03602818371042593,-0.03669322101311266,-0.036028314136624384,0.05918212765957442,0.9639716858633757,1.0480837385226005,0.9895217367748667,-0.04601660507389893,10.060229768431093,-0.02658544695073417,0.5005441871412971,-0.2857000000000056,-0.006430542488397251,73909.36,-0.013024161019872249,24521.26636,44.4286,-0.2856999999999985,74884.67,0.028420286742171008,28409.53019,44.7143,-0.2856999999999985,72815.24,0.022514339236602954,14037.30704,45.0,-0.2856999999999985,70930.0,0.005509677020595349,35996.61678,45.5714,-0.2857000000000056,70191.86,0.0034772661022810514,27249.27542,46.1429,-0.2857000000000056,73346.85666666667,25441.22582666666,44.428599999999996,0.9713645988101193,0.9194871775981937,0.993569457511603,72219.87142857142,23053.14416714286,45.0,0.9865226646168417,1.0147371117967223,0.9809533333333332,70453.6142857143,23832.440361428573,46.42857142857143,1.011254578240232,0.9815562558948023,0.9507701538461537,0.02166042578585232,0.023836100455084212,3.779654183803412e-05,0.46881426440060553,0
2026-03-19,71246.55,71613.79,68793.35,69930.0,22364.81819,1566573949.8604124,4972526,10489.13676,734634623.2873883,43.8571,-0.018478651735228002,-0.018651514850332427,-0.018478789499281056,0.0409987302551771,0.9815212105007189,1.0240782210782209,0.9837458887458889,-0.04394767549479417,10.015289098698794,0.05040857458453374,0.46900165567587826,-0.2857999999999947,-0.00647442737110604,71246.54,-0.03602818371042593,23392.88093,44.1429,-0.2857000000000056,73909.36,-0.013024161019872249,24521.26636,44.4286,-0.2856999999999985,74884.67,0.028420286742171008,28409.53019,44.7143,-0.2856999999999985,71211.95,0.0039750458198222205,13017.24737,45.2857,-0.2856999999999985,70541.34,0.0049789249066771735,21997.1605,45.8571,-0.2857999999999947,71695.3,23426.321826666663,44.14286666666666,0.9753777444267615,0.9546875670657641,0.9935263228637924,72132.53714285714,23105.666694285715,44.714285714285715,0.9694654142208383,0.967936501721072,0.9808297124600639,70384.99142857143,23530.605051428574,45.92857142857143,0.9935356754424959,0.9504565709687182,0.9548979782270607,0.02295887622674336,0.023437774916956994,3.779654183803412e-05,0.4258075730077574,1
2026-03-20,69930.01,71367.0,69388.0,70510.73,18121.16745,1273812840.6886704,4369971,8801.41211,618781938.2268149,43.5714,0.008304447304447349,0.008270155102978788,0.008304303116787788,0.028520781691358736,1.0083043031167878,1.0121438254858517,0.9840771752043981,-0.1897467130717596,9.80489118888941,-0.12117684251424732,0.4856978522098475,-0.2857000000000056,-0.006514338613360371,69930.0,-0.018478651735228002,22364.81819,43.8571,-0.2857999999999947,71246.54,-0.03602818371042593,23392.88093,44.1429,-0.2857000000000056,73909.36,-0.013024161019872249,24521.26636,44.4286,-0.2856999999999985,72815.24,0.022514339236602954,14037.30704,45.0,-0.2856999999999985,70930.0,0.005509677020595349,35996.61678,45.5714,-0.2857000000000056,70562.42333333332,21292.955523333327,43.85713333333334,0.9992674098919601,0.8510404969447475,0.9934849062942249,72072.64142857143,20552.031075714283,44.42857142857143,0.9783286501283655,0.8817214893866737,0.9807067524115755,70556.18500000001,23208.55363928571,45.5,0.9993557616529293,0.7807969308059697,0.9576131868131867,0.023115038977026495,0.02072401002053754,3.779654183803412e-05,0.363130469091213,0
2026-03-21,70510.73,71100.94,68571.42,68918.12,13397.1675,942693882.026424,1640086,6379.69313,449156360.93415475,43.2857,-0.022586775090826627,-0.022845763534559155,-0.02258677509082661,0.03688883794443814,0.9774132249091734,1.0316726573504909,0.9949693926648029,-0.26068960308625155,9.502873222856016,-0.62469178857251,0.47619716107901167,-0.2856999999999985,-0.006557053480034991,70510.73,0.008304447304447349,18121.16745,43.5714,-0.2857000000000056,69930.0,-0.018478651735228002,22364.81819,43.8571,-0.2857999999999947,71246.54,-0.03602818371042593,23392.88093,44.1429,-0.2857000000000056,74884.67,0.028420286742171008,28409.53019,44.7143,-0.2856999999999985,71211.95,0.0039750458198222205,13017.24737,45.2857,-0.2856999999999985,69786.28333333333,17961.051046666664,43.571400000000004,0.9875596852007928,0.7459010870350117,0.9934429465199648,71744.95142857144,20606.30538,44.142857142857146,0.9605988801680937,0.6501489351411329,0.9805822006472491,70674.41428571429,23256.95537857143,45.142857142857146,0.975149503487724,0.5760499292329522,0.9588604430379746,0.02438114146877322,0.021454764744159804,3.779654183803412e-05,0.2672571326364223,0
2026-03-22,68918.12,69588.79,67360.66,67859.0,14843.78682,1018926475.3196974,3269152,7292.32333,500700088.25183487,43.0,-0.015367801675379322,-0.015487110258322837,-0.015367801675379355,0.03307761533215366,0.9846321983246207,1.0254909444583622,0.9926562430922944,0.10797949044079647,9.605404026704045,0.9932808401510653,0.4912710899468442,-0.2856999999999985,-0.006600332211330717,68918.12,-0.022586775090826627,13397.1675,43.2857,-0.2856999999999985,70510.73,0.008304447304447349,18121.16745,43.5714,-0.2857000000000056,69930.0,-0.018478651735228002,22364.81819,43.8571,-0.2857999999999947,73909.36,-0.013024161019872249,24521.26636,44.4286,-0.2856999999999985,72815.24,0.022514339236602954,14037.30704,45.0,-0.2856999999999985,69095.95,15454.040589999995,43.2857,0.9820980824491161,0.9605117013608157,0.9933996677886693,71036.91714285714,20721.516777142857,43.857142857142854,0.9552638646118853,0.7163465387038479,0.980456026058632,70809.25714285714,22774.823079285714,44.857142857142854,0.9583351490765534,0.6517629914544014,0.9585987261146498,0.021434751763347977,0.021186617291059973,3.779654183803412e-05,3.631348358999407e-05,1
2026-03-23,67859.0,71817.09,67445.18,70906.45,28335.09119,1980755169.231694,6509730,14640.9723,1022970775.4557816,43.1429,0.044908560397294295,0.04392937957609135,0.04490856039729435,0.0648216818459081,1.0449085603972943,1.012842837287722,0.951185399917779,0.9088856188518073,10.251891578185138,0.9912595070525934,0.516708141217032,0.14289999999999736,0.0033232558139533186,67859.0,-0.015367801675379322,14843.78682,43.0,-0.2856999999999985,68918.12,-0.022586775090826627,13397.1675,43.2857,-0.2856999999999985,70510.73,0.008304447304447349,18121.16745,43.5714,-0.2857000000000056,71246.54,-0.03602818371042593,23392.88093,44.1429,-0.2857000000000056,74884.67,0.028420286742171008,28409.53019,44.7143,-0.2856999999999985,69227.85666666667,18858.68183666666,43.14286666666666,1.0242473682439106,1.5024958496785548,1.000000772626761,70468.59999999999,20710.882634285714,43.632657142857134,1.006213405687072,1.3681257187510123,0.9887754453905104,70985.99214285714,22734.70664285714,44.60204285714286,0.9988794670546117,1.2463363453560288,0.9672852909043562,0.026617187018233547,0.022227127175874193,0.16200187682630432,0.11455228567703866,0
2026-03-24,70906.45,71400.0,68923.07,70556.74,20702.42244,1455361229.2099645,4191328,9731.85043,684254039.2949127,43.2857,-0.004931991377371103,-0.004944193784823292,-0.0049319913773710556,0.03593760405623245,0.9950680086226289,1.0119515159005361,0.9768460107425598,-0.2693715964709412,9.938054300852793,-0.3561441104316154,0.4700826899946111,0.14280000000000115,0.003309930486824042,70906.45,0.044908560397294295,28335.09119,43.1429,0.14289999999999736,67859.0,-0.015367801675379322,14843.78682,43.0,-0.2856999999999985,68918.12,-0.022586775090826627,13397.1675,43.2857,-0.2856999999999985,69930.0,-0.018478651735228002,22364.81819,43.8571,-0.2857999999999947,73909.36,-0.013024161019872249,24521.26636,44.4286,-0.2856999999999985,69774.06333333334,21293.76681666666,43.14286666666666,1.01121730094645,0.9722292264324124,1.003310705670926,69989.65428571428,20165.333502857142,43.46938571428571,1.008102421994696,1.0266342699993907,0.9957743659987967,71029.42857142857,21884.695584285713,44.37755,0.9933451728257504,0.945977172050104,0.9753963434213921,0.02651114733515671,0.021578899300618123,0.20912075231221414,0.15562821310505895,1
2026-03-25,70556.74,72026.09,70408.0,71336.53,17719.50066,1261017988.5394323,3298902,8819.77787,627874982.8921664,43.4286,0.011051956198656399,0.010991329616637294,0.011051956198656478,0.022981621406658284,1.0110519561986564,1.009666295795436,0.9869838075947905,-0.1440856396706779,9.782477477710275,-0.21292201421601942,0.49774415426444635,0.14290000000000447,0.00330132122155824,70556.74,-0.004931991377371103,20702.42244,43.2857,0.14280000000000115,70906.45,0.044908560397294295,28335.09119,43.1429,0.14289999999999736,67859.0,-0.015367801675379322,14843.78682,43.0,-0.2856999999999985,70510.73,0.008304447304447349,18121.16745,43.5714,-0.2857000000000056,71246.54,-0.03602818371042593,23392.88093,44.1429,-0.2857000000000056,70933.24,22252.338096666663,43.28573333333333,1.0056854868042118,0.7962983747157039,1.003300548602619,70002.51,19354.85060714286,43.36734285714285,1.0190567452509918,0.9155069713356849,1.001412517780002,71111.19071428571,21203.99738714286,44.18367142857143,1.0031688301581065,0.8356679326297363,0.9829106227672344,0.02351880101662665,0.021744605974439234,0.22909188736651165,0.18249799652667956,0
2026-03-26,71336.53,71436.82,68153.0,68820.31,20820.45768,1447699734.3398392,3597702,10116.39467,703650001.5901196,43.5714,-0.035272531478612756,-0.03590963357008416,-0.03527253147861273,0.048183058706146566,0.9647274685213872,1.0380194451318223,0.9903035891584911,0.1750025059679079,9.94373935316674,0.09057559151499506,0.48588723771032877,0.14279999999999404,0.0032881557314763388,71336.53,0.011051956198656399,17719.50066,43.4286,0.14290000000000447,70556.74,-0.004931991377371103,20702.42244,43.2857,0.14280000000000115,70906.45,0.044908560397294295,28335.09119,43.1429,0.14289999999999736,68918.12,-0.022586775090826627,13397.1675,43.2857,-0.2856999999999985,69930.0,-0.018478651735228002,22364.81819,43.8571,-0.2857999999999947,70237.86,19747.460259999996,43.42856666666666,0.9798178646103397,1.0543359705943272,1.0032889257992244,69843.98285714285,19134.22767714286,43.32652857142857,0.9853434352500108,1.0881263686891036,1.0056517666345628,70988.26,21119.94718571429,44.020407142857145,0.9694604431775057,0.9858195902157906,0.989800022943904,0.02644213174423892,0.023795707176055458,0.22906961408106002,0.20091203052823176,0
2026-03-27,68820.31,69179.05,65548.25,66407.28,28603.69557,1917318222.7099128,4159306,14568.62853,976680026.2656809,43.7143,-0.035062759816106626,-0.035692215836955574,-0.0350627598161066,0.05539125758506143,0.9649372401838934,1.0417389478984835,0.9870642194650948,0.37382645519250657,10.261326164100987,0.15610075542665847,0.509326792908529,0.14290000000000447,0.003279674281753797,68820.31,-0.035272531478612756,20820.45768,43.5714,0.14279999999999404,71336.53,0.011051956198656399,17719.50066,43.4286,0.14290000000000447,70556.74,-0.004931991377371103,20702.42244,43.2857,0.14280000000000115,67859.0,-0.015367801675379322,14843.78682,43.0,-0.2856999999999985,70510.73,0.008304447304447349,18121.16745,43.5714,-0.2857000000000056,68854.70666666667,22381.217969999994,43.57143333333334,0.9644552016100376,1.278022295674019,1.0032789067454746,69257.77571428572,20631.73169428571,43.34694285714285,0.9588422284012544,1.3863933475793626,1.0084748108780783,70665.20857142856,20591.881384999997,43.88775714285715,0.9397450505346682,1.3890763566089765,0.9960477100187067,0.02862027440682452,0.025299397083072,0.20911587241346752,0.21310491367107784,0
2026-03-28,66407.28,67288.94,65932.09,66377.03,11462.39847,762676255.4470605,1687368,5753.04124,382921412.2238488,43.8571,-0.00045552234634516076,-0.00045562612816699334,-0.0004555223463451598,0.02057950840023433,0.9995444776536548,1.0137383368915422,0.9932967775147516,-0.5992686175131181,9.34691449691711,-0.5943150131295942,0.5019055353080916,0.14280000000000115,0.003266665599128915,66407.28,-0.035062759816106626,28603.69557,43.7143,0.14290000000000447,68820.31,-0.035272531478612756,20820.45768,43.5714,0.14279999999999404,71336.53,0.011051956198656399,17719.50066,43.4286,0.14290000000000447,70906.45,0.044908560397294295,28335.09119,43.1429,0.14289999999999736,68918.12,-0.022586775090826627,13397.1675,43.2857,-0.2856999999999985,67201.54,20295.517239999997,43.71426666666667,0.9877307871218428,0.5647748876983044,1.0032674306176168,68894.76285714286,20355.336118571428,43.42857142857143,0.9634553810372564,0.5631151656366975,1.0098674342105263,70319.85714285714,20480.820749285715,43.785714285714285,0.9439301030596925,0.5596649963551759,1.001630342577488,0.02797877524387136,0.025214163548033363,0.16197668262528864,0.2200893864364352,0
2026-03-29,66377.04,67130.5,65000.0,66010.93,10052.85584,667003517.6059871,2146177,4769.42832,316674097.3501869,44.0,-0.00551546220130672,-0.005530728522709364,-0.005515612024880902,0.03277692307692308,0.9944843879751191,1.0169603730776102,0.9846854149759745,-0.12297100242057801,9.21571150557801,0.2719080840693908,0.4744351650824031,0.14289999999999736,0.003258309372940804,66377.03,-0.00045552234634516076,11462.39847,43.8571,0.14280000000000115,66407.28,-0.035062759816106626,28603.69557,43.7143,0.14290000000000447,68820.31,-0.035272531478612756,20820.45768,43.5714,0.14279999999999404,70556.74,-0.004931991377371103,20702.42244,43.2857,0.14280000000000115,67859.0,-0.015367801675379322,14843.78682,43.0,-0.2856999999999985,66265.08,16706.316626666663,43.85713333333334,0.9961646465981779,0.6017398128294544,1.0032575468528875,68630.75285714286,19670.91740714286,43.57142857142857,0.9618272749740031,0.5110517029749527,1.0098360655737706,69833.83499999999,20196.217092142855,43.714285714285715,0.9452571235705443,0.497759347413183,1.0065359477124183,0.02761685726257654,0.02396775393268332,5.345232335954105e-05,0.22237479944580044,1
2026-03-30,66010.93,68169.65,65800.59,66797.37,18353.38975,1234617690.8920753,3902849,9155.91893,615747978.8513808,43.8571,0.01191378458082637,0.011843374134185144,0.011913784580826273,0.03600362853889301,1.0119137845808264,1.020543922612522,0.9850775561971976,0.8256891416837424,9.817624048306596,0.8185121730407139,0.49886800502343176,-0.14289999999999736,-0.0032477272727272632,66010.93,-0.00551546220130672,10052.85584,44.0,0.14289999999999736,66377.03,-0.00045552234634516076,11462.39847,43.8571,0.14280000000000115,66407.28,-0.035062759816106626,28603.69557,43.7143,0.14290000000000447,71336.53,0.011051956198656399,17719.50066,43.4286,0.14290000000000447,70906.45,0.044908560397294295,28335.09119,43.1429,0.14289999999999736,66395.11,13289.548019999995,43.90473333333333,1.0060585787115948,1.3810394245447037,0.9989150752158842,68043.74142857143,18244.96005857143,43.673457142857146,0.9816827910634542,1.0059429941792408,1.0042049077210022,69256.1707142857,19477.92134642857,43.65305714285715,0.9644970160936356,0.9422663447280649,1.0046741939854318,0.019610740141697804,0.022465197078488004,0.10800335973613723,0.21494123142622396,1
2026-03-31,66797.38,68589.49,65998.05,68284.48,22105.40662,1490168487.4548745,4846820,10726.18262,723378692.7667619,43.7143,0.022263002270897836,0.02201879944892802,0.02226284923151164,0.039265402538408364,1.0222628492315116,1.0044667543781547,0.9665161102493569,0.20443182001297622,10.00362273780288,0.2418671590932675,0.48522892179216554,-0.14280000000000115,-0.0032560292404194557,66797.37,0.01191378458082637,18353.38975,43.8571,-0.14289999999999736,66010.93,-0.00551546220130672,10052.85584,44.0,0.14289999999999736,66377.03,-0.00045552234634516076,11462.39847,43.8571,0.14280000000000115,68820.31,-0.035272531478612756,20820.45768,43.5714,0.14279999999999404,70556.74,-0.004931991377371103,20702.42244,43.2857,0.14280000000000115,67030.92666666665,16837.21740333333,43.85713333333334,1.0187011189561357,1.3128895405023224,0.9967432131907086,67719.13285714285,18445.38637,43.73468571428572,1.008348410840549,1.1984246996285608,0.9995338776544802,68854.39357142858,19305.359936428573,43.60203571428571,0.9917229164056559,1.1450398590231843,1.0025747487215948,0.02282516302840885,0.02378628761024703,0.13941221508280222,0.2066964335912194,0
2026-04-01,68284.49,69310.0,67578.75,68113.92,19020.1899,1301708227.0745244,3741910,9702.49844,664126033.9269131,43.5714,-0.0024977857340350296,-0.0025009104050785873,-0.0024979318143843058,0.02561826017794055,0.9975020681856157,1.017559993610704,0.9921430157007555,-0.13956842201711106,9.853308894605227,-0.22796596531333946,0.5101157502113056,-0.14290000000000447,-0.0032689531800808025,68284.48,0.022263002270897836,22105.40662,43.7143,-0.14280000000000115,66797.37,0.01191378458082637,18353.38975,43.8571,-0.14289999999999736,66010.93,-0.00551546220130672,10052.85584,44.0,0.14289999999999736,66407.28,-0.035062759816106626,28603.69557,43.7143,0.14290000000000447,71336.53,0.011051956198656399,17719.50066,43.4286,0.14290000000000447,67731.92333333332,19826.32875666666,43.71426666666667,1.0056398319709117,0.9593399833846904,0.9967318068548178,67258.76,18631.19911857143,43.75508571428571,1.0127144776383032,1.020878461925772,0.9958019573887901,68630.635,18993.024862857146,43.56121428571429,0.9924710735956327,1.0014302638647086,1.000233825306588,0.02184598176240639,0.022090077184913202,0.1527219914310787,0.19754560983990904,0
2026-04-02,68113.92,68653.38,65712.12,66901.99,20203.47916,1349223461.5270572,4189133,10090.6562,673815463.8757504,43.4286,-0.01779269200774225,-0.01795288497272631,-0.017792692007742222,0.044759779474471524,0.9822073079922577,1.0261784440193782,0.9822147293376473,0.062212273706057974,9.913659599402543,0.11951730533337246,0.49945141230813633,-0.14279999999999404,-0.003277379198281305,68113.92,-0.0024977857340350296,19020.1899,43.5714,-0.14290000000000447,68284.48,0.022263002270897836,22105.40662,43.7143,-0.14280000000000115,66797.37,0.01191378458082637,18353.38975,43.8571,-0.14289999999999736,66377.03,-0.00045552234634516076,11462.39847,43.8571,0.14280000000000115,68820.31,-0.035272531478612756,20820.45768,43.5714,0.14279999999999404,67766.79666666666,20443.02522666666,43.57143333333334,0.9872384898031924,0.9882822594009134,0.9967218582817641,66984.71428571429,18543.05933,43.73468571428572,0.9987650274156364,1.0895440067601831,0.9930013052732254,68414.34857142856,18838.643503571428,43.53060714285714,0.9778941318157905,1.0724487225510597,0.9976566570155483,0.01877560467427993,0.02205378808779712,0.15272199143107842,0.18733761569085905,1
2026-04-03,66901.99,67370.42,66282.0,66964.3,11429.13131,763535606.9777882,2023104,5535.26988,369859409.32271767,43.2857,0.0009313624303253221,0.0009309289814481332,0.0009313624303252813,0.016421049455357387,1.0009313624303253,1.0060647240395255,0.9898109888403224,-0.4342988541979419,9.344008244911844,-0.5170590191335533,0.4843123882177183,-0.14290000000000447,-0.003290458361540627,66901.99,-0.01779269200774225,20203.47916,43.4286,-0.14279999999999404,68113.92,-0.0024977857340350296,19020.1899,43.5714,-0.14290000000000447,68284.48,0.022263002270897836,22105.40662,43.7143,-0.14280000000000115,66010.93,-0.00551546220130672,10052.85584,44.0,0.14289999999999736,66407.28,-0.035062759816106626,28603.69557,43.7143,0.14290000000000447,67326.73666666668,16884.266789999994,43.42856666666666,0.9946167498291044,0.6769101348700025,0.9967103066568319,67064.28857142857,16089.55015,43.673457142857146,0.9985090638615801,0.7103449881101866,0.9911214461088166,68161.03214285713,18360.64092214286,43.510200000000005,0.9824425759816998,0.622479975424851,0.9948402903227288,0.012784841691908088,0.021851942288283265,0.1394122150828013,0.17591972148278898,1
2026-04-04,66964.29,67562.93,66775.91,67300.42,7373.51613,494932017.4232442,1356179,3701.32932,248489879.9959024,43.1429,0.0050193909291964545,0.005006835781815329,0.005019541012082779,0.011785986892578319,1.0050195410120828,1.0039005700113015,0.9922064379390204,-0.3548489443332855,8.905785569564099,-0.329654333143526,0.5019761609987825,-0.14280000000000115,-0.0032990109897725883,66964.3,0.0009313624303253221,11429.13131,43.2857,-0.14290000000000447,66901.99,-0.01779269200774225,20203.47916,43.4286,-0.14279999999999404,68113.92,-0.0024977857340350296,19020.1899,43.5714,-0.14290000000000447,66797.37,0.01191378458082637,18353.38975,43.8571,-0.14289999999999736,66377.03,-0.00045552234634516076,11462.39847,43.8571,0.14280000000000115,67055.57,13002.042199999996,43.28573333333333,1.0036514490891657,0.5671044607131026,0.9967002214740499,67196.20142857142,15505.42410142857,43.57142857142857,1.0015509592687224,0.475544305126143,0.9901649180327868,68045.48214285714,17930.380110000002,43.5,0.9890505273914741,0.4112303300189211,0.9917908045977011,0.012829518202557143,0.021229744761789144,0.10800335973613528,0.16301529895165195,1
2026-04-05,67300.42,69136.2,66611.66,69034.18,11733.46752,791661977.3234502,2106257,5791.55692,391091472.13861215,43.0,0.025761503420038023,0.025435266920256033,0.025761503420038016,0.03789937077082291,1.025761503420038,1.001477818668955,0.9649083975503151,0.5912988204177156,9.370285731882815,0.5530818571884686,0.49359295622782784,-0.14289999999999736,-0.003312248365316184,67300.42,0.0050193909291964545,7373.51613,43.1429,-0.14280000000000115,66964.3,0.0009313624303253221,11429.13131,43.2857,-0.14290000000000447,66901.99,-0.01779269200774225,20203.47916,43.4286,-0.14279999999999404,68284.48,0.022263002270897836,22105.40662,43.7143,-0.14280000000000115,66010.93,-0.00551546220130672,10052.85584,44.0,0.14289999999999736,67766.3,10178.704986666662,43.14286666666666,1.0187095945920022,1.1527465955020761,0.9966885217023131,67628.09428571428,15745.511484285715,43.42857142857143,1.0207914436912167,0.7451944340906421,0.9901315789473684,68129.42357142856,17708.214445714286,43.5,1.0132799659991671,0.662600261362868,0.9885057471264368,0.015017114630153173,0.02199308499467867,5.345231788541674e-05,0.14824987222717403,0
2026-04-06,69034.18,70351.46,68300.0,68853.66,20281.61044,1408020173.0961628,4695523,10149.79257,704797801.6383992,43.0,-0.0026149365430282456,-0.002618361461522849,-0.002614936543028244,0.030036017569546214,0.9973850634569718,1.0217533824636194,0.9919588878790175,0.7285265762597006,9.917519169342526,1.2293210182802952,0.5004431280260799,0.0,0.0,69034.18,0.025761503420038023,11733.46752,43.0,-0.14289999999999736,67300.42,0.0050193909291964545,7373.51613,43.1429,-0.14280000000000115,66964.3,0.0009313624303253221,11429.13131,43.2857,-0.14290000000000447,68113.92,-0.0024977857340350296,19020.1899,43.5714,-0.14290000000000447,66797.37,0.01191378458082637,18353.38975,43.8571,-0.14289999999999736,68396.08666666666,13129.531363333328,43.04763333333333,1.0066900513703856,1.5447322435772681,0.9988934738185375,67921.85,16020.971582857144,43.306128571428566,1.0137188548309564,1.2659413528766164,0.9929310566072965,67982.79571428572,17132.965820714286,43.48979285714285,1.0128100687323056,1.1837769742982214,0.9887377514362566,0.015149860995947883,0.018091101924481698,0.05399224812091406,0.1424606043480008,1
2026-04-07,68853.66,72761.0,67732.01,71924.22,23750.49661,1649637855.842697,4871706,12465.18271,866730089.2310433,43.0,0.04459545069935267,0.043629681945818906,0.044595450699352765,0.07424835022613394,1.0445954506993527,1.0116341894288183,0.9417135145852119,0.17103603189017758,10.075400822635311,0.037521485891987005,0.5248388239912261,0.0,0.0,68853.66,-0.0026149365430282456,20281.61044,43.0,0.0,69034.18,0.025761503420038023,11733.46752,43.0,-0.14289999999999736,67300.42,0.0050193909291964545,7373.51613,43.1429,-0.14280000000000115,66901.99,-0.01779269200774225,20203.47916,43.4286,-0.14279999999999404,68284.48,0.022263002270897836,22105.40662,43.7143,-0.14280000000000115,69937.35333333333,18588.52485666666,43.0,1.028409234435809,1.2776966861618408,1.0,68441.81285714285,16255.984438571428,43.20408571428571,1.0508812814488988,1.4610309636890368,0.99527624040848,68080.47285714286,17350.685404285712,43.46938571428571,1.0564588784646471,1.3688506278912473,0.9892019243756773,0.020819570183556756,0.021902633800974625,0.06970855655621046,0.13561023029413502,0
2026-04-08,71924.22,72857.0,70707.23,71069.93,19802.68627,1418484188.0521238,3843988,9570.20189,685666276.8388308,43.0,-0.011877640105099618,-0.011948742855087834,-0.01187764010509962,0.030403821504533614,0.9881223598949004,1.0251452337155813,0.9948965758092065,-0.16622011761799538,9.89362337460669,-0.21095649039576692,0.4832779633790563,0.0,0.0,71924.22,0.04459545069935267,23750.49661,43.0,0.0,68853.66,-0.0026149365430282456,20281.61044,43.0,0.0,69034.18,0.025761503420038023,11733.46752,43.0,-0.14289999999999736,66964.3,0.0009313624303253221,11429.13131,43.2857,-0.14290000000000447,68113.92,-0.0024977857340350296,19020.1899,43.5714,-0.14290000000000447,70615.93666666666,21278.264439999995,43.0,1.0064290492311438,0.9306532647829056,1.0,68864.1,16367.769634285713,43.12245714285715,1.032031639126918,1.2098585642676163,0.997160246633176,68061.43000000001,17499.48437642857,43.43877142857143,1.0442027151060445,1.1316154147189499,0.9898990829127633,0.02185601950160501,0.021998139575682505,0.07635654772814102,0.12750878616565672,1
2026-04-09,71069.93,73145.0,70466.0,71787.97,18158.42159,1300323816.009336,3773025,9604.31771,687990251.043167,43.0,0.010103288409036182,0.010052591375903568,0.010103288409036118,0.03801833508358641,1.0101032884090362,1.0189033065010753,0.9815850761624824,-0.0830324056838172,9.806944800877112,-0.018460775631973902,0.5289180924893373,0.0,0.0,71069.93,-0.011877640105099618,19802.68627,43.0,0.0,71924.22,0.04459545069935267,23750.49661,43.0,0.0,68853.66,-0.0026149365430282456,20281.61044,43.0,0.0,67300.42,0.0050193909291964545,7373.51613,43.1429,-0.14280000000000115,66901.99,-0.01779269200774225,20203.47916,43.4286,-0.14279999999999404,71594.04,20570.534823333328,43.0,1.0027087450296144,0.8827394010875572,1.0,69562.09714285714,16075.61855285714,43.061228571428565,1.0319983575620453,1.1295628550960288,0.9985781044001798,68273.4057142857,17309.33894142857,43.39795714285714,1.0514777935704898,1.0490534416966795,0.9908300489456878,0.01910309538843243,0.019622813675111574,0.07636545279745326,0.1179206177388027,1
2026-04-10,71787.98,73434.0,71426.15,72962.7,17372.63288,1259195636.055663,3176308,8819.74841,639705902.5013963,43.0,0.01636388380950171,0.01623143839049557,0.016363742230941742,0.028110852957915357,1.0163637422309417,1.0064594649046705,0.9789406093798612,-0.04327406465949335,9.762708984171843,-0.15815347102126276,0.5076805842224187,0.0,0.0,71787.97,0.010103288409036182,18158.42159,43.0,0.0,71069.93,-0.011877640105099618,19802.68627,43.0,0.0,71924.22,0.04459545069935267,23750.49661,43.0,0.0,69034.18,0.025761503420038023,11733.46752,43.0,-0.14289999999999736,66964.3,0.0009313624303253221,11429.13131,43.2857,-0.14290000000000447,71940.2,18444.580246666665,43.0,1.0142131937359085,0.9418827995903898,1.0,70419.01142857142,16924.690205714283,43.020414285714274,1.0361221851858675,1.026466816753578,0.9995254744508341,68741.65,16507.120177857145,43.34693571428571,1.0614045487706507,1.0524326892163702,0.9919963035778934,0.018732085819353254,0.016469710460170903,0.06970366868809001,0.10641891227642984,1
2026-04-11,72962.71,73790.0,72513.09,73043.16,9070.94374,662437113.7096702,1472041,4673.47605,341269009.9930418,43.0,0.0011027552434326182,0.0011021476555086477,0.0011026180359802573,0.017609372321604328,1.0011026180359803,1.0102246397883115,0.9927430576661798,-0.47786016071042425,9.112941824449186,-0.536555963716365,0.5152138723329795,0.0,0.0,72962.7,0.01636388380950171,17372.63288,43.0,0.0,71787.97,0.010103288409036182,18158.42159,43.0,0.0,71069.93,-0.011877640105099618,19802.68627,43.0,0.0,68853.66,-0.0026149365430282456,20281.61044,43.0,0.0,67300.42,0.0050193909291964545,7373.51613,43.1429,-0.14280000000000115,72597.94333333334,14867.332736666662,43.0,1.006132634703196,0.6101258309520929,1.0,71239.40285714286,17167.179864285714,43.0,1.0253196555630069,0.5283886935250807,1.0,69217.80214285714,16336.301982857143,43.285714285714285,1.0552655204111767,0.5552629811519642,0.9933993399339934,0.01904785934613837,0.016421580968923696,0.0540111231930887,0.09232246312675318,0
2026-04-12,73043.16,73137.24,70505.88,70740.98,13472.46801,962825891.8165911,2068779,6326.31289,451853887.81102085,43.0,-0.03151807780495819,-0.0320254620862258,-0.031518077804958154,0.03732114257704464,0.9684819221950418,1.03387371789308,0.9966766080990115,0.4852333336156265,9.508477698033706,0.4053813718503765,0.4695734207944874,0.0,0.0,73043.16,0.0011027552434326182,9070.94374,43.0,0.0,72962.7,0.01636388380950171,17372.63288,43.0,0.0,71787.97,0.010103288409036182,18158.42159,43.0,0.0,71924.22,0.04459545069935267,23750.49661,43.0,0.0,69034.18,0.025761503420038023,11733.46752,43.0,-0.14289999999999736,72248.94666666667,13305.348209999996,43.0,0.9791281847523128,1.012560347715996,1.0,71483.23142857142,17415.608505714285,43.0,0.9896164259262242,0.7735858328222933,1.0,69555.66285714286,16580.559995,43.214285714285715,1.0170412744867603,0.812546018594229,0.9950413223140495,0.023816677118195722,0.019182306640229796,8.789040697667022e-08,0.07412494056102413,1
2026-04-13,70741.56,74900.0,70566.99,74417.99,24230.21625,1753370318.184166,3673539,12639.79905,914783773.8511785,42.1429,0.0519784995910435,0.050672676455567146,0.05196987456878259,0.061402789037763895,1.0519698745687827,1.0064770628714912,0.9482517600918811,0.7984987035794047,10.095397008588762,0.7757039297092634,0.5216544053749417,-0.8571000000000026,-0.019932558139534984,70740.98,-0.03151807780495819,13472.46801,43.0,0.0,73043.16,0.0011027552434326182,9070.94374,43.0,0.0,72962.7,0.01636388380950171,17372.63288,43.0,0.0,71069.93,-0.011877640105099618,19802.68627,43.0,0.0,68853.66,-0.0026149365430282456,20281.61044,43.0,0.0,72734.04333333333,15591.209333333327,42.7143,1.0231521113015716,1.554094729406067,0.9866227469489139,72278.1357142857,17979.695050000002,42.87755714285715,1.0296058312042402,1.347643337810671,0.9828661614184442,70099.99285714285,17000.33331642857,43.09184285714286,1.0615976830647733,1.4252788930076277,0.977978596545783,0.029621470059585948,0.02290109122485297,0.32395334981622115,0.22311873594492013,0
2026-04-14,74418.0,76038.0,73795.47,74131.55,26532.94456,1982728989.60722,4033448,13313.88956,995694440.9989891,41.2857,-0.0038490692909066704,-0.00385649602156905,-0.003849203149775553,0.03038845067319171,0.9961507968502245,1.02571712044332,0.9954664377043243,0.09503540068487837,10.18618011907994,0.0979733711823938,0.5017871096022823,-0.8571999999999989,-0.02034031829798133,74417.99,0.0519784995910435,24230.21625,42.1429,-0.8571000000000026,70740.98,-0.03151807780495819,13472.46801,43.0,0.0,73043.16,0.0011027552434326182,9070.94374,43.0,0.0,71787.97,0.010103288409036182,18158.42159,43.0,0.0,71924.22,0.04459545069935267,23750.49661,43.0,0.0,73096.84,21411.876273333328,42.14286666666666,1.0141553314753415,1.2391695254210173,0.9796604565739082,72593.46857142857,18377.187614285715,42.63265714285715,1.0211876007420424,1.4437978822926265,0.9684055080511719,70517.6407142857,17316.58602642857,42.91837142857143,1.0512483011216536,1.5322272253610167,0.9619586816967491,0.026054562924637023,0.022711510409642602,0.4182463747601496,0.29744610999580523,1
2026-04-15,74131.55,75425.0,73514.0,74809.99,14425.04167,1071448612.537022,3187792,7014.01981,521112265.17116576,40.4286,0.009151838859432937,0.009110214548757956,0.009151838859433025,0.025995048562178633,1.009151838859433,1.0082209608636492,0.9826762441754102,-0.45633468470187766,9.576790301594036,-0.20966081625448008,0.486239136805211,-0.8570999999999955,-0.02076021479592194,74131.55,-0.0038490692909066704,26532.94456,41.2857,-0.8571999999999989,74417.99,0.0519784995910435,24230.21625,42.1429,-0.8571000000000026,70740.98,-0.03151807780495819,13472.46801,43.0,0.0,72962.7,0.01636388380950171,17372.63288,43.0,0.0,71069.93,-0.011877640105099618,19802.68627,43.0,0.0,74453.17666666668,21729.40082666666,41.28573333333333,1.0047924527778151,0.6638490304020424,0.9792389945840856,73127.76285714286,17608.95267142857,42.26531428571428,1.0230039464784861,0.819187940314325,0.9565432242311495,70995.93142857144,16988.361152857142,42.69388571428571,1.0537222132970516,0.8491131981600216,0.9469412147339935,0.02502814548588444,0.022584463658976622,0.45815703951500003,0.34863949389488913,1
2026-04-16,74809.99,75534.76,73309.85,75154.29,17088.68777,1274894123.7496114,3581890,8601.69794,641950287.248219,39.5714,0.004602326507462173,0.004591768185657028,0.0046023265074622835,0.030349400523940355,1.0046023265074622,1.005062518719823,0.9754579545625408,0.1846543088703605,9.746230506194351,0.12362726300837701,0.5033562585829842,-0.857200000000006,-0.021202811870804528,74809.99,0.009151838859432937,14425.04167,40.4286,-0.8570999999999955,74131.55,-0.0038490692909066704,26532.94456,41.2857,-0.8571999999999989,74417.99,0.0519784995910435,24230.21625,42.1429,-0.8571000000000026,73043.16,0.0011027552434326182,9070.94374,43.0,0.0,71787.97,0.010103288409036182,18158.42159,43.0,0.0,74698.61,19348.89133333333,40.42856666666666,1.0061002473807745,0.883186921441873,0.978797995146996,73608.66571428571,17456.133554285712,41.77551428571429,1.020997857666836,0.9789503338100035,0.947239086737754,71585.38142857143,16765.87605357143,42.41837142857143,1.0498552707299555,1.0192540917872173,0.9328835282286716,0.02502350320304925,0.021462064817565445,0.4581659488293229,0.386039401849355,1
2026-04-17,75154.28,78333.0,74529.4,77072.0,25941.36694,1987343208.84067,4931167,14435.4773,1106587361.0045395,38.7143,0.02551697314950352,0.025196849489872067,0.025517109604403117,0.05103489361245369,1.0255171096044031,1.0163613244758147,0.9670100685073697,0.5180432394312509,10.163632700430913,0.3766941475031338,0.5564655607157454,-0.8570999999999955,-0.021659582425691215,75154.29,0.004602326507462173,17088.68777,39.5714,-0.857200000000006,74809.99,0.009151838859432937,14425.04167,40.4286,-0.8570999999999955,74131.55,-0.0038490692909066704,26532.94456,41.2857,-0.8571999999999989,70740.98,-0.03151807780495819,13472.46801,43.0,0.0,72962.7,0.01636388380950171,17372.63288,43.0,0.0,75678.76,19151.69879333333,39.57143333333334,1.0184099210927875,1.3545204119976104,0.9783395934609393,74195.70857142856,18680.23842,41.16327142857143,1.0387662775105437,1.3887064156646882,0.9405059087001624,72307.36,17802.464312857144,42.09184285714286,1.0658942602800048,1.4571784267678518,0.9197577813685651,0.025830653370649798,0.02179369119077869,0.4182414966545235,0.4133879206834913,0
2026-04-18,77072.01,77420.08,75445.16,75691.76,9141.84456,698008567.9340073,1941112,4333.78362,330918112.5519663,37.8571,-0.017908449242267088,-0.01807074609568446,-0.01790857666745684,0.026176894581441647,0.9820914233325432,1.0228336611541335,0.9967420495969443,-0.6475958810827415,9.120726837035548,-0.6063584948552746,0.4740600861846201,-0.8571999999999989,-0.022141689246609086,77072.0,0.02551697314950352,25941.36694,38.7143,-0.8570999999999955,75154.29,0.004602326507462173,17088.68777,39.5714,-0.857200000000006,74809.99,0.009151838859432937,14425.04167,40.4286,-0.8570999999999955,74417.99,0.0519784995910435,24230.21625,42.1429,-0.8571000000000026,73043.16,0.0011027552434326182,9070.94374,43.0,0.0,75972.68333333333,17390.633089999996,38.71426666666667,0.9963023112912732,0.5256763519009993,0.9778591526982302,74574.08,18690.367108571427,40.42857142857143,1.0149875130876571,0.4891206527349341,0.9363946996466431,72906.74142857142,17928.77348642857,41.714285714285715,1.0381997400632303,0.5098979340064753,0.9075332191780823,0.02763069259929124,0.02304723166835573,0.3239722518982236,0.43260975613003505,0
2026-04-19,75691.76,76240.66,73762.9,73801.79,11369.82232,854915370.4407915,2739751,5458.61875,410654487.0526324,37.0,-0.024969296525804152,-0.025286317737347935,-0.024969296525804145,0.033590870207109665,0.9750307034741958,1.0330462174426935,0.9994730480114371,0.2437120589151649,9.338805907788103,0.41143375549684924,0.480097102344164,-0.8571000000000026,-0.0226404029891355,75691.76,-0.017908449242267088,9141.84456,37.8571,-0.8571999999999989,77072.0,0.02551697314950352,25941.36694,38.7143,-0.8570999999999955,75154.29,0.004602326507462173,17088.68777,39.5714,-0.857200000000006,74131.55,-0.0038490692909066704,26532.94456,41.2857,-0.8571999999999989,70740.98,-0.03151807780495819,13472.46801,43.0,0.0,75521.84999999999,15484.34460666666,37.85713333333334,0.9772243397109579,0.7342785638537658,0.9773587364424493,75011.33857142857,18389.989152857142,39.57142857142857,0.9838751234884737,0.6182615022496377,0.9350180505415163,73247.285,17902.798829285715,41.285714285714285,1.0075703147222452,0.6350863028970108,0.8961937716262977,0.026247629891688988,0.02411691423680502,5.3452303281550436e-05,0.444749591479145,1
2026-04-20,73801.8,76558.62,73724.31,75840.97,16993.41034,1280503914.3710752,3563591,8812.70109,664069175.9657189,36.7143,0.027630495141107048,0.027255661894529427,0.027630355899178585,0.038444713826416246,1.0276303558991786,1.0094625635721695,0.9720908105473861,0.49460649970825576,9.740639765441209,0.30069885912989913,0.5185952032980804,-0.2856999999999985,-0.007721621621621599,73801.79,-0.024969296525804152,11369.82232,37.0,-0.8571000000000026,75691.76,-0.017908449242267088,9141.84456,37.8571,-0.8571999999999989,77072.0,0.02551697314950352,25941.36694,38.7143,-0.8570999999999955,74809.99,0.009151838859432937,14425.04167,40.4286,-0.8570999999999955,74417.99,0.0519784995910435,24230.21625,42.1429,-0.8571000000000026,75111.50666666667,12501.69240666666,37.19046666666667,1.0097117387961685,1.3592887896472388,0.9871965396149908,75214.62142857142,17356.159737142858,38.79591428571428,1.0083274841983136,0.9790996739695498,0.9463444972482375,73746.37857142856,17667.927393571426,40.836735714285716,1.0284026343957036,0.9618225138384452,0.8990508021226686,0.020084592832195523,0.02472466043483111,0.2159878038885012,0.4298780724784522,1
2026-04-21,75840.97,76927.57,74821.57,76336.15,14912.57132,1132118272.5583112,3616213,7672.96288,582659654.9138548,36.4286,0.006529188643024986,0.006507965819314458,0.006529188643024911,0.028146963502637005,1.006529188643025,1.0077475743798976,0.9801590727329059,-0.12244976013449216,9.610026904228121,0.01476656552337241,0.5145298362938525,-0.2856999999999985,-0.007781709034354378,75840.97,0.027630495141107048,16993.41034,36.7143,-0.2856999999999985,73801.79,-0.024969296525804152,11369.82232,37.0,-0.8571000000000026,75691.76,-0.017908449242267088,9141.84456,37.8571,-0.8571999999999989,75154.29,0.004602326507462173,17088.68777,39.5714,-0.857200000000006,74131.55,-0.0038490692909066704,26532.94456,41.2857,-0.8571999999999989,75326.30333333333,14425.267993333327,36.7143,1.013406295304283,1.0337812321332178,0.9922182909656456,75529.56428571428,15696.106417142857,38.10204285714286,1.0106790727831363,0.9500809260386319,0.9560799702153202,74061.51642857143,17036.647015714287,40.36735,1.030712759893626,0.8753231376012498,0.9024273329807382,0.01988697474974187,0.022267967635833764,0.27883417242922764,0.4133898194889783,1
2026-04-22,76336.14,79472.82,76132.95,78178.23,19737.51225,1543732085.5463338,3757077,10376.12434,811313167.0703671,36.1429,0.02413116197240761,0.02384460627844536,0.024131296133129032,0.043868916152598976,1.024131296133129,1.016559469304946,0.9738382411574169,0.3235485568829455,9.890326942872647,0.03895345766413638,0.5257057834124967,-0.2857000000000056,-0.007842738946871597,76336.15,0.006529188643024986,14912.57132,36.4286,-0.2856999999999985,75840.97,0.027630495141107048,16993.41034,36.7143,-0.2856999999999985,73801.79,-0.024969296525804152,11369.82232,37.0,-0.8571000000000026,77072.0,0.02551697314950352,25941.36694,38.7143,-0.8570999999999955,74809.99,0.009151838859432937,14425.04167,40.4286,-0.8570999999999955,76785.11666666665,17214.497969999993,36.428599999999996,1.0181430125239115,1.1465633377399043,0.9921572610531286,76010.74142857142,16455.030785714283,37.4898,1.0285155562318176,1.1994819400238046,0.9640728944939689,74569.25214285713,17031.99172857143,39.87755714285714,1.0483976673150606,1.158849332746564,0.9063468925772427,0.021247320811946295,0.022311581615790395,0.30545287610990973,0.39508246746582926,1
2026-04-23,78178.22,78662.5,76960.0,78257.48,16970.79501,1321349698.354246,3571796,7760.75572,604322134.3078095,35.8571,0.001013709315240252,0.0010131958589200225,0.001013837357770422,0.022121881496881497,1.0010138373577704,1.0051754797113324,0.9834203708067267,-0.1401755806383349,9.739308128120593,-0.049315199023070355,0.4573006577138545,-0.2857999999999947,-0.007907500504939935,78178.23,0.02413116197240761,19737.51225,36.1429,-0.2857000000000056,76336.15,0.006529188643024986,14912.57132,36.4286,-0.2856999999999985,75840.97,0.027630495141107048,16993.41034,36.7143,-0.2856999999999985,75691.76,-0.017908449242267088,9141.84456,37.8571,-0.8571999999999989,75154.29,0.004602326507462173,17088.68777,39.5714,-0.857200000000006,77590.62,17206.95952666666,36.14286666666666,1.0085945955838476,0.9862750582808858,0.9920934144681387,76454.05428571429,16438.188962857144,36.95918571428572,1.0235883594550288,1.0324005307607977,0.9701810066161786,75031.36,16947.16125857143,39.36735,1.042996954873269,1.0013945551746384,0.9108334698677966,0.02134394352752139,0.022348488964084607,0.30543060547677797,0.3746848593033829,0
2026-04-24,78257.48,78581.93,77264.08,77437.13,12675.14315,986932564.6001965,2581973,6148.06393,478778657.35331106,35.5714,-0.010482704017558353,-0.010538034574907543,-0.01048270401755834,0.01705643812752305,0.9895172959824416,1.014783605745719,0.9977652839148351,-0.2531202490790089,9.44747701374168,-0.2771219296958729,0.485048875365167,-0.2857000000000056,-0.007967738606859065,78257.48,0.001013709315240252,16970.79501,35.8571,-0.2857999999999947,78178.23,0.02413116197240761,19737.51225,36.1429,-0.2857000000000056,76336.15,0.006529188643024986,14912.57132,36.4286,-0.2856999999999985,73801.79,-0.024969296525804152,11369.82232,37.0,-0.8571000000000026,77072.0,0.02551697314950352,25941.36694,38.7143,-0.8570999999999955,77957.61333333333,16461.15013666666,35.85713333333334,0.9933235086211808,0.7700034957925901,0.9920313391849505,76506.21571428572,14543.014135714286,36.510200000000005,1.0121678255423168,0.8715623206933956,0.9742866377067229,75350.96214285714,16611.626277857144,38.836735714285716,1.0276860148539009,0.7630284318938495,0.9159214683152529,0.020159501786250544,0.02257952539440544,0.27882929322779465,0.3518430022634314,1
2026-04-25,77437.13,77885.35,77140.23,77625.0,5685.1142,440684004.3451535,806542,2999.85355,232567740.81986928,35.2857,0.0024260971448708535,0.0024231589225083856,0.002426097144870882,0.009659291915515547,1.0024260971448709,1.0033539452495974,0.9937549758454106,-0.551475345665031,8.645782376427125,-0.6876257032896935,0.5276681249428551,-0.2856999999999985,-0.008031733358821902,77437.13,-0.010482704017558353,12675.14315,35.5714,-0.2857000000000056,78257.48,0.001013709315240252,16970.79501,35.8571,-0.2857999999999947,78178.23,0.02413116197240761,19737.51225,36.1429,-0.2857000000000056,75840.97,0.027630495141107048,16993.41034,36.7143,-0.2856999999999985,75691.76,-0.017908449242267088,9141.84456,37.8571,-0.8571999999999989,77773.20333333332,11777.017453333327,35.571400000000004,0.998094416495896,0.48272953848692013,0.9919682666411779,76782.39285714286,14049.195512857143,36.142857142857146,1.0109739630597976,0.40465763287280465,0.97628418972332,75678.23642857143,16369.781310714285,38.285714285714285,1.025724219581491,0.3472932284244385,0.9216414179104477,0.01839384609880533,0.022566998778805598,0.215962603685183,0.3260387711219511,1
2026-04-26,77625.0,78961.0,77326.51,78657.55,7963.56162,621991973.4848,1476971,3981.86566,311149594.60716605,35.0,0.01330177133655397,0.013214079557603819,0.013301771336553983,0.02113751157268064,1.013301771336554,1.0038578623412502,0.9830780389167981,0.4007742570940791,8.982757182536957,0.8312387947558837,0.500010654780367,-0.2856999999999985,-0.008096764411645418,77625.0,0.0024260971448708535,5685.1142,35.2857,-0.2856999999999985,77437.13,-0.010482704017558353,12675.14315,35.5714,-0.2857000000000056,78257.48,0.001013709315240252,16970.79501,35.8571,-0.2857999999999947,76336.15,0.006529188643024986,14912.57132,36.4286,-0.2856999999999985,73801.79,-0.024969296525804152,11369.82232,37.0,-0.8571000000000026,77906.56,8774.606323333326,35.2857,1.0096396246991268,0.9075691064137424,0.9919032355883546,77476.07285714286,13562.58684142857,35.857142857142854,1.0152495744723102,0.587171290632723,0.9760956175298806,76243.70571428571,15976.287997142857,37.714285714285715,1.031659587674816,0.4984613210167578,0.928030303030303,0.013459118721932372,0.02009432380159504,3.77965397573938e-05,0.29649973000004004,0
2026-04-27,78657.55,79485.66,76459.64,77371.32,16046.92418,1247833550.0841925,2982889,7712.53219,600122422.5927734,35.7143,-0.016352276418474698,-0.01648745051910991,-0.016352276418474716,0.03957669693448732,0.9836477235815253,1.0273271801489234,0.9882168224608291,1.0150436382257815,9.683334785614285,1.0195988953066784,0.4806237072904273,0.7143000000000015,0.020408571428571554,78657.55,0.01330177133655397,7963.56162,35.0,-0.2856999999999985,77625.0,0.0024260971448708535,5685.1142,35.2857,-0.2856999999999985,77437.13,-0.010482704017558353,12675.14315,35.5714,-0.2857000000000056,78178.23,0.02413116197240761,19737.51225,36.1429,-0.2857000000000056,75840.97,0.027630495141107048,16993.41034,36.7143,-0.2856999999999985,77884.62333333334,9898.533333333326,35.333333333333336,0.9934094393557446,1.6211416014493742,1.010782075471698,77694.69428571429,13427.374532857144,35.714285714285715,0.9958378845725925,1.1950902345602075,1.0000004,76454.65785714285,15391.767135,37.25509999999999,1.0119896180108472,1.0425654208028012,0.9586419040614577,0.013697016136413885,0.016515740056321847,0.37797077425441766,0.44184652200846425,0
2026-04-28,77371.32,77478.0,75666.6,76342.77,13210.72383,1010412673.5550212,2352446,6518.95469,498681416.19895184,36.4286,-0.013293685567210223,-0.013382837592731378,-0.013293685567210212,0.02393922814028903,0.9867063144327898,1.0148701704169236,0.9911429726744262,-0.17674417341205384,9.48885988332521,-0.21135315460950777,0.49345931183545144,0.7143000000000015,0.02000039199984327,77371.32,-0.016352276418474698,16046.92418,35.7143,0.7143000000000015,78657.55,0.01330177133655397,7963.56162,35.0,-0.2856999999999985,77625.0,0.0024260971448708535,5685.1142,35.2857,-0.2856999999999985,78257.48,0.001013709315240252,16970.79501,35.8571,-0.2857999999999947,76336.15,0.006529188643024986,14912.57132,36.4286,-0.2856999999999985,77457.21333333333,12407.069876666661,35.7143,0.9856121426866032,1.0647738717781166,1.0200003919998433,77695.64,13184.253462857143,35.714285714285715,0.9825875686203241,1.002007725899493,1.0200008,76612.60214285714,14440.17994,36.908164285714285,0.9964779666098015,0.9148586710755351,0.9870065527507175,0.014832906346216413,0.016998893657799646,0.4879597968412376,0.5247872105136225,0
2026-04-29,76342.78,77904.93,74937.52,75780.0,18279.93022,1399735858.345528,3032890,9680.02112,741279741.5187618,37.1429,-0.007371621438415188,-0.00739892610895058,-0.007371751460976387,0.039598454819428086,0.9926282485390236,1.0280407759303245,0.98888255476379,0.38371904940503154,9.81361373102196,0.2892495725725479,0.529543658181426,0.7142999999999944,0.019608219915121516,76342.77,-0.013293685567210223,13210.72383,36.4286,0.7143000000000015,77371.32,-0.016352276418474698,16046.92418,35.7143,0.7143000000000015,78657.55,0.01330177133655397,7963.56162,35.0,-0.2856999999999985,77437.13,-0.010482704017558353,12675.14315,35.5714,-0.2857000000000056,78178.23,0.02413116197240761,19737.51225,36.1429,-0.2857000000000056,76498.03000000001,15845.859409999992,36.428599999999996,0.9906137452167068,1.15360926454162,1.0196082199151217,77353.03571428571,12976.02745857143,35.857142857142854,0.9796642019313122,1.4087462652466127,1.0358577689243027,76681.88857142857,14715.529122142858,36.673471428571425,0.988238571216351,1.242220382853491,1.0128002218809002,0.01046454882262858,0.017055273579641404,0.5345358480561896,0.57310196631245,1
2026-04-30,75780.0,76669.14,75323.65,76346.57,10381.81607,790584591.6891539,2569480,5585.19124,425311383.2018324,37.8571,0.007476510952758142,0.007448700376110247,0.007476510952758076,0.017862782804603936,1.0074765109527581,1.004225075206391,0.9866016246702372,-0.43206478662367664,9.247907417613177,-0.15279485902884704,0.5379782498882202,0.7142000000000053,0.019228439351800963,75780.0,-0.007371621438415188,18279.93022,37.1429,0.7142999999999944,76342.77,-0.013293685567210223,13210.72383,36.4286,0.7143000000000015,77371.32,-0.016352276418474698,16046.92418,35.7143,0.7143000000000015,77625.0,0.0024260971448708535,5685.1142,35.2857,-0.2856999999999985,78257.48,0.001013709315240252,16970.79501,35.8571,-0.2857999999999947,76156.44666666667,13957.490039999991,37.14286666666666,1.0024964837732713,0.7438168352796479,1.0192293540437556,77080.04857142856,12034.744752857145,36.142857142857146,0.9904841968184691,0.862653615277987,1.0474296442687747,76767.05142857143,14236.466857857144,36.55102142857143,0.9945226315099172,0.7292410521273577,1.0357330252447507,0.011274904904934309,0.01711843660856733,0.5345091219320587,0.595256913829253,1
2026-05-01,76346.58,78914.12,76320.42,78231.13,17315.46502,1347837835.9195642,2388458,8322.98012,647849577.8083475,38.5714,0.024684278547156602,0.024384544212578043,0.024684144332332934,0.03398435176326332,1.024684144332333,1.0087304120495255,0.9755760910011142,0.6678647457486693,9.759413063133138,-0.0704508305182372,0.4806674328634346,0.7142999999999944,0.01886832324715826,76346.57,0.007476510952758142,10381.81607,37.8571,0.7142000000000053,75780.0,-0.007371621438415188,18279.93022,37.1429,0.7142999999999944,76342.77,-0.013293685567210223,13210.72383,36.4286,0.7143000000000015,78657.55,0.01330177133655397,7963.56162,35.0,-0.2856999999999985,77437.13,-0.010482704017558353,12675.14315,35.5714,-0.2857000000000056,76785.90000000001,15325.737103333326,37.85713333333334,1.0188215544781007,1.129829182325848,1.01886742613017,77193.47714285714,12697.647877142856,36.57142857142857,1.013442234960119,1.3636750040272982,1.05468671875,76849.84642857141,13620.331006428572,36.54081428571428,1.0179737974195229,1.2712954635116713,1.0555703465830968,0.014886301418577289,0.01702888682302967,0.4879402788398321,0.5942261826096943,1
2026-05-02,78231.13,79199.48,78040.0,78686.85,6150.87642,482238389.4494098,936143,3297.03958,258534491.673966,39.2857,0.005825302536215382,0.005808401067078971,0.0058253025362154575,0.014857508969759046,1.0058253025362154,1.00651481156,0.9917794396395331,-0.6447755568276388,8.724512423207385,-0.6080554901949291,0.5360276088915472,0.7143000000000015,0.01851890260659461,78231.13,0.024684278547156602,17315.46502,38.5714,0.7142999999999944,76346.57,0.007476510952758142,10381.81607,37.8571,0.7142000000000053,75780.0,-0.007371621438415188,18279.93022,37.1429,0.7142999999999944,77371.32,-0.016352276418474698,16046.92418,35.7143,0.7143000000000015,77625.0,0.0024260971448708535,5685.1142,35.2857,-0.2856999999999985,77754.85,11282.719169999991,38.571400000000004,1.0119863905595599,0.5451590460883557,1.0185189026065944,77345.17000000001,12764.185337142857,37.142857142857146,1.0173466552597918,0.48188554596597666,1.057691923076923,77063.78142857143,13406.690424999999,36.642857142857146,1.021061366848874,0.45879156040854135,1.0721243664717348,0.014974708459704115,0.01613823190529471,0.3779581754387124,0.5698498219359457,0
2026-05-03,78686.84,79447.0,78084.08,78568.57,7425.7929,584294330.4516287,1352474,3464.91412,272683292.169375,40.0,-0.0015031736560809916,-0.0015043045550349114,-0.0015030467610592766,0.01745451825775495,0.9984969532389407,1.0111804249460057,0.9938335392893112,0.20727395462775378,8.91284940253566,0.4447301320417927,0.46660527254941353,0.7143000000000015,0.018182188429886725,78686.85,0.005825302536215382,6150.87642,39.2857,0.7143000000000015,78231.13,0.024684278547156602,17315.46502,38.5714,0.7142999999999944,76346.57,0.007476510952758142,10381.81607,37.8571,0.7142000000000053,76342.77,-0.013293685567210223,13210.72383,36.4286,0.7143000000000015,78657.55,0.01330177133655397,7963.56162,35.0,-0.2856999999999985,78495.51666666668,10297.378113333327,39.2857,1.0009306688641029,0.7211343332517702,1.0181821884298867,77332.45857142858,12687.361234285712,37.857142857142854,1.0159843803159276,0.585290570897666,1.0566037735849056,77404.2657142857,13124.974037857142,36.857142857142854,1.0150418620339605,0.56577581628591,1.0852713178294575,0.014141101375394574,0.014112955159356178,3.779656509217224e-05,0.5188745229334738,1
2026-05-04,78568.58,80776.99,78202.0,79861.01,26042.96135,2074174850.511439,3734604,13351.64548,1063054861.8782552,39.4286,0.01644983483853646,0.016316001996395605,0.016449705467503586,0.032927418736093776,1.0164497054675037,1.0114696771303044,0.9792262832638856,2.5070950268489174,10.16754121032862,1.7613129716356841,0.5126776982295832,-0.571399999999997,-0.014284999999999881,78568.57,-0.0015031736560809916,7425.7929,40.0,0.7143000000000015,78686.85,0.005825302536215382,6150.87642,39.2857,0.7143000000000015,78231.13,0.024684278547156602,17315.46502,38.5714,0.7142999999999944,75780.0,-0.007371621438415188,18279.93022,37.1429,0.7142999999999944,77371.32,-0.016352276418474698,16046.92418,35.7143,0.7143000000000015,79038.81,13206.543556666662,39.57143333333333,1.0104024845515767,1.9719740625739668,0.9963904938158252,77688.12857142858,14115.366544285715,38.38775714285714,1.0279692852502376,1.8450077982950364,1.027113927319834,77691.41142857143,13771.370538571427,37.051021428571424,1.0279258483213844,1.8910943741625275,1.0641703920636083,0.0132559690573102,0.012978539950078742,0.48594262496915425,0.5450113635774585,1
2026-05-05,79861.01,81791.48,79808.72,80905.52,16947.17995,1374319029.230936,2490930,8628.14977,699849788.9064542,38.8571,0.013079098298406366,0.01299430543480134,0.013079098298406311,0.024843901769129925,1.0130790982984064,1.0109505507164405,0.986443446627622,-0.34926064197380535,9.73791572946209,-0.3330136207212331,0.5091200893279002,-0.5715000000000003,-0.01449455471409078,79861.01,0.01644983483853646,26042.96135,39.4286,-0.571399999999997,78568.57,-0.0015031736560809916,7425.7929,40.0,0.7143000000000015,78686.85,0.005825302536215382,6150.87642,39.2857,0.7143000000000015,76346.57,0.007476510952758142,10381.81607,37.8571,0.7142000000000053,76342.77,-0.013293685567210223,13210.72383,36.4286,0.7143000000000015,79778.36666666667,16805.311399999995,39.42856666666667,1.0141285586610573,1.0084418876046537,0.9855062784427873,78339.95,14649.145989999999,38.73468571428572,1.0327491911853404,1.156871531048207,1.0031603273256748,78017.79500000001,13916.699726428573,37.22448571428571,1.0370136710477398,1.2177585406844973,1.0438586122651987,0.010848707091110498,0.013201641514365429,0.6273720021228443,0.5691735149889043,1
2026-05-06,80905.53,82850.0,80731.14,81447.01,18798.77396,1535650624.7612484,2794707,9976.68805,815009074.2302134,38.2857,0.006692868422327525,0.006670570614040161,0.00669274399413731,0.026245882320006884,1.0066927439941373,1.017225801168146,0.9912106042935156,0.1092567622142937,9.841600125341504,0.12195324637785898,0.5307095064405999,-0.5714000000000041,-0.01470516327775373,80905.52,0.013079098298406366,16947.17995,38.8571,-0.5715000000000003,79861.01,0.01644983483853646,26042.96135,39.4286,-0.571399999999997,78568.57,-0.0015031736560809916,7425.7929,40.0,0.7143000000000015,78231.13,0.024684278547156602,17315.46502,38.5714,0.7142999999999944,75780.0,-0.007371621438415188,18279.93022,37.1429,0.7142999999999944,80737.84666666666,20596.30508666666,38.85713333333334,1.0087835304335173,0.9127255534862745,0.9852939914936253,79149.52285714286,14723.266524285715,38.89794285714286,1.0290271761587733,1.2768072851898606,0.984260276709455,78251.27928571429,13849.646991428572,37.37754285714285,1.0408393414581418,1.3573467953106964,1.0242968658033014,0.008492353410527356,0.011943395925908621,0.6872400135254675,0.591583339228495,0
2026-05-07,81447.01,81708.32,79500.0,80006.0,16154.80338,1300766382.102334,2540329,7625.14879,614218758.7473308,37.7143,-0.017692607745821376,-0.01785099287490194,-0.01769260774582142,0.02777761006289317,0.9823073922541786,1.0212774041946855,0.9936754743394245,-0.1406459051864678,9.69003460651764,-0.09102134857070887,0.4720050507974676,-0.571399999999997,-0.014924632434564211,81447.01,0.006692868422327525,18798.77396,38.2857,-0.5714000000000041,80905.52,0.013079098298406366,16947.17995,38.8571,-0.5715000000000003,79861.01,0.01644983483853646,26042.96135,39.4286,-0.571399999999997,78686.85,0.005825302536215382,6150.87642,39.2857,0.7143000000000015,76346.57,0.007476510952758142,10381.81607,37.8571,0.7142000000000053,80786.17666666665,17300.252429999993,38.2857,0.9903426960049644,0.933790038345701,0.9850753675654358,79672.29857142856,15547.978997142856,38.87754285714286,1.0041884247668877,1.0390291486095173,0.9700793113027424,78376.17357142859,13791.361875,37.5102,1.0207949221594246,1.171371147129732,1.0054411866638941,0.013675923209676052,0.01316604266186295,0.6872489214251315,0.6124375845300845,1
2026-05-08,80006.0,80500.0,79181.48,80193.17,16001.31009,1278566045.4172618,2265372,8328.38654,665600036.192464,37.1429,0.0023394495412842886,0.002336717289686288,0.002339449541284382,0.016651873645200925,1.0023394495412843,1.003826136315599,0.9873843370950418,-0.009501402548174998,9.680488371425039,-0.10823676775724722,0.5204815413960895,-0.5714000000000041,-0.015150751836836562,80006.0,-0.017692607745821376,16154.80338,37.7143,-0.571399999999997,81447.01,0.006692868422327525,18798.77396,38.2857,-0.5714000000000041,80905.52,0.013079098298406366,16947.17995,38.8571,-0.5715000000000003,78568.57,-0.0015031736560809916,7425.7929,40.0,0.7143000000000015,78231.13,0.024684278547156602,17315.46502,38.5714,0.7142999999999944,80548.72666666667,16984.962476666657,37.7143,0.9955858189026617,0.9420868672499004,0.9848492481631634,79952.59,15360.242578571428,38.673471428571425,1.003009033228317,1.0417355069849552,0.9604232210858459,78573.03357142858,14028.945227857144,37.62245,1.0206194969817297,1.1405925271007795,0.9872536211756543,0.01118403525611397,0.012693894301639298,0.6273671219583427,0.6319007209632187,1
2026-05-09,80193.18,81080.0,80129.85,80678.4,7548.42177,607596225.98642,1002373,4032.72566,324554540.3255052,36.5714,0.006050764672352882,0.006032532305335769,0.006050639218946065,0.011857628586600302,1.006050639218946,1.0049777883547517,0.9932007823655403,-0.5282622655555325,8.929226252555189,-0.5575238857017744,0.5342475265528254,-0.5715000000000003,-0.015386520707860729,80193.17,0.0023394495412842886,16001.31009,37.1429,-0.5714000000000041,80006.0,-0.017692607745821376,16154.80338,37.7143,-0.571399999999997,81447.01,0.006692868422327525,18798.77396,38.2857,-0.5714000000000041,79861.01,0.01644983483853646,26042.96135,39.4286,-0.571399999999997,78686.85,0.005825302536215382,6150.87642,39.2857,0.7143000000000015,80292.52333333333,13234.845079999992,37.14286666666667,1.0048058854130753,0.5703445506443363,0.984614362919394,80237.09714285715,15559.891914285716,38.285714285714285,1.0054999853291942,0.4851204501664762,0.9552231343283581,78791.13357142858,14162.038625714285,37.714285714285715,1.0239527767024763,0.5330038965078223,0.969696212121212,0.011191838367841586,0.012727524905143114,0.48596152405015597,0.6501003610178923,1
2026-05-10,80678.41,82479.32,80279.77,82210.07,12034.31882,977223714.2634743,1801608,6395.8966,519505191.5151365,36.0,0.018984883190544366,0.01880691918505757,0.01898475688849103,0.027398558815004113,1.018984756888491,1.0032751462199216,0.9765199080842529,0.5942827768088534,9.395600840934009,0.7973429052857568,0.5314714273125763,-0.571399999999997,-0.015624230956430396,80678.4,0.006050764672352882,7548.42177,36.5714,-0.5715000000000003,80193.17,0.0023394495412842886,16001.31009,37.1429,-0.5714000000000041,80006.0,-0.017692607745821376,16154.80338,37.7143,-0.571399999999997,80905.52,0.013079098298406366,16947.17995,38.8571,-0.5715000000000003,78568.57,-0.0015031736560809916,7425.7929,40.0,0.7143000000000015,81027.21333333333,11861.350226666662,36.57143333333333,1.014598264188114,1.0145825382463178,0.9843748718261887,80757.31142857144,16218.252760000001,37.714285714285715,1.0179891894087325,0.7420231388723282,0.9545454545454545,79044.88500000001,14452.80699714286,37.785714285714285,1.040042881965101,0.8326630821527635,0.9527410207939508,0.012254007277132035,0.013169982900077884,4.879506886052946e-05,0.6671243863127595,0
2026-05-11,82210.07,82380.0,80462.97,81745.65,12951.76056,1053193670.8757555,2576396,6132.37349,498860919.4964037,35.8571,-0.005649186285816454,-0.005665203289169573,-0.0056491862858164795,0.023824996765592903,0.9943508137141835,1.0077600459473992,0.9843088898308351,0.07623545243585306,9.46906421506642,0.43005359656484643,0.4734779848339012,-0.14289999999999736,-0.003969444444444359,82210.07,0.018984883190544366,12034.31882,36.0,-0.571399999999997,80678.4,0.006050764672352882,7548.42177,36.5714,-0.5715000000000003,80193.17,0.0023394495412842886,16001.31009,37.1429,-0.5714000000000041,81447.01,0.006692868422327525,18798.77396,38.2857,-0.5714000000000041,79861.01,0.01644983483853646,26042.96135,39.4286,-0.571399999999997,81544.70666666667,10844.83371666666,36.142833333333336,1.002464210634232,1.1942793129317744,0.9920943294429048,81026.5457142857,14348.08121857143,37.204071428571424,1.0088749221551414,0.9026824118639569,0.9637950531527849,79357.33714285714,14231.723881428572,37.79591428571428,1.03009567789357,0.9100626647837908,0.9487030722141548,0.01212678647313698,0.012221648140013159,0.16197038236020692,0.6424641408729992,0
2026-05-12,81745.66,81788.0,79843.59,80504.47,12386.25676,1000180167.440677,2345137,5716.20385,461739840.0868008,35.7143,-0.015183437895472052,-0.015299886519223746,-0.015183558368725657,0.024352737646190552,0.9848164416312744,1.0159435867349975,0.9917907664009216,-0.0436623111877541,9.424423542522147,-0.08976065791128385,0.4614956690111436,-0.14280000000000115,-0.003982474879452025,81745.65,-0.005649186285816454,12951.76056,35.8571,-0.14289999999999736,82210.07,0.018984883190544366,12034.31882,36.0,-0.571399999999997,80678.4,0.006050764672352882,7548.42177,36.5714,-0.5715000000000003,80006.0,-0.017692607745821376,16154.80338,37.7143,-0.571399999999997,80905.52,0.013079098298406366,16947.17995,38.8571,-0.5715000000000003,81486.73,12457.445379999992,35.85713333333334,0.9879457673660484,0.9942854559800614,0.996016599207596,80969.25285714286,13696.52076285714,36.75509999999999,0.9942597610729731,0.9043359970358038,0.9716828412927733,79654.60142857143,14172.833376428573,37.74489285714286,1.0106694221826051,0.8739435814295325,0.9462021825090812,0.013038055460695058,0.012435959518968424,0.20912075231221294,0.6102371256368158,0
2026-05-13,80504.47,81324.64,78754.65,79313.61,14810.05643,1184929842.8688235,2350570,7161.64182,573129996.834195,35.5714,-0.014792470529897295,-0.01490297018466756,-0.014792470529897291,0.032632866757708975,0.9852075294701027,1.0253554213457186,0.9929525336193875,0.19568459761203916,9.603129236925792,0.0023167090025018044,0.48356613992996106,-0.14290000000000447,-0.004001198399520733,80504.47,-0.015183437895472052,12386.25676,35.7143,-0.14280000000000115,81745.65,-0.005649186285816454,12951.76056,35.8571,-0.14289999999999736,82210.07,0.018984883190544366,12034.31882,36.0,-0.571399999999997,80193.17,0.0023394495412842886,16001.31009,37.1429,-0.5714000000000041,81447.01,0.006692868422327525,18798.77396,38.2857,-0.5714000000000041,80521.24333333333,13382.691249999994,35.71426666666667,0.9850023014630549,1.106657558882262,0.9959997311998565,80664.48142857142,13126.703972857144,36.36734285714285,0.9832532063102938,1.128238776514167,0.9781138022574414,79907.00214285715,13924.985248571427,37.632642857142855,0.9925739656482634,1.0635599367345379,0.9452272628056569,0.01354412957443225,0.013092785902193621,0.22907406995078233,0.5691627585930228,1
2026-05-14,79313.61,82048.13,78922.0,81089.99,19727.86807,1590656475.018797,3101046,10750.20775,867205459.8346943,35.4286,0.02239691271145028,0.02214978498814916,0.022396912711450213,0.03961037480043593,1.0223969127114503,1.0118157617234877,0.9732643942859038,0.33205894003470715,9.889838226362265,0.31927404842229756,0.544924961574928,-0.14279999999999404,-0.00401446105579184,79313.61,-0.014792470529897295,14810.05643,35.5714,-0.14290000000000447,80504.47,-0.015183437895472052,12386.25676,35.7143,-0.14280000000000115,81745.65,-0.005649186285816454,12951.76056,35.8571,-0.14289999999999736,80678.4,0.006050764672352882,7548.42177,36.5714,-0.5715000000000003,80006.0,-0.017692607745821376,16154.80338,37.7143,-0.571399999999997,80302.69,15641.393753333325,35.57143333333334,1.0098041547549652,1.261260241965062,0.9959846056245507,80819.33714285714,13637.141785714286,36.04081428571429,1.003348862620148,1.4466277743526954,0.9830133059463932,80245.81785714286,14592.560391428573,37.45917857142857,1.010519827268257,1.3519127240746471,0.9457922290645913,0.015037779076761612,0.014029153526614513,0.22908743392198433,0.5171485616147526,0
2026-05-15,81090.0,81664.45,78659.0,79113.21,17351.27079,1387152674.368868,3184114,8333.17845,666666033.915996,35.2857,-0.024377608136343376,-0.024679661013995487,-0.024377728449870434,0.03820859660051611,0.9756222715501296,1.0322479646572298,0.9942587337816275,-0.1204690375851648,9.761478658078811,0.026787090549446946,0.48026329315329647,-0.14290000000000447,-0.004033464489141658,81089.99,0.02239691271145028,19727.86807,35.4286,-0.14279999999999404,79313.61,-0.014792470529897295,14810.05643,35.5714,-0.14290000000000447,80504.47,-0.015183437895472052,12386.25676,35.7143,-0.14280000000000115,82210.07,0.018984883190544366,12034.31882,36.0,-0.571399999999997,80193.17,0.0023394495412842886,16001.31009,37.1429,-0.5714000000000041,79838.93666666666,17296.39842999999,35.42856666666666,0.9909101160791179,1.0031724731724978,0.9959674725762733,80665.05714285714,13829.993314285715,35.7755,0.9807618416471356,1.2546116542281314,0.9863090662604296,80308.82357142857,14595.11794642857,37.22448571428571,0.9851123012608303,1.1888407379568906,0.9479163868329371,0.018035250932499473,0.014686379279173326,0.20913051290660117,0.45039110092362744,0
2026-05-16,79113.2,79227.77,77640.0,78148.05,12132.86192,949890656.658851,1597661,5776.31138,452258189.4353481,35.1429,-0.012199732509905803,-0.012274760081870962,-0.012199607650809147,0.020450412158681146,0.9878003923491908,1.0138163396271564,0.993498878091008,-0.3007508172258776,9.403755328842967,-0.49824001276336216,0.4760881165620321,-0.14280000000000115,-0.004046965201200514,79113.21,-0.024377608136343376,17351.27079,35.2857,-0.14290000000000447,81089.99,0.02239691271145028,19727.86807,35.4286,-0.14279999999999404,79313.61,-0.014792470529897295,14810.05643,35.5714,-0.14290000000000447,81745.65,-0.005649186285816454,12951.76056,35.8571,-0.14289999999999736,80678.4,0.006050764672352882,7548.42177,36.5714,-0.5715000000000003,79450.41666666667,16404.00025999999,35.28573333333333,0.9836078057069136,0.7396282447998453,0.9959520939529857,80303.57857142857,14484.913335714285,35.57142857142857,0.973157751998421,0.8376206083390901,0.9879530120481927,80270.33785714286,15022.402625,36.92857142857143,0.9735607459268467,0.8076512274946431,0.9516452611218568,0.01803105806128927,0.015008092185374586,0.16197668262528528,0.3608176438145729,0
2026-05-17,78148.05,78599.99,76735.16,77457.67,8442.7022,658061481.644852,1570433,3897.8677,303858886.908721,35.0,-0.008834257540655255,-0.008873510947942894,-0.008834257540655263,0.024302158228379295,0.9911657424593447,1.0147476679843328,0.9906721955359619,-0.30414585975936004,9.041176140700628,-0.01704241387878902,0.4616848501419368,-0.14289999999999736,-0.004066255203753699,78148.05,-0.012199732509905803,12132.86192,35.1429,-0.14280000000000115,79113.21,-0.024377608136343376,17351.27079,35.2857,-0.14290000000000447,81089.99,0.02239691271145028,19727.86807,35.4286,-0.14279999999999404,80504.47,-0.015183437895472052,12386.25676,35.7143,-0.14280000000000115,82210.07,0.018984883190544366,12034.31882,36.0,-0.571399999999997,78239.64333333333,12642.278303333325,35.14286666666666,0.9900054077444883,0.6678149299856779,0.9959346894485938,79624.66428571429,13971.825247142859,35.42857142857143,0.9727848863771841,0.6042662322681479,0.9879032258064515,80190.98785714286,15095.039003571428,36.57142857142857,0.9659148997888372,0.5593031060073769,0.95703125,0.014791902960306667,0.015177013094695315,5.3452315916567065e-05,0.22237480043413047,0
2026-05-18,77457.67,77800.0,76051.0,77001.87,18745.51678,1439862031.891971,3529328,8916.45791,684998988.3253162,34.7143,-0.005884504400919921,-0.005901886319804632,-0.005884504400919921,0.022997725210713863,0.9941154955990801,1.0103650729521245,0.9876513388570953,1.2203219225238104,9.838763242407518,1.2473598045889256,0.47565815414132306,-0.2856999999999985,-0.008162857142857138,77457.67,-0.008834257540655255,8442.7022,35.0,-0.14289999999999736,78148.05,-0.012199732509905803,12132.86192,35.1429,-0.14280000000000115,79113.21,-0.024377608136343376,17351.27079,35.2857,-0.14290000000000447,79313.61,-0.014792470529897295,14810.05643,35.5714,-0.14290000000000447,81745.65,-0.005649186285816454,12951.76056,35.8571,-0.14289999999999736,77535.86333333333,13107.026966666659,34.952400000000004,0.993112950441557,1.4301883125496695,0.9931878783717283,78946.98142857142,14799.504707142856,35.26531428571429,0.9753618011306575,1.2666313603692856,0.9843751772279682,79986.76357142857,14573.792962857144,36.23469285714286,0.9626826560026641,1.2862483244941751,0.9580404099701607,0.014784935816909053,0.014363973288096944,0.05399224812091045,0.21415752867433768,0
2026-05-19,77001.88,77414.62,76144.71,76834.36,11024.85978,846904378.3078035,2315121,5680.77448,436435106.0620676,34.4286,-0.0021754017142699977,-0.002177771337791657,-0.002175531298716396,0.01667758666360393,0.9978244687012836,1.0075520899764114,0.9910241980280698,-0.4118668527846262,9.307998681854906,-0.34403348172796633,0.515269544770573,-0.2856999999999985,-0.008230037765416531,77001.87,-0.005884504400919921,18745.51678,34.7143,-0.2856999999999985,77457.67,-0.008834257540655255,8442.7022,35.0,-0.14289999999999736,78148.05,-0.012199732509905803,12132.86192,35.1429,-0.14280000000000115,81089.99,0.02239691271145028,19727.86807,35.4286,-0.14279999999999404,80504.47,-0.015183437895472052,12386.25676,35.7143,-0.14280000000000115,77097.96666666666,12737.692919999994,34.7143,0.9965808869148733,0.8655303475474274,0.9917699622345835,78422.68000000001,14605.019424285714,35.08164285714285,0.979746675324026,0.7548678615016078,0.9813850548618225,79695.96642857142,14150.770093571427,35.91837142857143,0.9640934597218772,0.7790996325357938,0.9585234138041575,0.01460823369847174,0.013651801654875796,0.06969879755748588,0.2034095496531509,1
2026-05-20,76834.36,77853.04,76516.74,77552.23,11296.26307,873091271.471635,2437754,5606.16242,433402000.2313096,34.1429,0.009343085567446563,0.009299708915349147,0.009343085567446587,0.017464152288766983,1.0093430855674466,1.0038788052903185,0.9866478372059708,0.024617391551078782,9.332315769169083,0.052970449492704796,0.49628469036707723,-0.2857000000000056,-0.008298333362379062,76834.36,-0.0021754017142699977,11024.85978,34.4286,-0.2856999999999985,77001.87,-0.005884504400919921,18745.51678,34.7143,-0.2856999999999985,77457.67,-0.008834257540655255,8442.7022,35.0,-0.14289999999999736,79113.21,-0.024377608136343376,17351.27079,35.2857,-0.14290000000000447,79313.61,-0.014792470529897295,14810.05643,35.5714,-0.14290000000000447,77129.48666666665,13688.87987666666,34.428599999999996,1.0054809561375708,0.825214566259363,0.991701666637621,78171.05428571429,14103.048944285712,34.87757142857143,0.9920837157517092,0.8009802075158388,0.9789357057134548,79417.76785714286,13614.876458571429,35.622457142857144,0.9765098175448774,0.829700005312078,0.9584656067681221,0.015176487244510766,0.013822729148003405,0.07635654772813931,0.1897210618741867,1
2026-05-21,77552.24,78200.0,76719.47,77615.52,11318.25841,878168697.2277491,2473146,5765.00854,447290745.1412532,33.8571,0.000816095165800057,0.0008157623412056216,0.0008159661152276044,0.01929796960276184,1.0008159661152276,1.007530452672352,0.9884552728629531,0.001947134186208288,9.334260838127104,0.014518281992358606,0.509354737377833,-0.2857999999999947,-0.008370700789915198,77552.23,0.009343085567446563,11296.26307,34.1429,-0.2857000000000056,76834.36,-0.0021754017142699977,11024.85978,34.4286,-0.2856999999999985,77001.87,-0.005884504400919921,18745.51678,34.7143,-0.2856999999999985,78148.05,-0.012199732509905803,12132.86192,35.1429,-0.14280000000000115,81089.99,0.02239691271145028,19727.86807,35.4286,-0.14279999999999404,77334.03666666667,11213.12708666666,34.14286666666666,1.0036398375859599,1.0093757363597842,0.9916302673276801,77674.70142857144,12901.676135714286,34.65307142857143,0.9992380861788589,0.8772703864941173,0.9770302776707075,79247.01928571428,13269.408960714285,35.34694285714286,0.9794124838963074,0.8529587446968508,0.9578508709179134,0.010649495070512402,0.013223246660426674,0.07636100662864694,0.17238301208973789,0
2026-05-22,77615.52,77900.0,75359.18,75539.5,11272.36134,866200460.9104595,2370783,5204.99076,400374654.6094489,33.5714,-0.026747485554435513,-0.027111708939230417,-0.026747485554435554,0.0337161311999415,0.9732525144455645,1.0312485520820234,0.9976129045069135,-0.004055135369541496,9.330197818110175,-0.04138979259615083,0.46174804045094603,-0.2857000000000056,-0.008438407306000983,77615.52,0.000816095165800057,11318.25841,33.8571,-0.2857999999999947,77552.23,0.009343085567446563,11296.26307,34.1429,-0.2857000000000056,76834.36,-0.0021754017142699977,11024.85978,34.4286,-0.2856999999999985,77457.67,-0.008834257540655255,8442.7022,35.0,-0.14289999999999736,79113.21,-0.024377608136343376,17351.27079,35.2857,-0.14290000000000447,76902.41666666667,11295.627606666661,33.85713333333334,0.9822773233177544,0.9979402413502965,0.9915606164727471,77164.17142857144,12033.2605,34.40817142857143,0.978945261790631,0.9367670000994327,0.9756810259356996,78914.6142857143,12931.626907142856,35.091835714285715,0.9572308080542024,0.8716893412516911,0.9566726652129299,0.011339468180566324,0.014679755229872572,0.06971343725093784,0.15013629943015502,1
2026-05-23,75539.5,77404.18,74289.6,76752.01,15086.88814,1138996605.773816,2103536,7738.58719,584406871.6902983,33.2857,0.01605133737978126,0.01592387679685496,0.01605133737978137,0.04192484546962141,1.0160513373797813,1.0084971064601436,0.9679173222955335,0.3383964268838813,9.621647591006944,-0.11272520513265027,0.5129346170124119,-0.2856999999999985,-0.008510220008697833,75539.5,-0.026747485554435513,11272.36134,33.5714,-0.2857000000000056,77615.52,0.000816095165800057,11318.25841,33.8571,-0.2857999999999947,77552.23,0.009343085567446563,11296.26307,34.1429,-0.2857000000000056,77001.87,-0.005884504400919921,18745.51678,34.7143,-0.2856999999999985,78148.05,-0.012199732509905803,12132.86192,35.1429,-0.14280000000000115,76635.67666666668,12559.16929666666,33.571400000000004,1.0015180049083316,1.2012648116786055,0.991489779991302,76964.73714285714,12455.264245714288,34.142857142857146,0.9972360440540154,1.2112860748973047,0.9748949790794977,78634.15785714285,13470.088790714286,34.857142857142854,0.9760645003592178,1.1200288561126832,0.9549176229508197,0.013753970410485055,0.015438588465073374,0.05397963901860155,0.12026537620725895,1
2026-05-24,76752.0,77543.15,76108.0,77064.96,8398.00156,644925517.611316,1612969,4513.13276,346628082.28819406,33.0,0.0040774176467823775,0.004069127506717748,0.0040775484677924535,0.018856756188574055,1.0040775484677924,1.0062050249555698,0.9875824239706346,-0.44335760416130443,9.035868115862007,-0.23321065101809524,0.5374055634254967,-0.2856999999999985,-0.008583265486379998,76752.01,0.01605133737978126,15086.88814,33.2857,-0.2856999999999985,75539.5,-0.026747485554435513,11272.36134,33.5714,-0.2857000000000056,77615.52,0.000816095165800057,11318.25841,33.8571,-0.2857999999999947,76834.36,-0.0021754017142699977,11024.85978,34.4286,-0.2856999999999985,77457.67,-0.008834257540655255,8442.7022,35.0,-0.14289999999999736,76452.15666666666,11585.750346666659,33.2857,1.0080155140162388,0.7248560782613612,0.99141673451362,76908.6357142857,12448.87844,33.857142857142854,1.002032597305393,0.6745990492618226,0.9746835443037976,78266.65000000001,13210.351843571427,34.642857142857146,0.9846462062704868,0.6357136932796179,0.9525773195876288,0.013626566257215093,0.014240022610099556,3.77965391683923e-05,0.07412494500851591,1
2026-05-25,77064.96,77905.52,76914.25,77322.01,7672.32197,593868004.9975973,1778509,3644.38154,282126295.7074095,35.2857,0.003335497741126403,0.0033299473074173843,0.003335497741126296,0.012887988896725952,1.0033354977411264,1.0075464929067417,0.9947264692162039,-0.08641098537733549,8.945504912720482,0.10263061472353163,0.4750037282390014,2.2856999999999985,0.0692636363636363,77064.96,0.0040774176467823775,8398.00156,33.0,-0.2856999999999985,76752.01,0.01605133737978126,15086.88814,33.2857,-0.2856999999999985,75539.5,-0.026747485554435513,11272.36134,33.5714,-0.2857000000000056,77552.23,0.009343085567446563,11296.26307,34.1429,-0.2857000000000056,77001.87,-0.005884504400919921,18745.51678,34.7143,-0.2856999999999985,77046.32666666666,10385.737223333326,33.85713333333333,1.003578150254016,0.7387363848146304,1.042193964048935,76954.37,10866.993467142858,33.93877142857143,1.0047773765154597,0.7060206664518407,1.0396870161980776,77950.67571428571,12833.249087142858,34.602042857142855,0.9919350831981242,0.5978471950401559,1.0197577104241988,0.013480600129013596,0.014386505192611905,0.9719041460183333,0.6733937319590572,0
2026-05-26,77322.01,78080.0,75677.97,75930.01,16953.47629,1299609317.6975915,3360745,7867.0405,603376144.8767151,37.5714,-0.018002635989416205,-0.01816665493821507,-0.01800263598941621,0.031740148421000175,0.9819973640105838,1.0283154183701544,0.9966806273303533,1.2096930181359422,9.738287165849128,0.8896418291951291,0.4640370131428662,2.2856999999999985,0.06477694930240863,77322.01,0.003335497741126403,7672.32197,35.2857,2.2856999999999985,77064.96,0.0040774176467823775,8398.00156,33.0,-0.2856999999999985,76752.01,0.01605133737978126,15086.88814,33.2857,-0.2856999999999985,77615.52,0.000816095165800057,11318.25841,33.8571,-0.2857999999999947,76834.36,-0.0021754017142699977,11024.85978,34.4286,-0.2856999999999985,76772.32666666666,11007.933273333327,35.2857,0.9890283816677347,1.540114376516955,1.0647769493024086,76825.17714285714,11713.938682857142,34.38774285714286,0.9883479976727867,1.4472908514375868,1.0925811605630242,77623.92857142857,13159.47905357143,34.73469285714285,0.9781778814522399,1.2883090752288475,1.0816678343615698,0.015249001537127254,0.014575537786848706,1.2547244833219866,0.9146658975990948,0
2026-05-27,75930.01,76174.15,74243.99,74449.3,16877.77483,1270680262.9088244,3367068,7990.81792,601880855.3520991,39.8571,-0.019500985183592,-0.019693638122979272,-0.019500985183591994,0.02599752518688703,0.980499014816408,1.0231681157512562,0.9972422843465285,-0.004465247050520982,9.73381218435467,0.0018814280762151636,0.47345209901701246,2.2857000000000056,0.06083616793624946,75930.01,-0.018002635989416205,16953.47629,37.5714,2.2856999999999985,77322.01,0.003335497741126403,7672.32197,35.2857,2.2856999999999985,77064.96,0.0040774176467823775,8398.00156,33.0,-0.2856999999999985,75539.5,-0.026747485554435513,11272.36134,33.5714,-0.2857000000000056,77552.23,0.009343085567446563,11296.26307,34.1429,-0.2857000000000056,75900.44,13834.524363333325,37.571400000000004,0.980881006750422,1.2199750701030552,1.0608361679362492,76381.90142857144,12511.297505714287,35.204057142857145,0.9746981759759057,1.3490027570914536,1.1321734832511188,77276.47785714285,13307.173225000002,35.04081428571428,0.9634147681734498,1.2683215694744212,1.137447882204303,0.015693078445183924,0.014892830036054941,1.374484478424031,1.0746871438692251,0
2026-05-28,74449.31,74590.77,72582.82,73617.51,21274.02026,1560808525.5072746,3799713,11285.37807,828070542.0512333,42.1429,-0.011172569789104858,-0.011235451754405826,-0.011172702607989287,0.027664259944708638,0.9888272973920107,1.0132204960477476,0.9859450557347024,0.26047541659257956,9.965288905732544,0.12849309844648227,0.5304769823510547,2.2857999999999947,0.057349882455070667,74449.3,-0.019500985183592,16877.77483,39.8571,2.2857000000000056,75930.01,-0.018002635989416205,16953.47629,37.5714,2.2856999999999985,77322.01,0.003335497741126403,7672.32197,35.2857,2.2856999999999985,76752.01,0.01605133737978126,15086.88814,33.2857,-0.2856999999999985,77615.52,0.000816095165800057,11318.25841,33.8571,-0.2857999999999947,74665.60666666666,18368.423793333324,39.85713333333334,0.9859627917932049,1.1581843112592622,1.0573489981718034,75810.75714285715,13933.549198571429,36.38774285714286,0.9710694467973163,1.5268199047362012,1.1581619713388573,76742.72928571429,13417.612667142856,35.52040714285714,0.9592766726593857,1.5855294669591984,1.1864419185993083,0.015515319494356025,0.012800727705126339,1.3744844784240313,1.1868084554573435,0
2026-05-29,73617.52,74514.1,72512.49,73460.78,18686.74141,1376106492.906427,2897318,10668.37212,786121889.890037,44.4286,-0.0021289771957785364,-0.002131246689434228,-0.002129112743814315,0.027603658349065113,0.9978708872561857,1.0143385354743035,0.9870912070359178,-0.12161682739696711,9.835623048310472,-0.2374903051888393,0.570905964069848,2.2857000000000056,0.0542368939963791,73617.51,-0.011172569789104858,21274.02026,42.1429,2.2857999999999947,74449.3,-0.019500985183592,16877.77483,39.8571,2.2857000000000056,75930.01,-0.018002635989416205,16953.47629,37.5714,2.2856999999999985,77064.96,0.0040774176467823775,8398.00156,33.0,-0.2856999999999985,75539.5,-0.026747485554435513,11272.36134,33.5714,-0.2857000000000056,73842.53,18946.178833333324,42.14286666666666,0.9948302150535742,0.9863066096010411,1.0542377278558808,75513.79714285713,14992.746351428572,37.93877142857143,0.9728126882697578,1.2463854834854489,1.1710605886025378,76338.9842857143,13513.003425714285,36.17347142857143,0.9622970581460447,1.3828710628786238,1.2282094652632178,0.012989413109793537,0.01179269368886202,1.2547244833219873,1.2638134895302682,1
2026-05-30,73460.78,74143.76,73216.0,73884.38,7515.40909,553989386.1115208,1124406,4118.11087,303592073.2673063,46.7143,0.0057663422577327594,0.005749780542727423,0.005766342257732709,0.012671547202797132,1.0057663422577328,1.0035106202420592,0.9909537036109661,-0.5978213148506345,8.92484378826981,-0.6119148812798595,0.5479556496105524,2.2856999999999985,0.051446590709588014,73460.78,-0.0021289771957785364,18686.74141,44.4286,2.2857000000000056,73617.51,-0.011172569789104858,21274.02026,42.1429,2.2857999999999947,74449.3,-0.019500985183592,16877.77483,39.8571,2.2857000000000056,77322.01,0.003335497741126403,7672.32197,35.2857,2.2856999999999985,76752.01,0.01605133737978126,15086.88814,33.2857,-0.2856999999999985,73654.22333333333,15825.390253333326,44.428599999999996,1.0031248264695571,0.4748956562645915,1.051446590709588,75104.1357142857,13911.106487142857,39.857142857142854,0.9837591405228876,0.540245241954406,1.1720433691756273,76034.43642857144,13183.185366428572,37.0,0.9717225966343388,0.5700753559256053,1.2625486486486488,0.010743211849397395,0.011950733702860592,0.9719041460183351,1.3119205055821883,0
2026-05-31,73884.38,74275.66,73400.0,73674.39,6986.45707,515907532.5891972,1363437,3407.47243,251629752.0865094,49.0,-0.0028421433596654833,-0.0028461899181889336,-0.002842143359665537,0.011929972752043645,0.9971578566403345,1.00816118056763,0.9962756393368171,-0.07038233230760826,8.851871973616216,0.21258424448108593,0.48772538009741173,2.2856999999999985,0.04892934283506323,73884.38,0.0057663422577327594,7515.40909,46.7143,2.2856999999999985,73460.78,-0.0021289771957785364,18686.74141,44.4286,2.2857000000000056,73617.51,-0.011172569789104858,21274.02026,42.1429,2.2857999999999947,75930.01,-0.018002635989416205,16953.47629,37.5714,2.2856999999999985,77064.96,0.0040774176467823775,8398.00156,33.0,-0.2856999999999985,73673.18333333333,11062.869189999992,46.7143,1.0000163786416179,0.6315230660338311,1.0489293428350632,74619.76857142858,13709.457274285714,42.142857142857146,0.9873307222800667,0.5096085811583673,1.1627118644067795,75764.20214285715,13079.167857142858,38.0,0.9724168923614255,0.5341667869324365,1.2894736842105263,0.010022681959590548,0.011868702193986025,3.7796601564303384e-05,1.3342487704841457,0
2026-06-01,73674.39,74092.0,70686.68,71408.9,23921.09184,1723958338.6828775,4237773,11600.30396,835109172.1168073,48.2857,-0.030750034034893292,-0.031232737545768535,-0.030750034034893337,0.0481748470857594,0.9692499659651067,1.037573747810147,0.9898861346414802,2.423923113006404,10.082557655745925,2.1081546122043044,0.48494040479383066,-0.7143000000000015,-0.014577551020408142,73674.39,-0.0028421433596654833,6986.45707,49.0,2.2856999999999985,73884.38,0.0057663422577327594,7515.40909,46.7143,2.2856999999999985,73460.78,-0.0021289771957785364,18686.74141,44.4286,2.2857000000000056,74449.3,-0.019500985183592,16877.77483,39.8571,2.2857000000000056,77322.01,0.003335497741126403,7672.32197,35.2857,2.2856999999999985,72989.22333333333,12807.652666666661,48.0,0.978348538850507,1.867718657163252,1.0059520833333333,73775.03857142857,16030.710112857141,44.0,0.9679276538888192,1.4922041301722824,1.0974022727272728,75364.70428571428,13448.85179,38.969385714285714,0.9475111814846711,1.7786716824247195,1.2390675171022527,0.012499154393590147,0.013933200948779046,1.1338997190480096,1.3704445061349977,0
2026-06-02,71408.9,71408.9,66193.0,66760.83,32858.19586,2253348577.983128,6250677,15675.4915,1074442481.8457325,47.5714,-0.06509090603552203,-0.06730598012661611,-0.06509090603552208,0.0787983623646004,0.934909093964478,1.069622711401281,0.9914945635037791,0.3736076964955124,10.39998691959371,0.4749909917307982,0.47706488715293693,-0.7143000000000015,-0.014793199642958554,71408.9,-0.030750034034893292,23921.09184,48.2857,-0.7143000000000015,73674.39,-0.0028421433596654833,6986.45707,49.0,2.2856999999999985,73884.38,0.0057663422577327594,7515.40909,46.7143,2.2856999999999985,73617.51,-0.011172569789104858,21274.02026,42.1429,2.2857999999999947,75930.01,-0.018002635989416205,16953.47629,37.5714,2.2856999999999985,70614.70666666667,21255.24825666666,48.2857,0.9454238805400877,1.545886242457512,0.9852068003570414,72465.15571428572,18302.812908571428,45.42857142857143,0.9212818125061839,1.7952538784140721,1.047169182389937,74645.16642857142,15008.375795714286,39.90815714285714,0.8943757940962459,2.1893239020162873,1.1920219675819945,0.024067479122347767,0.021138035471829013,1.4638598688789506,1.4049903374584618,0
2026-06-03,66760.84,67516.0,64092.49,64142.75,30138.3065,1998349981.892944,6676358,14567.29572,967367597.5473663,46.8571,-0.039215809629688625,-0.04000546300379148,-0.039215953544023664,0.053415150511393804,0.9607840464559764,1.0525897314973243,0.9992164352167626,-0.08277658857439174,10.313585462625788,0.06810158323650373,0.4833481841456487,-0.7142999999999944,-0.015015324333528035,66760.83,-0.06509090603552203,32858.19586,47.5714,-0.7143000000000015,71408.9,-0.030750034034893292,23921.09184,48.2857,-0.7143000000000015,73674.39,-0.0028421433596654833,6986.45707,49.0,2.2856999999999985,73460.78,-0.0021289771957785364,18686.74141,44.4286,2.2857000000000056,74449.3,-0.019500985183592,16877.77483,39.8571,2.2857000000000056,67437.49333333333,28972.531399999993,47.571400000000004,0.9511437455563789,1.0402372538286389,0.9849846756664719,70992.79142857144,20197.174575714285,46.42857142857143,0.9035107467852771,1.49220408958782,1.0092298461538463,73687.34642857143,16354.236040714284,40.816314285714284,0.8704717038789903,1.8428440451128334,1.1479992943997883,0.025394800347762182,0.02173525493848559,1.6035808149263964,1.4380051785047872,0
2026-06-04,64142.75,64764.32,61383.56,63885.99,43577.17571,2759349733.489383,9057976,20172.82504,1278141865.0268295,46.1429,-0.004002946552806086,-0.004010979788266344,-0.004002946552806077,0.05507598451442051,0.9959970534471939,1.0137483977316466,0.9608297531274071,0.44590658104827496,10.682311746906501,0.356724130132027,0.46292180967044133,-0.7142000000000053,-0.015242087111665192,64142.75,-0.039215809629688625,30138.3065,46.8571,-0.7142999999999944,66760.83,-0.06509090603552203,32858.19586,47.5714,-0.7143000000000015,71408.9,-0.030750034034893292,23921.09184,48.2857,-0.7143000000000015,73884.38,0.0057663422577327594,7515.40909,46.7143,2.2856999999999985,73617.51,-0.011172569789104858,21274.02026,42.1429,2.2857999999999947,64929.85666666667,35524.55935666666,46.85713333333334,0.9839231638531776,1.2266774451017128,0.9847572123490268,69602.57428571429,23383.339640000002,47.0,0.9178682061061698,1.863599313908781,0.981763829787234,72706.66571428571,18658.444419285715,41.69387142857143,0.8786813337177612,2.335520300125225,1.106707015179689,0.025984436684354212,0.021532688318758368,1.603554088802213,1.4695777942683357,0
2026-06-05,63885.99,63978.0,59130.91,61056.47,55027.28807,3379021750.503328,11658856,24879.51775,1529682071.4700003,45.4286,-0.04429014874779269,-0.045300914871314324,-0.0442901487477927,0.08197218679705752,0.9557098512522073,1.04784963821197,0.9684626379481159,0.26275480623615666,10.915602660538472,0.2871369939597985,0.4521305450915709,-0.7142999999999944,-0.015480171380645613,63885.99,-0.004002946552806086,43577.17571,46.1429,-0.7142000000000053,64142.75,-0.039215809629688625,30138.3065,46.8571,-0.7142999999999944,66760.83,-0.06509090603552203,32858.19586,47.5714,-0.7143000000000015,73674.39,-0.0028421433596654833,6986.45707,49.0,2.2856999999999985,73460.78,-0.0021289771957785364,18686.74141,44.4286,2.2857000000000056,63028.40333333333,42914.25676,46.14286666666666,0.9687135762760082,1.2822612396095476,0.984520539830642,67830.53,28574.846305714284,47.142857142857146,0.900132580417697,1.9257247259102794,0.9636369696969697,71672.16357142858,21783.79632857143,42.54081428571429,0.8518854037265253,2.5260651192293198,1.0678827089413627,0.026104763371366267,0.02282883644451533,1.4638403508774944,1.49982784433326,0
2026-06-06,61056.47,61530.05,59500.0,60884.62,19795.58877,1202325958.4682336,5000874,9473.55921,575481185.8910959,44.7143,-0.0028146075264422477,-0.002818575982386037,-0.0028146075264423006,0.034118487394958034,0.9971853924735578,1.0106008709588727,0.9772582961017084,-0.6402586886561064,9.89326491749654,-0.5710664922870649,0.47856920650711215,-0.7143000000000015,-0.015723575016619473,61056.47,-0.04429014874779269,55027.28807,45.4286,-0.7142999999999944,63885.99,-0.004002946552806086,43577.17571,46.1429,-0.7142000000000053,64142.75,-0.039215809629688625,30138.3065,46.8571,-0.7142999999999944,71408.9,-0.030750034034893292,23921.09184,48.2857,-0.7143000000000015,73884.38,0.0057663422577327594,7515.40909,46.7143,2.2856999999999985,61942.36000000001,39466.68418333333,45.428599999999996,0.982923802063725,0.5015771955415403,0.9842764249833806,65973.42142857143,30329.15768857143,46.857142857142854,0.9228658857100355,0.6526916762168878,0.9542685975609757,70538.77857142857,22120.132087857142,43.357142857142854,0.8631368622061888,0.8949127740908381,1.031301812191104,0.024530779421277977,0.021375614386442032,1.1338871202322454,1.5288196665947964,1
2026-06-07,60884.62,64234.68,60746.0,63332.01,26612.10443,1656650772.813708,4752461,14156.31067,882490717.5764754,44.0,0.040197179517585946,0.0394102908722764,0.040197179517585876,0.05743061271524051,1.040197179517586,1.0142529820228348,0.9591674099716715,0.3443451841316465,10.189159021203093,-0.049673916999308565,0.531950064574431,-0.7143000000000015,-0.01597475527963088,60884.62,-0.0028146075264422477,19795.58877,44.7143,-0.7143000000000015,61056.47,-0.04429014874779269,55027.28807,45.4286,-0.7142999999999944,63885.99,-0.004002946552806086,43577.17571,46.1429,-0.7142000000000053,66760.83,-0.06509090603552203,32858.19586,47.5714,-0.7143000000000015,73674.39,-0.0028421433596654833,6986.45707,49.0,2.2856999999999985,61757.700000000004,33811.66042333333,44.7143,1.0254917200608182,0.7870688424291362,0.9840252447203691,64495.93857142857,33132.82159714286,46.142857142857146,0.9819534594393177,0.8031946314012339,0.9535603715170278,69557.85357142858,23421.139435714285,44.142857142857146,0.9104940240136178,1.1362429442446296,0.9967637540453074,0.03482783525995254,0.02574331150437793,3.779649581910707e-05,1.556623565411881,0
2026-06-08,63332.01,64200.0,62408.0,63085.99,23053.38624,1462563286.7512205,4887564,11227.99606,712684502.0653824,43.2857,-0.003884607483640612,-0.003892172168200064,-0.0038846074836406436,0.028714267401615177,0.9961153925163594,1.0176585958308653,0.9892529228755862,-0.13372554580795326,10.0456113227293,0.028428008141466066,0.4870432457561601,-0.7143000000000015,-0.016234090909090892,63332.01,0.040197179517585946,26612.10443,44.0,-0.7143000000000015,60884.62,-0.0028146075264422477,19795.58877,44.7143,-0.7143000000000015,61056.47,-0.04429014874779269,55027.28807,45.4286,-0.7142999999999944,64142.75,-0.039215809629688625,30138.3065,46.8571,-0.7142999999999944,71408.9,-0.030750034034893292,23921.09184,48.2857,-0.7143000000000015,62434.206666666665,23153.693146666657,44.0,1.0104395229495455,0.9956677793891772,0.9837659090909091,63306.95142857143,33008.86365428571,45.42857142857143,0.9965096814238363,0.6983998746956822,0.9528298742138364,68540.99500000001,24519.78688357143,44.714285714285715,0.9204125210029412,0.9401952125222615,0.9680507987220447,0.03503500107332044,0.025448398841060454,3.779649581910707e-05,1.5406599132682202,0
2026-06-09,63086.0,63526.01,60780.0,61730.0,21636.21959,1347322049.1623404,4347332,10357.23644,645037339.5456268,42.5714,-0.021494312762627588,-0.021728679963231683,-0.02149446786925784,0.04517949983547223,0.9785055321307422,1.029094605540256,0.9846104001295967,-0.06147325322390462,9.982170239955083,-0.11053195415957728,0.4786989888375412,-0.7143000000000015,-0.016501985644219674,63085.99,-0.003884607483640612,23053.38624,43.2857,-0.7143000000000015,63332.01,0.040197179517585946,26612.10443,44.0,-0.7143000000000015,60884.62,-0.0028146075264422477,19795.58877,44.7143,-0.7143000000000015,63885.99,-0.004002946552806086,43577.17571,46.1429,-0.7142000000000053,66760.83,-0.06509090603552203,32858.19586,47.5714,-0.7143000000000015,62716.0,23767.236753333327,43.2857,0.9842783340774284,0.9103380344358099,0.9834980143557803,62588.26142857142,31405.724187142856,44.714285714285715,0.9862871821491493,0.6889259888124988,0.9520760383386581,67526.70857142858,24854.268547857144,45.07142857142857,0.9141568026331844,0.8705232885183984,0.944531854199683,0.028289917945053457,0.025506381505542023,3.779649581910707e-05,1.491739894688945,0
2026-06-10,61730.0,62857.99,60755.0,61510.99,15998.71652,986710883.5893747,4655686,7714.59491,475908655.4422775,41.8571,-0.003547869755386346,-0.0035541783711382628,-0.003547869755386393,0.03461427043041722,0.9964521302446137,1.021898525775638,0.9877096759457131,-0.2605585992760763,9.68032628356496,0.07092948042615554,0.48220086282271346,-0.7142999999999944,-0.01677887032138936,61730.0,-0.021494312762627588,21636.21959,42.5714,-0.7143000000000015,63085.99,-0.003884607483640612,23053.38624,43.2857,-0.7143000000000015,63332.01,0.040197179517585946,26612.10443,44.0,-0.7143000000000015,61056.47,-0.04429014874779269,55027.28807,45.4286,-0.7142999999999944,64142.75,-0.039215809629688625,30138.3065,46.8571,-0.7142999999999944,62108.993333333325,20229.440783333328,42.571400000000004,0.9903717110640661,0.7908630145219365,0.9832211296786105,62212.29571428571,29385.78276142857,44.0,0.9887272169233794,0.5444373100382314,0.9512977272727273,66602.54357142857,24791.478668571428,45.214285714285715,0.9235531663146155,0.6453312742608548,0.9257494470774092,0.025378282109653233,0.025615794003796474,3.779649581910707e-05,1.4064287253751708,1
2026-06-11,61510.99,63933.02,61510.99,63625.99,17380.94642,1093211866.433885,3446803,8975.49366,564559048.5586231,41.1429,0.03438409949181431,0.03380617663638071,0.03438409949181439,0.039375565244519704,1.0343840994918143,1.0048255437754288,0.9667588669347228,0.08639629924513481,9.763187384493518,-0.2596573308423291,0.5163984424733069,-0.7142000000000053,-0.017062816105272605,61510.99,-0.003547869755386346,15998.71652,41.8571,-0.7142999999999944,61730.0,-0.021494312762627588,21636.21959,42.5714,-0.7143000000000015,63085.99,-0.003884607483640612,23053.38624,43.2857,-0.7143000000000015,60884.62,-0.0028146075264422477,19795.58877,44.7143,-0.7143000000000015,63885.99,-0.004002946552806086,43577.17571,46.1429,-0.7142000000000053,62288.993333333325,18338.627509999995,41.85713333333334,1.0214644128138637,0.9477779299744338,0.9829364011231856,62175.15285714286,25643.464291428572,43.285714285714285,1.0233346775389627,0.6777924473258338,0.9504960396039603,65888.86357142856,24513.40196571429,45.142857142857146,0.9656562057869547,0.7090385269376275,0.9113933544303796,0.02960011655107842,0.028615697940059057,3.779649581910707e-05,1.2774381992750266,0
2026-06-12,63626.0,64394.44,62829.81,63580.01,16397.0524,1042661512.679604,3154052,8373.87233,532498396.6271599,40.4286,-0.0007226606611543396,-0.0007229219062385423,-0.0007228177160280068,0.02490266960858237,0.999277182283972,1.0128095292844401,0.9882006938973428,-0.05660762056477242,9.704917850662666,-0.08493406788841718,0.5106937592027211,-0.7142999999999944,-0.017361440248499616,63625.99,0.03438409949181431,17380.94642,41.1429,-0.7142000000000053,61510.99,-0.003547869755386346,15998.71652,41.8571,-0.7142999999999944,61730.0,-0.021494312762627588,21636.21959,42.5714,-0.7143000000000015,63332.01,0.040197179517585946,26612.10443,44.0,-0.7143000000000015,61056.47,-0.04429014874779269,55027.28807,45.4286,-0.7142999999999944,62905.66333333333,16592.23844666666,41.14286666666666,1.010719967502661,0.9882363041434068,0.9826393558705196,62535.658571428576,20124.859195714285,42.57142857142857,1.0167000948327516,0.8147660682014538,0.9496651006711411,65183.09428571429,24349.852750714286,44.857142857142854,0.9754064408374424,0.6733943144489448,0.9012745222929938,0.022519614474312548,0.028647826661802742,3.779649581910707e-05,1.0894035071169301,1
2026-06-13,63580.0,64762.77,63418.66,64458.01,9960.74163,637302050.4867933,1489009,5326.34918,340833402.1496999,39.7143,0.013809371845018514,0.013714891287420702,0.013809531299150708,0.021194235261356723,1.0138095312991506,1.0047280392305005,0.9838755493692716,-0.39252852360220547,9.206507197741788,-0.527906007890802,0.5347341972969135,-0.7143000000000015,-0.017668185393508562,63580.01,-0.0007226606611543396,16397.0524,40.4286,-0.7142999999999944,63625.99,0.03438409949181431,17380.94642,41.1429,-0.7142000000000053,61510.99,-0.003547869755386346,15998.71652,41.8571,-0.7142999999999944,63085.99,-0.003884607483640612,23053.38624,43.2857,-0.7143000000000015,60884.62,-0.0028146075264422477,19795.58877,44.7143,-0.7143000000000015,63888.003333333334,14579.580149999994,40.428599999999996,1.0089219671444838,0.6831981118468631,0.9823318146064915,63046.142857142855,18719.881032857145,41.857142857142854,1.0223941874771993,0.5320942805414682,0.9488058020477816,64509.78214285715,24524.519360714283,44.357142857142854,0.9991974528337036,0.4061544074929382,0.8953304347826088,0.022308634006150126,0.029063349795352602,3.779649581910707e-05,0.8017796148376537,1
2026-06-14,64458.01,65800.0,63678.83,65746.45,13203.03375,853654539.2638302,2060901,6966.04602,450843680.3207427,39.0,0.019988826834709927,0.019791673152565584,0.019988826834709837,0.03331044241861853,1.01998882683471,1.0008144926456106,0.9685516100108827,0.3255070998162213,9.48827764901344,0.38407558315631407,0.5276094988396133,-0.7143000000000015,-0.017985964753250094,64458.01,0.013809371845018514,9960.74163,39.7143,-0.7143000000000015,63580.01,-0.0007226606611543396,16397.0524,40.4286,-0.7142999999999944,63625.99,0.03438409949181431,17380.94642,41.1429,-0.7142000000000053,61730.0,-0.021494312762627588,21636.21959,42.5714,-0.7143000000000015,63332.01,0.040197179517585946,26612.10443,44.0,-0.7143000000000015,64594.823333333334,13186.942593333326,39.7143,1.0178284668528907,1.001220234072666,0.9820140352467499,63391.06285714286,16804.299507142856,41.142857142857146,1.0371564545015628,0.785693788925144,0.9479166666666666,63943.500714285714,24968.560552142855,43.642857142857146,1.0281959740329245,0.5287863400225884,0.8936170212765957,0.01848698661574277,0.03007673558294187,3.779649581910707e-05,3.6313451840664794e-05,1
2026-06-15,65746.45,67292.15,65354.0,66328.74,18559.80102,1230675240.537974,3140494,8827.32403,585352821.9493269,39.1429,0.00885659986204601,0.008817610222801382,0.008856599862045908,0.02965618018789966,1.008856599862046,1.0145247746301225,0.9853044095214231,0.40572245526525275,9.828807163814067,0.5238451531635921,0.47561522995250305,0.14289999999999736,0.003664102564102434,65746.45,0.019988826834709927,13203.03375,39.0,-0.7143000000000015,64458.01,0.013809371845018514,9960.74163,39.7143,-0.7143000000000015,63580.01,-0.0007226606611543396,16397.0524,40.4286,-0.7142999999999944,61510.99,-0.003547869755386346,15998.71652,41.8571,-0.7142999999999944,63085.99,-0.003884607483640612,23053.38624,43.2857,-0.7143000000000015,65511.06666666667,13907.858799999993,39.28573333333333,1.012481453515233,1.3344829917312655,0.9963642441870331,63854.312857142846,16162.358761428573,40.551028571428574,1.0387511357046946,1.148334924002115,0.9652751453900058,63580.63214285714,24585.611207857146,42.9898,1.0432224053854677,0.7549050077741651,0.9105159828610506,0.018030054439678048,0.029598115609175638,0.3239848489990785,0.22909222769704385,0
2026-06-16,66328.74,66992.0,65360.92,65675.01,14302.05801,945125184.2518406,2964629,6709.60119,443519254.49336064,39.2857,-0.009855908615179598,-0.009904799591063123,-0.00985590861517964,0.024954973094014003,0.9901440913848204,1.0200531374110184,0.9952175111964201,-0.2294067164519633,9.568228640239166,-0.05599915172581127,0.46913536396710503,0.14280000000000115,0.003648171188133764,66328.74,0.00885659986204601,18559.80102,39.1429,0.14289999999999736,65746.45,0.019988826834709927,13203.03375,39.0,-0.7143000000000015,64458.01,0.013809371845018514,9960.74163,39.7143,-0.7143000000000015,63625.99,0.03438409949181431,17380.94642,41.1429,-0.7142000000000053,61730.0,-0.021494312762627588,21636.21959,42.5714,-0.7143000000000015,65916.73333333332,15354.964259999993,39.14286666666666,0.9963328987783578,0.9314289351527287,1.0036490258761495,64417.88571428571,15114.621392857141,40.08164285714286,1.0195151435315657,0.9462399115573519,0.9801419602489917,63503.07357142858,23260.17279,42.39796428571429,1.034202067812173,0.614873248755432,0.9265940160536683,0.015252217347081537,0.02412504383868484,0.418236617353433,0.3112564181782098,0
2026-06-17,65675.02,66445.93,63915.77,64509.4,19048.65409,1242898548.082235,3933123,9344.30808,609795592.7365174,39.4286,-0.01774815108516914,-0.01790753821922,-0.01774830064764354,0.039585848688046724,0.9822516993523565,1.0300193460177895,0.9907977752079541,0.33188203240968384,9.85480422238474,0.3266830352128378,0.4905495178740999,0.14290000000000447,0.003637455868165773,65675.01,-0.009855908615179598,14302.05801,39.2857,0.14280000000000115,66328.74,0.00885659986204601,18559.80102,39.1429,0.14289999999999736,65746.45,0.019988826834709927,13203.03375,39.0,-0.7143000000000015,63580.01,-0.0007226606611543396,16397.0524,40.4286,-0.7142999999999944,61510.99,-0.003547869755386346,15998.71652,41.8571,-0.7142999999999944,65504.38333333333,17303.504373333326,39.28573333333333,0.9848104312612159,1.1008552764234365,1.003636604297404,64846.229999999996,15550.326759999998,39.73471428571428,0.9948057119126279,1.2249680912814467,0.9922960491545717,63529.26285714286,22468.054760714287,41.867357142857145,1.0154281208182938,0.8478105600537721,0.9417503919691953,0.017910115047223216,0.02209951070465561,0.4581614952331669,0.364986953326948,0
2026-06-18,64509.4,64806.0,62272.07,62958.01,16935.59661,1076015381.1924088,3573931,8148.66252,517693581.0628108,39.5714,-0.024049053316260838,-0.024342953377447053,-0.024049053316260876,0.040691276201353196,0.9759509466837392,1.0293527384363006,0.9891048017559639,-0.11092948982202866,9.737232039520638,-0.09132488355945134,0.481155917187378,0.14279999999999404,0.0036217365059878492,64509.4,-0.01774815108516914,19048.65409,39.4286,0.14290000000000447,65675.01,-0.009855908615179598,14302.05801,39.2857,0.14280000000000115,66328.74,0.00885659986204601,18559.80102,39.1429,0.14289999999999736,64458.01,0.013809371845018514,9960.74163,39.7143,-0.7143000000000015,63625.99,0.03438409949181431,17380.94642,41.1429,-0.7142000000000053,64380.806666666664,16762.102903333325,39.42856666666666,0.977900297614579,1.0103503544672892,1.0036225849785732,64750.80428571429,15486.70535857143,39.51021428571429,0.9723124012822522,1.093557100615119,1.001548604971951,63462.978571428575,20565.084824999998,41.39796428571429,0.9920431000435912,0.8235121203785262,0.9558779201530785,0.016564050898442623,0.02305193823904496,0.4581659488293198,0.4018334317451921,1
2026-06-19,62958.01,63666.0,62316.44,63543.91,14247.424,896102952.7753174,2671918,6709.20964,421981528.2738967,39.7143,0.009306202657930251,0.009263166748529431,0.009306202657930284,0.02165656446356688,1.0093062026579303,1.001921348560389,0.9806831213250805,-0.15872913555420354,9.564401583089326,-0.2523867976186446,0.4709068558639091,0.14290000000000447,0.003611193943100499,62958.01,-0.024049053316260838,16935.59661,39.5714,0.14279999999999404,64509.4,-0.01774815108516914,19048.65409,39.4286,0.14290000000000447,65675.01,-0.009855908615179598,14302.05801,39.2857,0.14280000000000115,65746.45,0.019988826834709927,13203.03375,39.0,-0.7143000000000015,63580.01,-0.0007226606611543396,16397.0524,40.4286,-0.7142999999999944,63670.44,16743.891566666658,39.57143333333334,0.9980127355802787,0.8509027870416597,1.0036103485426775,64745.64714285714,15179.615587142858,39.408171428571436,0.9814391052389116,0.9385892493922953,1.0077681496078403,63640.65285714286,17652.23739142857,40.9898,0.9984798575627435,0.8071171763709766,0.9688825024762258,0.017057627535446228,0.01944109990517274,0.41825125565519705,0.4262131366548078,1
2026-06-20,63543.9,64388.0,63184.21,64298.01,9522.10324,607077211.7557423,1970081,4669.85879,297796699.61223286,39.8571,0.011867384301658568,0.011797519098186807,0.01186754354076474,0.01905207012954662,1.0118675435407647,1.0013995767520643,0.9826775354322785,-0.3316614119155856,9.161476045256777,-0.26267160893410646,0.49042303704323204,0.14280000000000115,0.003595682159826641,63543.91,0.009306202657930251,14247.424,39.7143,0.14290000000000447,62958.01,-0.024049053316260838,16935.59661,39.5714,0.14279999999999404,64509.4,-0.01774815108516914,19048.65409,39.4286,0.14290000000000447,66328.74,0.00885659986204601,18559.80102,39.1429,0.14289999999999736,64458.01,0.013809371845018514,9960.74163,39.7143,-0.7143000000000015,63599.97666666668,13568.374616666659,39.71426666666667,1.0109753709029137,0.7017865815927254,1.0035965245067264,64722.79,15116.952959999999,39.42857142857143,0.9934369331111963,0.6298956717796125,1.0108684782608697,63884.46642857143,16918.416996428572,40.642857142857146,1.0064733039899605,0.5628247159299885,0.9806667838312829,0.016810433643648554,0.01949746483360288,0.3239722518982239,0.4401851860546483,0
2026-06-21,64298.01,64588.0,63270.0,63311.99,8034.66333,514862175.7362123,1768294,3833.13382,245702909.4202356,40.0,-0.015335155784759191,-0.01545395539146637,-0.015335155784759186,0.020831357673462936,0.9846648442152408,1.0201543183210637,0.9993367764936784,-0.15620917695490144,8.991644829835693,-0.10242573782499298,0.47707460319933526,0.14289999999999736,0.0035853085146686503,64298.01,0.011867384301658568,9522.10324,39.8571,0.14280000000000115,63543.91,0.009306202657930251,14247.424,39.7143,0.14290000000000447,62958.01,-0.024049053316260838,16935.59661,39.5714,0.14279999999999404,65675.01,-0.009855908615179598,14302.05801,39.2857,0.14280000000000115,65746.45,0.019988826834709927,13203.03375,39.0,-0.7143000000000015,63717.97,10601.396856666659,39.85713333333334,0.9936284850254959,0.7578872330345245,1.003584469195811,64375.01,14378.614328571426,39.57142857142857,0.9834870705262803,0.5587926031254972,1.0108303249097474,63883.03642857143,15591.456917857144,40.357142857142854,0.9910610631476491,0.5153247302243944,0.9911504424778762,0.014924313512311157,0.017083698338301423,5.345230535862707e-05,0.4447495922203943,1
2026-06-22,63312.0,65622.83,63312.0,64020.01,15423.10851,995034557.156346,3521337,7677.53285,495354694.74254,40.0,0.011183031839624658,0.011120964047776254,0.011182872125347517,0.03649908390194594,1.0111828721253475,1.0250362347647244,0.988940801477538,0.9195712224073986,9.643687051965621,0.9913753029756365,0.49779412788427563,0.0,0.0,63311.99,-0.015335155784759191,8034.66333,40.0,0.14289999999999736,64298.01,0.011867384301658568,9522.10324,39.8571,0.14280000000000115,63543.91,0.009306202657930251,14247.424,39.7143,0.14290000000000447,64509.4,-0.01774815108516914,19048.65409,39.4286,0.14290000000000447,66328.74,0.00885659986204601,18559.80102,39.1429,0.14289999999999736,63876.670000000006,10993.291693333325,39.95236666666667,1.002244011780827,1.402956361046351,1.0011922531080761,64045.19142857142,13930.515398571428,39.69387142857143,0.9996068178108343,1.1071455770819245,1.0077122376934042,63949.75214285714,15046.43708,40.12245,1.0010986415863803,1.0250339284973105,0.996948092651371,0.015312436699184417,0.0172859421558347,0.053992248120900733,0.4326066724196072,0
2026-06-23,64020.01,64275.38,61938.0,62734.57,20222.99292,1268093221.2502334,3626190,9113.2674,571633628.7589369,40.0,-0.02007872226199281,-0.02028303938282158,-0.02007872226199281,0.037737414834188986,0.9799212777380072,1.0245607804437011,0.9873025351094301,0.3112138131484883,9.91462494686741,0.029776474106284034,0.4506389057273131,0.0,0.0,64020.01,0.011183031839624658,15423.10851,40.0,0.0,63311.99,-0.015335155784759191,8034.66333,40.0,0.14289999999999736,64298.01,0.011867384301658568,9522.10324,39.8571,0.14280000000000115,62958.01,-0.024049053316260838,16935.59661,39.5714,0.14279999999999404,65675.01,-0.009855908615179598,14302.05801,39.2857,0.14280000000000115,63355.52333333334,14560.254919999992,40.0,0.9901989076774521,1.3889175039251311,1.0,63625.12857142858,14776.363242857144,39.79591428571429,0.9860030369851623,1.3686042084662302,1.005128308218288,64021.50714285714,14945.492317857143,39.938778571428564,0.9798983622802651,1.3531165444337492,1.001532881844695,0.01631338297076369,0.017146630695482005,0.06970855655619942,0.4133860226667698,0
2026-06-24,62734.57,63239.06,59102.7,61077.99,30678.28543,1871885814.3078947,5367531,14451.4544,882414090.5623845,40.0,-0.02640617445851623,-0.02676107921319018,-0.02640617445851628,0.06998597356804344,0.9735938255414838,1.0353821401129932,0.9676595447885564,0.5170002556673989,10.33134296414085,0.4802122889313578,0.47106460473400713,0.0,0.0,62734.57,-0.02007872226199281,20222.99292,40.0,0.0,64020.01,0.011183031839624658,15423.10851,40.0,0.0,63311.99,-0.015335155784759191,8034.66333,40.0,0.14289999999999736,63543.91,0.009306202657930251,14247.424,39.7143,0.14290000000000447,64509.4,-0.01774815108516914,19048.65409,39.4286,0.14290000000000447,62610.85666666667,22108.128953333322,40.0,0.975517558003918,1.3876472990888054,1.0,63134.927142857145,16437.73914857143,39.87754285714285,0.9674199807310642,1.8663324166855506,1.0030708296972017,63990.57857142857,15994.032954285716,39.80612857142857,0.9544841031843863,1.9181081793244357,1.0048703914580275,0.017594420385856423,0.01866390025671877,0.07635654772813029,0.38603187941291195,0
2026-06-25,61078.0,61962.4,58115.01,59794.0,30386.00694,1822854100.0700865,5683275,14406.15352,865169997.7746557,40.0,-0.021022139071701584,-0.021246250672292098,-0.021022299354923214,0.06620303429354997,0.9789777006450768,1.03626450814463,0.9719204267986755,-0.00952721072587015,10.32177039274202,0.058824811631269514,0.47410485847799255,0.0,0.0,61077.99,-0.02640617445851623,30678.28543,40.0,0.0,62734.57,-0.02007872226199281,20222.99292,40.0,0.0,64020.01,0.011183031839624658,15423.10851,40.0,0.0,64298.01,0.011867384301658568,9522.10324,39.8571,0.14280000000000115,62958.01,-0.024049053316260838,16935.59661,39.5714,0.14279999999999404,61202.18666666667,27095.761763333325,40.0,0.9769912360429823,1.1214302519119104,1.0,62682.92571428571,18359.22633857143,39.938771428571435,0.9539120792246729,1.6550810137440901,1.0015330609640327,63716.865,16922.965848571428,39.724492857142856,0.9384328623198898,1.795548558798579,1.0069354477059764,0.0171557842354538,0.016480358684694434,0.07636545279744186,0.3486489497543668,1
2026-06-26,59794.64,60759.99,58337.0,60097.27,27403.55723,1636102058.3778124,6019134,13907.49037,831252961.0007827,40.0,0.005071913569923314,0.005059094742014055,0.005061155983211829,0.04153436069732756,1.0050611559832119,1.0110274559892654,0.9707096512037902,-0.09815207756284416,10.218464600808922,0.05909603177745226,0.5075067537135215,0.0,0.0,59794.0,-0.021022139071701584,30386.00694,40.0,0.0,61077.99,-0.02640617445851623,30678.28543,40.0,0.0,62734.57,-0.02007872226199281,20222.99292,40.0,0.0,63311.99,-0.015335155784759191,8034.66333,40.0,0.14289999999999736,63543.91,0.009306202657930251,14247.424,39.7143,0.14290000000000447,60323.08666666667,29489.28319999999,40.0,0.9962565465538179,0.9292717304841105,1.0,62190.548571428575,20238.67394285714,39.97958571428571,0.9663408890978932,1.3540194040070281,1.0005106177402683,63468.09785714286,17709.144765,39.69387857142857,0.9468894141946701,1.547424090414566,1.0077120563570166,0.016539880553454473,0.016649027125279037,0.06970366868807681,0.297448748932899,0
2026-06-27,60097.27,60941.17,59855.16,60029.0,9587.22916,578765263.0698456,1763416,5067.9265,305951190.2586987,40.0,-0.0011359917014532872,-0.0011366374290999936,-0.001135991701453274,0.018143966201075976,0.9988640082985467,1.0151954888470571,0.9971040663679223,-0.6501465455913731,9.168291495977877,-0.7070316095305405,0.5286122210517809,0.0,0.0,60097.27,0.005071913569923314,27403.55723,40.0,0.0,59794.0,-0.021022139071701584,30386.00694,40.0,0.0,61077.99,-0.02640617445851623,30678.28543,40.0,0.0,64020.01,0.011183031839624658,15423.10851,40.0,0.0,64298.01,0.011867384301658568,9522.10324,39.8571,0.14280000000000115,59973.42333333334,22458.93110999999,40.0,1.0009266882491894,0.42687824781345995,1.0,61580.69,20247.977645714283,40.0,0.9748023284571835,0.4734907025161225,1.0,63151.74,17682.46530285714,39.714285714285715,0.9505517979393759,0.5421884898849988,1.0071942446043165,0.01457399612681725,0.015888883699566227,0.05401112319307074,0.22313351113447172,0
2026-06-28,60029.01,60545.01,58905.0,59577.01,8907.13796,533333220.8111167,2299232,4290.64588,257041890.3605781,40.0,-0.0075295273950923836,-0.007558017387369744,-0.007529692726899877,0.027841609371021172,0.9924703072731001,1.016247878166427,0.9887203134229126,-0.07093720079598065,9.094720515459848,0.3038511616090587,0.48170870365636503,0.0,0.0,60029.0,-0.0011359917014532872,9587.22916,40.0,0.0,60097.27,0.005071913569923314,27403.55723,40.0,0.0,59794.0,-0.021022139071701584,30386.00694,40.0,0.0,62734.57,-0.02007872226199281,20222.99292,40.0,0.0,63311.99,-0.015335155784759191,8034.66333,40.0,0.14289999999999736,59901.09333333333,15299.30811666666,40.0,0.9945896925198027,0.582192207129733,1.0,61047.12142857143,20372.616878571425,40.0,0.9759184152476126,0.43721128282586097,1.0,62711.065714285716,17375.615603571427,39.785714285714285,0.95002388049719,0.5126228712247297,1.0053859964093357,0.014365850488707718,0.014175628095378194,7.540071002274882e-08,0.0741249405610249,1
2026-06-29,59577.01,60780.57,58900.01,60260.21,20203.14178,1210648237.7440157,4884336,10334.16227,619595248.5255269,39.1429,0.01146751070589147,0.011402257194722534,0.011467510705891368,0.031928008161628454,1.0114675107058915,1.0086352171690076,0.9774278914726651,1.2681967957303315,9.913642900985614,1.1243336905540633,0.5115126341503109,-0.8571000000000026,-0.021427500000000044,59577.01,-0.0075295273950923836,8907.13796,40.0,0.0,60029.0,-0.0011359917014532872,9587.22916,40.0,0.0,60097.27,0.005071913569923314,27403.55723,40.0,0.0,61077.99,-0.02640617445851623,30678.28543,40.0,0.0,64020.01,0.011183031839624658,15423.10851,40.0,0.0,59955.40666666667,12899.169633333324,39.7143,1.005083833973939,1.5662358395374656,0.9856122353912822,60510.00714285714,21055.47877428571,39.87755714285714,0.995871804439431,0.959519467430651,0.9815771778540668,62277.599285714285,17492.99708642857,39.785714285714285,0.967606502035202,1.1549274078181844,0.9838430879712746,0.014431262851657516,0.01441431056051879,0.3239533498162179,0.2567634589386555,0
2026-06-30,60260.2,60276.54,58201.0,58624.71,19639.82787,1157911191.4893565,3804809,8879.55126,523471695.1315744,38.2857,-0.027140628949019585,-0.027515738535742358,-0.027140467505915977,0.03566158657067749,0.972859532494084,1.0281763440706146,0.9927725015612018,-0.027882490561821904,9.885365733260402,-0.2210181691022075,0.45211960709511045,-0.8571999999999989,-0.02189924609571592,60260.21,0.01146751070589147,20203.14178,39.1429,-0.8571000000000026,59577.01,-0.0075295273950923836,8907.13796,40.0,0.0,60029.0,-0.0011359917014532872,9587.22916,40.0,0.0,59794.0,-0.021022139071701584,30386.00694,40.0,0.0,62734.57,-0.02007872226199281,20222.99292,40.0,0.0,59487.31,16250.035869999992,39.14286666666666,0.9854994283654783,1.2086021241502656,0.978101586836597,59922.88428571429,20972.169481428573,39.63265714285715,0.9783359178853183,0.9364709686993329,0.966013958185998,61774.006428571425,17874.26636214286,39.714285714285715,0.9490190678790937,1.098776725829517,0.964028417266187,0.015575522176912911,0.015408320229968898,0.4182463747601469,0.3396863472462248,1
2026-07-01,58624.71,61334.0,57800.19,60024.0,25093.44662,1491051306.8189511,4166849,12936.11295,769788015.5304813,37.4286,0.023868604211432443,0.023588202184315163,0.023868604211432363,0.061138380340964235,1.0238686042114324,1.0218246034919365,0.9629513194722111,0.27768159609639165,10.130401850441237,0.09515326524932011,0.5155175829728248,-0.8570999999999955,-0.022386948651846428,58624.71,-0.027140628949019585,19639.82787,38.2857,-0.8571999999999989,60260.21,0.01146751070589147,20203.14178,39.1429,-0.8571000000000026,59577.01,-0.0075295273950923836,8907.13796,40.0,0.0,60097.27,0.005071913569923314,27403.55723,40.0,0.0,61077.99,-0.02640617445851623,30678.28543,40.0,0.0,59636.306666666664,21645.472089999992,38.28573333333333,1.006500961494821,1.1592931083075309,0.9776122001929353,59772.31428571429,20174.335365714283,39.26531428571428,1.0042107406630207,1.2438301517801478,0.9532229826979247,61453.62071428571,18306.037257142856,39.57142857142857,0.9767365909824517,1.3707743662659024,0.9458490974729243,0.017911583146876395,0.01727738506755526,0.4581570395149975,0.3922266685992003,1
2026-07-02,60024.0,62200.0,59588.0,61560.0,21382.14163,1308156569.720092,3883096,11394.85517,697154441.649651,36.5714,0.02558976409436231,0.02526782672725091,0.025589764094362255,0.04383432905954219,1.0255897640943623,1.0103963612735543,0.967966211825861,-0.14789937174441448,9.970358116253646,-0.0680977400428957,0.5329145867228081,-0.857200000000006,-0.022902272593685158,60024.0,0.023868604211432443,25093.44662,37.4286,-0.8570999999999955,58624.71,-0.027140628949019585,19639.82787,38.2857,-0.8571999999999989,60260.21,0.01146751070589147,20203.14178,39.1429,-0.8571000000000026,60029.0,-0.0011359917014532872,9587.22916,40.0,0.0,59794.0,-0.021022139071701584,30386.00694,40.0,0.0,60069.57,22038.472039999993,37.42856666666666,1.0248117307981395,0.9702188786587042,0.9770985975952415,60024.6,18888.068892857144,38.77551428571429,1.025579512399916,1.1320448771809613,0.9431570586150464,61353.76285714285,18623.647615714286,39.357142857142854,1.0033614424487274,1.1481178161875307,0.9292188747731397,0.018466876018599424,0.018138344208442785,0.4581659488293202,0.4258204765411666,1
2026-07-03,61560.0,62979.86,61248.86,62583.26,14048.98627,870359931.583285,2571531,7249.98683,449356592.07945985,35.7143,0.016622157244964297,0.01648552123379743,0.016622157244964294,0.02826175050441755,1.0166221572449643,1.0063371578917428,0.9786780043097787,-0.3429570099615882,9.550376697537216,-0.33776270275058873,0.5160505313811514,-0.8570999999999955,-0.02343634643464554,61560.0,0.02558976409436231,21382.14163,36.5714,-0.857200000000006,60024.0,0.023868604211432443,25093.44662,37.4286,-0.8570999999999955,58624.71,-0.027140628949019585,19639.82787,38.2857,-0.8571999999999989,59577.01,-0.0075295273950923836,8907.13796,40.0,0.0,60097.27,0.005071913569923314,27403.55723,40.0,0.0,61389.08666666667,20174.858173333323,36.57143333333334,1.0194525346144585,0.6963610920729859,0.9765627634683901,60379.741428571426,16980.27304142857,38.16327142857143,1.036494336002338,0.8273710461382571,0.9358291012038876,61285.145,18609.473492142857,39.07142857142857,1.0211815603928163,0.7549373321030093,0.9140771480804388,0.01905269897959622,0.018572252750677545,0.41824149665452054,0.44474712064123395,1
2026-07-04,62583.26,63461.99,62328.24,63144.01,9139.8274,574233846.0826051,1643288,4753.53597,298756917.6260528,34.8571,0.008960063761459525,0.008920160569787209,0.008960063761459533,0.01818998900017071,1.0089600637614595,1.0050357904098899,0.9870808014885338,-0.3494315373119088,9.120506185515154,-0.36096901028997896,0.5200903432815372,-0.8571999999999989,-0.02400159039936378,62583.26,0.016622157244964297,14048.98627,35.7143,-0.8570999999999955,61560.0,0.02558976409436231,21382.14163,36.5714,-0.857200000000006,60024.0,0.023868604211432443,25093.44662,37.4286,-0.8570999999999955,60260.21,0.01146751070589147,20203.14178,39.1429,-0.8571000000000026,60029.0,-0.0011359917014532872,9587.22916,40.0,0.0,62429.090000000004,14856.98509999999,35.71426666666667,1.01145171265511,0.6151872226081727,0.975999320532971,60824.74285714286,16916.358504285716,37.42857142857143,1.038130323843774,0.5402952058319436,0.9312965648854962,61202.716428571424,18582.168075,38.714285714285715,1.0317190753076169,0.4918601189651547,0.9003678966789669,0.01880626978684944,0.018433926622177067,0.3239722518982196,0.45089166994075697,1
2026-07-05,63144.01,63999.0,62436.59,63650.0,9172.07758,577866444.607444,1790183,4565.93641,287772291.7213926,34.0,0.008013269983962124,0.0079813342291525,0.008013269983962025,0.025023948296984247,1.0080132699839621,1.0054831107619795,0.9809362136684996,0.0035285327160552438,9.124028122903304,0.08939090408984907,0.4978083068067552,-0.8571000000000026,-0.024588964658563195,63144.01,0.008960063761459525,9139.8274,34.8571,-0.8571999999999989,62583.26,0.016622157244964297,14048.98627,35.7143,-0.8570999999999955,61560.0,0.02558976409436231,21382.14163,36.5714,-0.857200000000006,58624.71,-0.027140628949019585,19639.82787,38.2857,-0.8571999999999989,59577.01,-0.0075295273950923836,8907.13796,40.0,0.0,63125.756666666675,10786.96374999999,34.85713333333334,1.0083047453371778,0.8502927971738116,0.9754101025710662,61406.59857142857,16954.20702142857,36.57142857142857,1.0365335563402343,0.5409912459136148,0.9296875,61226.85999999999,18663.411949999998,38.285714285714285,1.0395764211981475,0.4914469875375601,0.8880597014925373,0.017629805679998427,0.01810358436502709,5.3452278530251024e-05,0.4447495914791443,1
2026-07-06,63650.01,64700.0,61306.84,64042.02,21435.28437,1347956046.4032269,3777895,11556.55192,725800060.888562,33.4286,0.006158994501178183,0.006140105413393971,0.006158836424377541,0.055347168439932704,1.0061588364243776,1.0102741918509128,0.9572908537238519,1.3370151618364314,9.972840296527869,1.1103401160663462,0.5391368605388835,-0.571399999999997,-0.016805882352941115,63650.0,0.008013269983962124,9172.07758,34.0,-0.8571000000000026,63144.01,0.008960063761459525,9139.8274,34.8571,-0.8571999999999989,62583.26,0.016622157244964297,14048.98627,35.7143,-0.8570999999999955,60024.0,0.023868604211432443,25093.44662,37.4286,-0.8570999999999955,60260.21,0.01146751070589147,20203.14178,39.1429,-0.8571000000000026,63612.01,13249.063116666657,34.09523333333333,1.0067598870087582,1.6178717077010139,0.9804479022971931,61946.857142857145,17130.22739142857,35.755100000000006,1.0338219395426493,1.2513134753088886,0.9349323592997921,61228.432142857135,19092.853082857146,37.81632857142858,1.0459523093875447,1.1226862887897069,0.8839726452254373,0.017651541870313165,0.017925150985765484,0.10800335973611774,0.4283091835383443,0
2026-07-07,64042.93,64314.0,62671.39,63363.99,16834.20823,1069267686.8886092,3282102,8128.20476,516256287.15832794,32.8571,-0.010587267547151002,-0.010643711408537317,-0.010601326329073362,0.026209886201662362,0.9893986736709266,1.0149929005417746,0.9890695014628972,-0.21464964311084622,9.731227700393049,-0.13123525137675873,0.48283855402922027,-0.5715000000000003,-0.017096139234069052,64042.02,0.006158994501178183,21435.28437,33.4286,-0.571399999999997,63650.0,0.008013269983962124,9172.07758,34.0,-0.8571000000000026,63144.01,0.008960063761459525,9139.8274,34.8571,-0.8571999999999989,61560.0,0.02558976409436231,21382.14163,36.5714,-0.857200000000006,58624.71,-0.027140628949019585,19639.82787,38.2857,-0.8571999999999989,63685.33666666666,15813.856726666658,33.42856666666667,0.994954149832816,1.0645226222147783,0.9829048408696355,62623.89714285714,16729.424585714285,34.97958571428571,1.011818058136091,1.0062634338526617,0.939322159741335,61273.39071428571,18850.79703357143,37.30612142857143,1.034119203480392,0.893023684888226,0.8807428577883715,0.01233031960132622,0.017267658921667536,0.13940245608276905,0.4068271953398864,0
2026-07-08,63364.0,63761.99,61544.56,62290.0,18620.09796,1160087170.620036,3598487,8338.57026,519456686.0095176,32.2857,-0.016949532376354437,-0.017094819742218065,-0.01694968751972729,0.03602966696000427,0.9830503124802727,1.023631240969658,0.9880327500401348,0.10608694543871633,9.83205051579506,0.09639706505160417,0.44782633678475026,-0.5714000000000041,-0.017390457465814246,63363.99,-0.010587267547151002,16834.20823,32.8571,-0.5715000000000003,64042.02,0.006158994501178183,21435.28437,33.4286,-0.571399999999997,63650.0,0.008013269983962124,9172.07758,34.0,-0.8571000000000026,62583.26,0.016622157244964297,14048.98627,35.7143,-0.8570999999999955,60024.0,0.023868604211432443,25093.44662,37.4286,-0.8570999999999955,63232.00333333333,18963.196853333324,32.85713333333334,0.9851024278265,0.9819071174556195,0.9826085456836363,62947.61142857142,15804.66049142857,34.244885714285715,0.9895530360303245,1.1781396993689512,0.9427889545133329,61359.962857142855,17989.49792857143,36.755100000000006,1.015157068217633,1.03505378715584,0.8784005484953107,0.014768982176631435,0.01627582420677385,0.15272199143106496,0.3794450120871116,1
2026-07-09,62290.01,63500.0,61705.29,63230.0,16742.80672,1050849813.269484,3176050,7922.48357,497503064.9628654,31.7143,0.015090704768020657,0.014977972804467787,0.015090541805981376,0.029085188644279916,1.0150905418059815,1.0042701249406927,0.9758862881543571,-0.10082069621936607,9.725783720819843,-0.11739294875874218,0.47318730380708834,-0.571399999999997,-0.017698237919574256,62290.0,-0.016949532376354437,18620.09796,32.2857,-0.5714000000000041,63363.99,-0.010587267547151002,16834.20823,32.8571,-0.5715000000000003,64042.02,0.006158994501178183,21435.28437,33.4286,-0.571399999999997,63144.01,0.008960063761459525,9139.8274,34.8571,-0.8571999999999989,61560.0,0.02558976409436231,21382.14163,36.5714,-0.857200000000006,62961.329999999994,17399.037636666657,32.2857,1.004267222436375,0.9622834934684136,0.9823017620804257,63186.182857142856,15141.89836142857,33.55101428571429,1.0006934608307676,1.105727057490326,0.9452560727352931,61605.39142857143,17014.983627142858,36.163264285714284,1.0263712076776954,0.9840036926800992,0.8769755890794467,0.012775597577651092,0.01525688297857364,0.15271753571312396,0.34476191474281026,1
2026-07-10,63230.01,64692.83,62926.01,64161.72,17589.00122,1126097961.002051,2927425,8727.5029,558839184.585073,31.1429,0.014735410406452543,0.01462789910845953,0.014735249923256364,0.028077737647754872,1.0147352499232563,1.0082776770946913,0.9807406971010129,0.05054077934192369,9.77508590708919,-0.07828119834385483,0.49619093152806093,-0.5714000000000006,-0.018017109001302267,63230.0,0.015090704768020657,16742.80672,31.7143,-0.571399999999997,62290.0,-0.016949532376354437,18620.09796,32.2857,-0.5714000000000041,63363.99,-0.010587267547151002,16834.20823,32.8571,-0.5715000000000003,63650.0,0.008013269983962124,9172.07758,34.0,-0.8571000000000026,62583.26,0.016622157244964297,14048.98627,35.7143,-0.8570999999999955,63227.24,17650.63529999999,31.714299999999998,1.0147797057091217,0.99650810982424,0.9819828909986978,63411.677142857145,15647.614782857143,32.897957142857145,1.0118281504438547,1.1240691609605418,0.9466514855242857,61895.70928571428,16313.943912142857,35.530614285714286,1.0366101421315923,1.0781575144994882,0.8765089100224636,0.012478943416046788,0.015520213199386299,0.13942197169198303,0.30025847006560796,0
2026-07-11,64161.72,64504.11,63819.0,63819.0,9151.97432,587469874.5668087,1406178,3908.28562,250875418.84110928,30.5714,-0.005341502690389244,-0.00535581952090246,-0.005341502690389241,0.010735204249518177,0.9946584973096108,1.0107352042495181,1.0,-0.47967629284182856,9.121834167743348,-0.5196536205026602,0.4270428962479869,-0.5715000000000003,-0.018350892177671274,64161.72,0.014735410406452543,17589.00122,31.1429,-0.5714000000000006,63230.0,0.015090704768020657,16742.80672,31.7143,-0.571399999999997,62290.0,-0.016949532376354437,18620.09796,32.2857,-0.5714000000000041,64042.02,0.006158994501178183,21435.28437,33.4286,-0.571399999999997,63144.01,0.008960063761459525,9139.8274,34.8571,-0.8571999999999989,63736.90666666667,14494.594086666657,31.142866666666666,1.0012880030994078,0.6314060445762156,0.9816501585167711,63508.10428571428,15649.350057142856,32.285714285714285,1.0048953707213026,0.5848149786784755,0.9469017699115044,62166.42357142857,16282.854280714286,34.857142857142854,1.0265831028010264,0.5620620415942533,0.8770483606557378,0.012630985532644275,0.015683725253361983,0.1079718614137359,0.24054118287587728,0
2026-07-12,63819.01,64290.11,63640.83,63780.0,13914.83703,889938572.3679434,1919605,6757.00737,432156662.9830714,30.0,-0.0006111032764537505,-0.000611290076167485,-0.0006112598738213274,0.01020225537599052,0.9993887401261786,1.0079979617434933,0.9978179680150517,0.5204191514820597,9.540782825223092,0.36512233870818633,0.4855973056265108,-0.5714000000000006,-0.018690671673524895,63819.0,-0.005341502690389244,9151.97432,30.5714,-0.5715000000000003,64161.72,0.014735410406452543,17589.00122,31.1429,-0.5714000000000006,63230.0,0.015090704768020657,16742.80672,31.7143,-0.571399999999997,63363.99,-0.010587267547151002,16834.20823,32.8571,-0.5715000000000003,63650.0,0.008013269983962124,9172.07758,34.0,-0.8571000000000026,63920.24,13551.937523333325,30.571433333333335,0.9978060157471249,1.026778422350446,0.9813082583631996,63526.67571428571,16326.88712142857,31.714285714285715,1.003987683644169,0.8522651578657132,0.9459459459459459,62466.63714285714,16640.547071428573,34.142857142857146,1.0210250289949063,0.8362006952218204,0.8786610878661087,0.01231656805926338,0.015381723744728995,4.8795044922350436e-05,0.14824987148591326,0
2026-07-13,63780.0,64425.0,61824.97,62334.52,21682.50204,1361096729.9510434,3349712,9861.43724,618891429.7354479,29.8571,-0.022663530887425565,-0.02292429614348922,-0.022663530887425575,0.04205469084740355,0.9773364691125744,1.0335364738510862,0.9918255566899369,0.558228960443671,9.98430697571883,0.7450006641991451,0.45481085263165505,-0.14290000000000092,-0.004763333333333342,63780.0,-0.0006111032764537505,13914.83703,30.0,-0.5714000000000006,63819.0,-0.005341502690389244,9151.97432,30.5714,-0.5715000000000003,64161.72,0.014735410406452543,17589.00122,31.1429,-0.5714000000000006,62290.0,-0.016949532376354437,18620.09796,32.2857,-0.5714000000000041,64042.02,0.006158994501178183,21435.28437,33.4286,-0.571399999999997,63311.17333333334,14916.437796666658,30.142833333333332,0.9845737603346685,1.4535978586553244,0.9905206876150772,63282.74714285714,16362.20393142857,31.204071428571428,0.9850160243404641,1.3251577923651339,0.9568334718225873,62614.802142857145,16746.21566142857,33.47958571428572,0.9955237079210492,1.2947702620324626,0.8918001630844552,0.014650169495725007,0.016905613986009742,0.16197038236019853,0.20668921831343412,1
2026-07-14,62334.52,65100.0,62272.2,65043.98,20552.41384,1310854500.6805303,3080945,10847.48978,692544328.0713369,29.7143,0.043466445237727136,0.0425482910408419,0.04346644523772713,0.04541031150336752,1.0434664452377271,1.0008612634097729,0.9573860640139179,-0.052119824451772434,9.930782329728357,-0.0802358531121482,0.5277963875410169,-0.1427999999999976,-0.0047827819848544895,62334.52,-0.022663530887425565,21682.50204,29.8571,-0.14290000000000092,63780.0,-0.0006111032764537505,13914.83703,30.0,-0.5714000000000006,63819.0,-0.005341502690389244,9151.97432,30.5714,-0.5715000000000003,63230.0,0.015090704768020657,16742.80672,31.7143,-0.571399999999997,63363.99,-0.010587267547151002,16834.20823,32.8571,-0.5715000000000003,63719.5,18716.584303333326,29.857133333333334,1.0207861015858568,1.0980857140872506,0.9952161069269879,63522.74571428572,16893.376161428572,30.7551,1.0239478673128604,1.2165959985503576,0.9661584582719615,63073.32142857143,16811.40037357143,32.86734285714286,1.0312439320903732,1.2225283666618088,0.9040676068385727,0.022561749138651437,0.017870181873610638,0.20912075231220761,0.24054314090688286,0
2026-07-15,65043.99,65600.0,64485.0,64756.28,18401.89741,1195648323.7685184,2668919,9009.48362,585447811.8448781,29.5714,-0.004423161067327097,-0.004432972185701085,-0.00442331412940687,0.017290842831666278,0.9955766858705931,1.0130291610327216,0.995810753798705,-0.10463571076087286,9.820263399135087,-0.13373364341135596,0.48959536178611923,-0.14290000000000092,-0.004809132303301822,65043.98,0.043466445237727136,20552.41384,29.7143,-0.1427999999999976,62334.52,-0.022663530887425565,21682.50204,29.8571,-0.14290000000000092,63780.0,-0.0006111032764537505,13914.83703,30.0,-0.5714000000000006,64161.72,0.014735410406452543,17589.00122,31.1429,-0.5714000000000006,62290.0,-0.016949532376354437,18620.09796,32.2857,-0.5714000000000041,64044.926666666666,20212.27109666666,29.714266666666663,1.0111070988813164,0.9104319510653497,0.9951919840974258,63875.07142857143,16862.204654285713,30.367342857142855,1.0137958134796605,1.0913102875502676,0.9737895126061173,63411.34142857143,16333.432572857142,32.30611428571429,1.0212097479903268,1.1266399348646547,0.9153499470246234,0.021074564511130114,0.017484032075333642,0.22907406995077823,0.2595982589385804,0
2026-07-16,64756.28,64997.52,63748.74,63830.2,18764.52679,1206498386.3771937,2813481,9007.30607,579112000.2267197,29.4286,-0.01430100679038393,-0.014404251707617149,-0.01430100679038391,0.019589093055015657,0.9856989932096161,1.0182878950716119,0.9987238015860831,0.019706086384490895,9.839776784183341,0.054165000886126524,0.4800177574848399,-0.14280000000000115,-0.004828990172937364,64756.28,-0.004423161067327097,18401.89741,29.5714,-0.14290000000000092,65043.98,0.043466445237727136,20552.41384,29.7143,-0.1427999999999976,62334.52,-0.022663530887425565,21682.50204,29.8571,-0.14290000000000092,63819.0,-0.005341502690389244,9151.97432,30.5714,-0.5715000000000003,63230.0,0.015090704768020657,16742.80672,31.7143,-0.571399999999997,64543.486666666664,19239.612679999995,29.57143333333333,0.9889487428785739,0.9753068890781852,0.9951698880563787,63960.81428571429,17151.021807142857,30.040814285714287,0.9979579014561817,1.0940763180759976,0.9796205828546591,63573.49857142858,16146.460084285714,31.795914285714286,1.0040378685197417,1.1621449340628092,0.9255465886452616,0.021818320795598443,0.017219960283495307,0.2290874339219792,0.2670515507710389,1
2026-07-17,63830.2,64387.99,62537.56,63931.67,18189.89389,1152546029.3402517,3239296,8618.43801,545926712.6785715,29.2857,0.0015896863866946553,0.0015884241727964104,0.0015896863866947178,0.029589098135584444,1.0015896863866947,1.0071376205251639,0.9781937496705467,-0.030623362178588742,9.80867641214092,0.1513480986720721,0.4738036440519335,-0.14290000000000092,-0.0048558205283296685,63830.2,-0.01430100679038393,18764.52679,29.4286,-0.14280000000000115,64756.28,-0.004423161067327097,18401.89741,29.5714,-0.14290000000000092,65043.98,0.043466445237727136,20552.41384,29.7143,-0.1427999999999976,63780.0,-0.0006111032764537505,13914.83703,30.0,-0.5714000000000006,64161.72,0.014735410406452543,17589.00122,31.1429,-0.5714000000000006,64172.71666666667,18452.10602999999,29.42856666666667,0.9962437827290569,0.9857895819819331,0.9951453066578165,63927.95,17236.86361714286,29.775499999999997,1.000058190509785,1.0552902369030355,0.9835502342529933,63669.813571428575,16442.2392,31.336728571428573,1.0041127249144157,1.1062905525665871,0.934548733549085,0.021046525819487037,0.016749078310241285,0.20913051290659707,0.26388374146766874,1
2026-07-18,63931.67,64865.0,63886.65,64834.22,8031.18012,515954648.6863699,1088701,4100.21428,263412780.44647872,29.1429,0.014117416297744212,0.014018693630676971,0.014117416297744184,0.015313840998080171,1.0141174162977442,1.0004747492913464,0.9853847243014568,-0.5584812001341477,8.991211266978873,-0.6639081454735845,0.5105369595421302,-0.1427999999999976,-0.004876099939560841,63931.67,0.0015896863866946553,18189.89389,29.2857,-0.14290000000000092,63830.2,-0.01430100679038393,18764.52679,29.4286,-0.14280000000000115,64756.28,-0.004423161067327097,18401.89741,29.5714,-0.14290000000000092,62334.52,-0.022663530887425565,21682.50204,29.8571,-0.14290000000000092,63819.0,-0.005341502690389244,9151.97432,30.5714,-0.5715000000000003,64198.69666666666,14995.200266666658,29.285733333333337,1.00989931830911,0.5355833851617697,0.995122767399826,64072.98142857143,17076.75016,29.571428571428573,1.0118808045833985,0.4702990934898119,0.9855086956521739,63790.54285714286,16363.05010857143,30.928571428571434,1.0163610011157052,0.49081192483747516,0.9422646651270207,0.021552702048271217,0.016977322131215642,0.1619766826252806,0.24968902417045813,0
2026-07-19,64834.21,64967.25,64280.0,64722.54,8379.91474,541559101.9129945,1464337,4281.97001,276728781.2650717,29.0,-0.0017225471363733202,-0.0017240324265918403,-0.0017223931624985984,0.01069150591163659,0.9982776068375014,1.0037809084748528,0.993162505674221,0.04342258731460258,9.033712345036781,0.34503137225004843,0.5109801403540294,-0.14290000000000092,-0.0049034241616311425,64834.22,0.014117416297744212,8031.18012,29.1429,-0.1427999999999976,63931.67,0.0015896863866946553,18189.89389,29.2857,-0.14290000000000092,63830.2,-0.01430100679038393,18764.52679,29.4286,-0.14280000000000115,65043.98,0.043466445237727136,20552.41384,29.7143,-0.1427999999999976,63780.0,-0.0006111032764537505,13914.83703,30.0,-0.5714000000000006,64496.14333333333,11533.662916666659,29.142866666666663,1.0035102357283068,0.7265614402420802,0.9950977140203551,64207.63,16286.046975714287,29.428571428571427,1.0080194518938015,0.5145456569354189,0.9854368932038835,63867.15285714286,16306.467048571429,30.571428571428573,1.0133932249143853,0.513901307686029,0.9485981308411214,0.02158311444751099,0.016912263687992115,5.345229748338031e-05,0.22237480043412894,1
2026-07-20,64722.55,65799.0,63100.0,65255.51,21323.48702,1379182710.2630444,3606847,10104.82668,654547128.9054285,28.4286,0.008234689182470278,0.008200969119188339,0.008234533404508925,0.04277337559429477,1.0082345334045089,1.0083286453511742,0.9669681533406145,1.5445947460797198,9.96761131673643,1.4631263158685468,0.47388246915349025,-0.5714000000000006,-0.019703448275862123,64722.54,-0.0017225471363733202,8379.91474,29.0,-0.14290000000000092,64834.22,0.014117416297744212,8031.18012,29.1429,-0.1427999999999976,63931.67,0.0015896863866946553,18189.89389,29.2857,-0.14290000000000092,64756.28,-0.004423161067327097,18401.89741,29.5714,-0.14290000000000092,62334.52,-0.022663530887425565,21682.50204,29.8571,-0.14290000000000092,64937.42333333333,12578.193959999991,28.857166666666668,1.0048983567616148,1.6952741457009632,0.9851486921215411,64624.91428571429,16234.759115714287,29.224500000000003,1.0097577802811124,1.3134464680390685,0.9727660011291894,63953.830714285716,16298.481523571429,30.214285714285715,1.0203534216977486,1.3083112674736745,0.9408992907801418,0.018578508614165892,0.0169669055706433,0.1619766826252806,0.2223748004341292,1
2026-07-21,65255.51,66956.15,65148.75,66556.16,18618.28087,1232802690.07422,3005241,9545.80868,632017323.4732311,27.8571,0.01993165021620391,0.019735615458979755,0.019931650216203987,0.0277426658224447,1.019931650216204,1.0060098118641458,0.978853798055657,-0.1268650923492345,9.831952928710368,-0.16679554192345836,0.5127116056875771,-0.5715000000000003,-0.020102994871361912,65255.51,0.008234689182470278,21323.48702,28.4286,-0.5714000000000006,64722.54,-0.0017225471363733202,8379.91474,29.0,-0.14290000000000092,64834.22,0.014117416297744212,8031.18012,29.1429,-0.1427999999999976,63830.2,-0.01430100679038393,18764.52679,29.4286,-0.14280000000000115,65043.98,0.043466445237727136,20552.41384,29.7143,-0.1427999999999976,65511.40333333333,16107.227543333325,28.428566666666665,1.0159477070175214,1.1558960609397972,0.979898154086793,64840.939999999995,15958.454405714283,28.959185714285713,1.0264527318697108,1.1666719343029426,0.9619434840068017,64181.84285714286,16425.91528357143,29.857142857142858,1.036993595651997,1.1334699192453093,0.933012918660287,0.011658744935426645,0.01725615600540196,0.20913051290659707,0.2223748004341292,0
2026-07-22,66556.15,66739.89,65553.67,66114.49,18074.86602,1193958918.306832,3381825,8854.46937,585011981.671543,27.2857,-0.006636049916341258,-0.00665816639392062,-0.006635900664326121,0.01809540182876109,0.9933640993356739,1.0094593484726266,0.9915174419404883,-0.029187165764354317,9.80233295846564,0.12530908502845528,0.48987745525761855,-0.5714000000000006,-0.020511826428450952,66556.16,0.01993165021620391,18618.28087,27.8571,-0.5715000000000003,65255.51,0.008234689182470278,21323.48702,28.4286,-0.5714000000000006,64722.54,-0.0017225471363733202,8379.91474,29.0,-0.14290000000000092,63931.67,0.0015896863866946553,18189.89389,29.2857,-0.14290000000000092,64756.28,-0.004423161067327097,18401.89741,29.5714,-0.14290000000000092,65975.38666666666,19338.87796999999,27.857133333333334,1.0021084125514286,0.9346388165869383,0.9794870015340176,65034.97000000001,15911.735635714285,28.632657142857145,1.0165990697005012,1.1359455959933444,0.9529573124793567,64455.02071428572,16386.970145,29.5,1.0257461601489561,1.1030023158683189,0.9249389830508474,0.011931351505687145,0.016513070213765125,0.2290874339219792,0.22237480043412894,0
2026-07-23,66114.5,66313.14,64650.0,65098.97,14698.22673,959991207.4603939,2557299,7036.32429,459602971.04271406,26.7143,-0.015360021683597735,-0.015479208870313692,-0.015360170613103009,0.025725290023201848,0.984639829386897,1.0186511399489115,0.9931032702975178,-0.18681407022678453,9.595550167981859,-0.2438109600585483,0.4787192645245036,-0.571399999999997,-0.020941372220613652,66114.49,-0.006636049916341258,18074.86602,27.2857,-0.5714000000000006,66556.16,0.01993165021620391,18618.28087,27.8571,-0.5715000000000003,65255.51,0.008234689182470278,21323.48702,28.4286,-0.5714000000000006,64834.22,0.014117416297744212,8031.18012,29.1429,-0.1427999999999976,63830.2,-0.01430100679038393,18764.52679,29.4286,-0.14280000000000115,65923.20666666667,17130.457873333326,27.285700000000002,0.9874970179949782,0.8580171550977902,0.9790586277793862,65216.22285714286,15330.835627142858,28.244899999999998,0.9982020906454564,0.9587361763880085,0.9458096859964101,64588.51857142857,16240.928717142857,29.142857142857142,1.007903129532332,0.9050114673852068,0.9166671568627451,0.012191615554339069,0.016993701537480758,0.22907406995077823,0.22237480043412894,0
2026-07-24,65098.98,65808.59,63739.75,64139.99,16821.2718,1086879409.1640515,2467691,8133.22286,525535644.02044624,26.1429,-0.014731108648877278,-0.014840688920713862,-0.014731259998236611,0.03245761083154541,0.9852687400017633,1.0260149713150875,0.993759899245385,0.14444225885199669,9.730458989804765,-0.03504009503777228,0.48350820061061023,-0.5714000000000006,-0.021389293374709406,65098.97,-0.015360021683597735,14698.22673,26.7143,-0.571399999999997,66114.49,-0.006636049916341258,18074.86602,27.2857,-0.5714000000000006,66556.16,0.01993165021620391,18618.28087,27.8571,-0.5715000000000003,64722.54,-0.0017225471363733202,8379.91474,29.0,-0.14290000000000092,63931.67,0.0015896863866946553,18189.89389,29.2857,-0.14290000000000092,65117.81666666667,16531.45484999999,26.714299999999998,0.9849837307710715,1.017531242871828,0.9786107066252907,65245.98285714286,15135.318185714286,27.795928571428572,0.9830488742952275,1.1113920165799374,0.9405298309361855,64586.96642857143,16186.090901428572,28.785714285714285,0.993079463964827,1.0392423904227157,0.9081900744416874,0.013917748961231402,0.017147849502611112,0.20912075231220725,0.22237480043412894,1
2026-07-25,64140.0,64475.28,63810.0,64375.0,8863.0503,568282056.0835841,1005338,4621.49495,296311657.9259438,25.5714,0.0036640167857837636,0.003657320627852729,0.0036638603055815402,0.010425952045133973,1.0036638603055816,1.0015577475728155,0.9912233009708737,-0.4731046257750855,9.089759083609954,-0.5925997217641917,0.5214339074663719,-0.5715000000000003,-0.021860619900623157,64139.99,-0.014731108648877278,16821.2718,26.1429,-0.5714000000000006,65098.97,-0.015360021683597735,14698.22673,26.7143,-0.571399999999997,66114.49,-0.006636049916341258,18074.86602,27.2857,-0.5714000000000006,65255.51,0.008234689182470278,21323.48702,28.4286,-0.5714000000000006,64834.22,0.014117416297744212,8031.18012,29.1429,-0.1427999999999976,64537.986666666664,13460.84960999999,26.142866666666666,0.997474562268134,0.6584317154405833,0.978140627271174,65180.38,15254.156782857142,27.285714285714285,0.9876438277898963,0.5810252527337619,0.9371717277486912,64626.680714285714,16165.453471428571,28.428571428571427,0.9961056221439193,0.5482710593714484,0.8994964824120604,0.012729143210596823,0.017096424087107803,0.1619703823601983,0.22237480043412894,1
2026-07-26,64375.01,65577.0,64293.81,65399.99,7933.06089,513834097.46235937,1138023,4091.47971,265047345.63367552,25.0,0.015922174757281526,0.015796746574042307,0.015922016944152646,0.019958219928170415,1.0159220169441527,1.002706575337397,0.9830859301354633,-0.10492882004742776,8.978920275609989,0.1319804881542328,0.5157504482484818,-0.5714000000000006,-0.022345276363437305,64375.0,0.0036640167857837636,8863.0503,25.5714,-0.5715000000000003,64139.99,-0.014731108648877278,16821.2718,26.1429,-0.5714000000000006,65098.97,-0.015360021683597735,14698.22673,26.7143,-0.571399999999997,66556.16,0.01993165021620391,18618.28087,27.8571,-0.5715000000000003,64722.54,-0.0017225471363733202,8379.91474,29.0,-0.14290000000000092,64638.32666666666,11205.79432999999,25.571433333333335,1.0117834630413804,0.7079427532202447,0.9776534492265457,65277.15857142857,15190.320518571429,26.714285714285715,1.0018816907975097,0.5222444701085256,0.9358288770053476,64742.39428571429,15738.183747142857,28.071428571428573,1.0101571114497816,0.5040645742517896,0.8905852417302799,0.014210494720560213,0.01755962778213954,4.8795045017148276e-05,0.22237480043412894,0
2026-07-27,65400.0,65744.6,63605.56,63755.86,14791.90543,961311197.9853868,2921636,6694.82928,435156822.3178757,25.0,-0.025139606290459637,-0.025461004175308038,-0.025139755351681947,0.03362976444197659,0.974860244648318,1.0311930542541503,0.9976425696398731,0.8645899275330031,9.601902981983272,1.5672908192540924,0.45260087090754203,0.0,0.0,65399.99,0.015922174757281526,7933.06089,25.0,-0.5714000000000006,64375.0,0.0036640167857837636,8863.0503,25.5714,-0.5715000000000003,64139.99,-0.014731108648877278,16821.2718,26.1429,-0.5714000000000006,66114.49,-0.006636049916341258,18074.86602,27.2857,-0.5714000000000006,65255.51,0.008234689182470278,21323.48702,28.4286,-0.5714000000000006,64510.28333333333,10529.338873333325,25.19046666666667,0.9883053787031887,1.4048275592556034,0.9924389385402413,65062.92285714286,14257.237434285713,26.224485714285713,0.979910787899696,1.0375015144538817,0.9533075413708236,64843.91857142857,15245.998275,27.724492857142856,0.9832203451703798,0.970215604330442,0.9017297495329685,0.01694024065382769,0.017836727546660467,0.21598150383772272,0.23583723072405527,1
2026-07-28,63755.86,64100.0,62742.47,63915.0,13889.82996,881901504.4936239,2679943,7070.0283,449032421.8585752,25.0,0.0024960842815076045,0.002492974237350568,0.0024960842815076045,0.02163654060798051,1.0024960842815076,1.0028944692169288,0.9816548541031057,-0.060984399492608254,9.538984186303102,-0.08272522655115144,0.5090075487144409,0.0,0.0,63755.86,-0.025139606290459637,14791.90543,25.0,0.0,65399.99,0.015922174757281526,7933.06089,25.0,-0.5714000000000006,64375.0,0.0036640167857837636,8863.0503,25.5714,-0.5715000000000003,65098.97,-0.015360021683597735,14698.22673,26.7143,-0.571399999999997,66556.16,0.01993165021620391,18618.28087,27.8571,-0.5715000000000003,64356.950000000004,12204.932093333327,25.0,0.993132831807598,1.138050572816133,1.0,64685.61428571429,13581.744447142859,25.816328571428567,0.9880867748691307,1.0226837954473478,0.9683793700885875,64763.27714285714,14770.099426428571,27.387757142857144,0.9869018805057381,0.9404019268243056,0.9128166234860936,0.014000170048261089,0.013234543660071868,0.2788244122331244,0.24811381261625853,1
2026-07-29,63915.0,64744.81,63267.34,63984.28,16780.11912,1075624907.649938,3615294,8931.61763,572491996.7819498,25.0,0.001083939607290807,0.0010833525689258074,0.0010839396072909152,0.02335280730942697,1.0010839396072908,1.011886200798071,0.9887950602866828,0.20808672016313157,9.728009671480228,0.34901899032927197,0.5322737917488634,0.0,0.0,63915.0,0.0024960842815076045,13889.82996,25.0,0.0,63755.86,-0.025139606290459637,14791.90543,25.0,0.0,65399.99,0.015922174757281526,7933.06089,25.0,-0.5714000000000006,64139.99,-0.014731108648877278,16821.2718,26.1429,-0.5714000000000006,66114.49,-0.006636049916341258,18074.86602,27.2857,-0.5714000000000006,63885.04666666667,15153.951503333325,25.0,1.0015533108060655,1.1073098073666776,1.0,64381.29857142857,13396.780604285712,25.4898,0.9938333245796822,1.252548624602536,0.9807844706510055,64708.13428571429,14654.25812,27.061228571428575,0.9888135503564643,1.1450678009484931,0.923830931548879,0.014215047457859054,0.013212186414736432,0.30543951236585337,0.25938478820400257,1
2026-07-30,63984.29,65176.6,63603.92,64780.02,17131.58486,1104856756.9244137,3246691,8996.1922,580226535.0264105,25.0,0.01243649221339993,0.012359794291489201,0.012436333981356922,0.024726148954341186,1.012436333981357,1.0061219493294384,0.9818447107611267,0.02094536620905707,9.748737476606912,-0.10195657669887981,0.5251231729882112,0.0,0.0,63984.28,0.001083939607290807,16780.11912,25.0,0.0,63915.0,0.0024960842815076045,13889.82996,25.0,0.0,63755.86,-0.025139606290459637,14791.90543,25.0,0.0,64375.0,0.0036640167857837636,8863.0503,25.5714,-0.5715000000000003,65098.97,-0.015360021683597735,14698.22673,26.7143,-0.571399999999997,64226.43333333333,15933.844646666657,25.0,1.008619296416377,1.075169567665134,1.0,64335.73428571429,13744.403194285713,25.244899999999998,1.0069057378332333,1.2464407961433,0.9902990306953089,64775.97857142857,14537.619410714286,26.7449,1.0000623908532231,1.178431239393566,0.9347576547304346,0.014579754601231665,0.013037914347570791,0.3054439664925005,0.26976546060652523,0
2026-07-31,64780.03,65409.56,62466.0,62887.88,20475.60686,1302023180.8966825,2740238,9659.56143,614195527.41951,25.0,-0.029208697373047987,-0.02964376414494413,-0.0292088472327043,0.04712259469151214,0.9707911527672957,1.0400980284277352,0.9932915531577786,0.19519630129538412,9.927038384762824,-0.1559905146501469,0.47175946950175035,0.0,0.0,64780.02,0.01243649221339993,17131.58486,25.0,0.0,63984.28,0.001083939607290807,16780.11912,25.0,0.0,63915.0,0.0024960842815076045,13889.82996,25.0,0.0,65399.99,0.015922174757281526,7933.06089,25.0,-0.5714000000000006,64139.99,-0.014731108648877278,16821.2718,26.1429,-0.5714000000000006,63884.06,18129.103613333325,25.0,0.9844064387892691,1.129432943664181,1.0,64156.861428571436,14266.451060000001,25.08162857142857,0.9802206435864347,1.4352277783652243,0.9967454836038216,64701.42214285715,14700.884622857144,26.43877857142857,0.97197059843827,1.3928146084599722,0.9455807473275862,0.01762555224083819,0.01534876609960319,0.27883904983752006,0.27936493138920804,0
2026-08-01,62887.88,63150.0,62275.0,62823.64,7563.08904,475812069.762356,831983,3772.23898,237336841.66406608,25.0,-0.0010215004862621502,-0.001022022573455697,-0.0010215004862621855,0.014050582095543959,0.9989784995137378,1.005194859769348,0.9912669816648637,-0.6306293097092606,8.931167201258509,-0.6963829419196435,0.4987696112063756,0.0,0.0,62887.88,-0.029208697373047987,20475.60686,25.0,0.0,64780.02,0.01243649221339993,17131.58486,25.0,0.0,63984.28,0.001083939607290807,16780.11912,25.0,0.0,63755.86,-0.025139606290459637,14791.90543,25.0,0.0,64375.0,0.0036640167857837636,8863.0503,25.5714,-0.5715000000000003,63497.17999999999,15056.760253333325,25.0,0.9893925997973454,0.5023052046223326,1.0,63935.23857142858,14080.742308571429,25.0,0.9826136791499308,0.5371228926898328,1.0,64557.80928571429,14667.449545714286,26.142857142857142,0.9731377302776902,0.5156376380520685,0.9562841530054645,0.01743247739755624,0.014717133712932748,0.21596889987748508,0.2882522697984234,1
2026-08-02,62823.65,63796.33,62806.58,63570.0,8387.01154,531238376.4212737,1286064,4566.33112,289282425.1367377,25.0,0.01188024125950049,0.011810225186317268,0.011880080192729944,0.015758699168144485,1.01188008019273,1.003560327198364,0.9879908761994651,0.10893994446480826,9.034558767795781,0.5457815844794907,0.5444527050215553,0.0,0.0,62823.64,-0.0010215004862621502,7563.08904,25.0,0.0,62887.88,-0.029208697373047987,20475.60686,25.0,0.0,64780.02,0.01243649221339993,17131.58486,25.0,0.0,63915.0,0.0024960842815076045,13889.82996,25.0,0.0,65399.99,0.015922174757281526,7933.06089,25.0,-0.5714000000000006,63093.840000000004,12141.90247999999,25.0,1.0075468540193464,0.6907493742282146,1.0,63673.81142857143,14145.59240142857,25.0,0.998369636963104,0.592906348634292,1.0,64475.485,14667.956460000001,25.857142857142858,0.9859561351108875,0.5717914123123868,0.9668508287292817,0.016741062589992195,0.015188746358860944,0.0,0.29649972851754197,0
